-- generated by scripts/build_curriculum_seed.py
begin;

insert into public.curriculum_providers (id, code, name) values ('c8fda270-e69d-5a11-a282-f1e1053adb48', 'illustrative_math', 'Illustrative Mathematics') on conflict (code) do update set name = excluded.name;
insert into public.curriculum_providers (id, code, name) values ('b19f4543-4cef-5f39-ad48-c7ec2be99be0', 'math_medic', 'Math Medic') on conflict (code) do update set name = excluded.name;

insert into public.curriculum_libraries (id, provider_id, class_code, class_name) values ('64d57898-02a0-553d-8da5-740f9d08f2b1', 'c8fda270-e69d-5a11-a282-f1e1053adb48', 'A1', 'Algebra I') on conflict (provider_id, class_code) do update set class_name = excluded.class_name;
insert into public.curriculum_libraries (id, provider_id, class_code, class_name) values ('bd790921-d355-59f7-bd5e-07d81adfac48', 'c8fda270-e69d-5a11-a282-f1e1053adb48', 'A2', 'Algebra II') on conflict (provider_id, class_code) do update set class_name = excluded.class_name;
insert into public.curriculum_libraries (id, provider_id, class_code, class_name) values ('93d549d5-f6a7-5859-b16f-3cbf33972974', 'c8fda270-e69d-5a11-a282-f1e1053adb48', 'GEO', 'Geometry') on conflict (provider_id, class_code) do update set class_name = excluded.class_name;
insert into public.curriculum_libraries (id, provider_id, class_code, class_name) values ('ee1aa8ee-fb37-5488-95c2-42ff926265cb', 'b19f4543-4cef-5f39-ad48-c7ec2be99be0', 'A1', 'Algebra I') on conflict (provider_id, class_code) do update set class_name = excluded.class_name;
insert into public.curriculum_libraries (id, provider_id, class_code, class_name) values ('23d72045-7343-560e-a028-5105320ad19d', 'b19f4543-4cef-5f39-ad48-c7ec2be99be0', 'A2', 'Algebra II') on conflict (provider_id, class_code) do update set class_name = excluded.class_name;
insert into public.curriculum_libraries (id, provider_id, class_code, class_name) values ('ebcdd3cd-bf22-5699-a207-1b3d8351b4c7', 'b19f4543-4cef-5f39-ad48-c7ec2be99be0', 'APC', 'AP Calculus') on conflict (provider_id, class_code) do update set class_name = excluded.class_name;
insert into public.curriculum_libraries (id, provider_id, class_code, class_name) values ('b2429d1b-0327-5182-b112-d953d3213527', 'b19f4543-4cef-5f39-ad48-c7ec2be99be0', 'APPC', 'AP Precalculus') on conflict (provider_id, class_code) do update set class_name = excluded.class_name;
insert into public.curriculum_libraries (id, provider_id, class_code, class_name) values ('3db67302-f293-5cab-95c6-32c38c3d1ae5', 'b19f4543-4cef-5f39-ad48-c7ec2be99be0', 'APS', 'AP Statistics') on conflict (provider_id, class_code) do update set class_name = excluded.class_name;
insert into public.curriculum_libraries (id, provider_id, class_code, class_name) values ('42512171-9c1e-537b-b13c-9799aca71579', 'b19f4543-4cef-5f39-ad48-c7ec2be99be0', 'GEO', 'Geometry') on conflict (provider_id, class_code) do update set class_name = excluded.class_name;

insert into public.standards (id, code) values ('4167b819-73af-51a6-a8a8-414bcdd1d682', 'A-APR.B.2') on conflict (code) do nothing;
insert into public.standards (id, code) values ('60f40352-d7b3-5c87-80a0-e2065efc9c0c', 'A-APR.B.3') on conflict (code) do nothing;
insert into public.standards (id, code) values ('06186930-1451-5bee-afd3-4ebd2a221caf', 'A-APR.C.5(+)') on conflict (code) do nothing;
insert into public.standards (id, code) values ('f0c3f195-6864-5de7-815b-07b74373e8e1', 'A-APR.D.6') on conflict (code) do nothing;
insert into public.standards (id, code) values ('9c35764e-da41-5bde-bd62-312178826f62', 'A-CED.A.2') on conflict (code) do nothing;
insert into public.standards (id, code) values ('05d8d418-aa41-59df-b27d-5470446f2434', 'A-SSE.A.2') on conflict (code) do nothing;
insert into public.standards (id, code) values ('d8d27f2c-f30a-59c8-b50e-b63bcd03d97a', 'F-BF.A.1') on conflict (code) do nothing;
insert into public.standards (id, code) values ('2e7f4d37-0725-5d28-9a1f-9813858e0e33', 'F-BF.A.1.C(+)') on conflict (code) do nothing;
insert into public.standards (id, code) values ('409edd5b-2444-5ecf-8468-3428799d937f', 'F-BF.A.2') on conflict (code) do nothing;
insert into public.standards (id, code) values ('9c5bca10-1c6a-5f28-8029-a0a64c48da81', 'F-BF.B.3') on conflict (code) do nothing;
insert into public.standards (id, code) values ('ccfe1343-b0c1-5043-b07b-e9e9fac5dcec', 'F-BF.B.4') on conflict (code) do nothing;
insert into public.standards (id, code) values ('7e0fbdb8-6c4a-5933-a460-5afbb17f58de', 'F-BF.B.4.C') on conflict (code) do nothing;
insert into public.standards (id, code) values ('2fc09afa-03f2-53fd-bf6a-e7d5ee89ad51', 'F-BF.B.5(+)') on conflict (code) do nothing;
insert into public.standards (id, code) values ('d7f75b33-9b75-5671-a69d-716e99bd3ade', 'F-IF.A.1') on conflict (code) do nothing;
insert into public.standards (id, code) values ('ae6c82b5-befc-572c-a874-856620095f54', 'F-IF.A.2') on conflict (code) do nothing;
insert into public.standards (id, code) values ('e370acc1-96a1-5afa-bc13-c9ae8b04229a', 'F-IF.A.3') on conflict (code) do nothing;
insert into public.standards (id, code) values ('a7b1cc61-ab4f-5977-be96-2562eb7aa7bb', 'F-IF.B.4') on conflict (code) do nothing;
insert into public.standards (id, code) values ('cecaafca-f4d7-5ac9-803b-86d851d970d8', 'F-IF.B.6') on conflict (code) do nothing;
insert into public.standards (id, code) values ('18b326c9-edf0-5cc3-bfb2-83ac12d2ec40', 'F-IF.C.7') on conflict (code) do nothing;
insert into public.standards (id, code) values ('21378457-1ca0-5c07-b802-253b11c1b53b', 'F-IF.C.7.A') on conflict (code) do nothing;
insert into public.standards (id, code) values ('8841c685-e01d-50f1-a0cd-109290a5fba4', 'F-IF.C.7.B') on conflict (code) do nothing;
insert into public.standards (id, code) values ('e8acff5d-8e5e-544b-9890-7ed9278600c3', 'F-IF.C.7.C') on conflict (code) do nothing;
insert into public.standards (id, code) values ('8d76e06d-e9ae-5bd9-a898-00d6b1850cac', 'F-IF.C.7.D') on conflict (code) do nothing;
insert into public.standards (id, code) values ('f8577b94-277b-530a-b360-947caeba5508', 'F-IF.C.7.E') on conflict (code) do nothing;
insert into public.standards (id, code) values ('aaef51ac-b03b-503f-b287-6dd891753fb0', 'F-LE.A.1') on conflict (code) do nothing;
insert into public.standards (id, code) values ('80bf2dee-5eb8-50d1-9bc9-9df4b44133af', 'F-LE.A.2') on conflict (code) do nothing;
insert into public.standards (id, code) values ('8997cf5d-6ec3-5c72-a257-b512a6cdb2fa', 'F-LE.A.4') on conflict (code) do nothing;
insert into public.standards (id, code) values ('1cfe1541-188e-5aa9-a190-8b7a74ce60c4', 'F-TF.A.1') on conflict (code) do nothing;
insert into public.standards (id, code) values ('703aa032-5ed8-58bd-adb5-4c7dfb64bb66', 'F-TF.A.2') on conflict (code) do nothing;
insert into public.standards (id, code) values ('22c55a8b-f497-5ef4-8ad8-6ec4f717f383', 'F-TF.B.5') on conflict (code) do nothing;
insert into public.standards (id, code) values ('97e49e09-66c7-5a12-90b0-3b5979aa36ca', 'F-TF.B.6(+)') on conflict (code) do nothing;
insert into public.standards (id, code) values ('9542930f-ea64-5c49-b04b-65b771754247', 'F-TF.B.7(+)') on conflict (code) do nothing;
insert into public.standards (id, code) values ('69eedc49-9a41-52f2-a18e-0b237d8e1dee', 'F-TF.C.8') on conflict (code) do nothing;
insert into public.standards (id, code) values ('9971fa84-a7ca-55fa-8635-6f9be3827246', 'F-TF.C.9(+)') on conflict (code) do nothing;
insert into public.standards (id, code) values ('59f5124c-4c6f-5ceb-9d62-1524051f1ae9', 'G-MG.A.1') on conflict (code) do nothing;
insert into public.standards (id, code) values ('d1f6f553-4a94-598d-9047-09d39a2bb468', 'G-MG.A.2') on conflict (code) do nothing;
insert into public.standards (id, code) values ('dbc6fa1e-04cb-5534-8a68-8f74929ae3be', 'G-MG.A.3') on conflict (code) do nothing;
insert into public.standards (id, code) values ('be5d8614-2109-5339-8df5-4f70b6e114d2', 'HSA-APR.A') on conflict (code) do nothing;
insert into public.standards (id, code) values ('145ade4c-32aa-5e59-acb0-aa0dea64c013', 'HSA-APR.A.1') on conflict (code) do nothing;
insert into public.standards (id, code) values ('cb13913d-02a0-526f-8ef2-0c37cbe5b576', 'HSA-APR.B') on conflict (code) do nothing;
insert into public.standards (id, code) values ('bbd8e132-2172-55c9-8309-3984c3bae62d', 'HSA-APR.B.2') on conflict (code) do nothing;
insert into public.standards (id, code) values ('917fcc7d-28be-52f4-9e77-b860370ceebc', 'HSA-APR.B.3') on conflict (code) do nothing;
insert into public.standards (id, code) values ('02f02f43-a56e-57c5-9141-7ea6d40f5700', 'HSA-APR.C') on conflict (code) do nothing;
insert into public.standards (id, code) values ('3a888bf3-4a47-566f-864f-0791925da8cf', 'HSA-APR.C.4') on conflict (code) do nothing;
insert into public.standards (id, code) values ('6b5ce490-9a11-5bfe-8c31-63f8c5755900', 'HSA-APR.D') on conflict (code) do nothing;
insert into public.standards (id, code) values ('2d4e1c8d-66cc-5203-b27f-c39436eeb455', 'HSA-APR.D.6') on conflict (code) do nothing;
insert into public.standards (id, code) values ('d2f1c1b5-428d-5c6b-9a9a-cde9770e63c2', 'HSA-CED.A') on conflict (code) do nothing;
insert into public.standards (id, code) values ('6addac54-a167-58ed-a09d-dd3d3e36c69b', 'HSA-CED.A.1') on conflict (code) do nothing;
insert into public.standards (id, code) values ('580c167e-beaa-5ddc-958d-8d39c7edd32f', 'HSA-CED.A.2') on conflict (code) do nothing;
insert into public.standards (id, code) values ('3f5b2e0e-527b-5299-a7a4-6a9b514c610c', 'HSA-CED.A.3') on conflict (code) do nothing;
insert into public.standards (id, code) values ('ad9ee57e-8506-55f2-9952-977c3b9d1f59', 'HSA-CED.A.4') on conflict (code) do nothing;
insert into public.standards (id, code) values ('e7afbadc-98a4-562b-ae47-1e96c2084ad2', 'HSA-REI.A') on conflict (code) do nothing;
insert into public.standards (id, code) values ('d697ada1-4280-5815-a8cb-e522ee0f188b', 'HSA-REI.A.1') on conflict (code) do nothing;
insert into public.standards (id, code) values ('b8aef6cc-cc06-50bf-bde9-5e24a2cb9c5d', 'HSA-REI.A.2') on conflict (code) do nothing;
insert into public.standards (id, code) values ('e9a83826-07a1-51ac-8d89-1b343d46bbc8', 'HSA-REI.B.3') on conflict (code) do nothing;
insert into public.standards (id, code) values ('24863cb1-94fd-522d-a8a6-0c62f6525c29', 'HSA-REI.B.4') on conflict (code) do nothing;
insert into public.standards (id, code) values ('d7354a51-95af-5986-89b7-be89e96e634f', 'HSA-REI.B.4.A') on conflict (code) do nothing;
insert into public.standards (id, code) values ('ce105238-22be-5e37-bbe3-beb7c9453384', 'HSA-REI.B.4.B') on conflict (code) do nothing;
insert into public.standards (id, code) values ('9a64a091-255f-548a-95e9-ae0667787912', 'HSA-REI.C.5') on conflict (code) do nothing;
insert into public.standards (id, code) values ('fa2aedcd-e63d-5c5d-86e0-f5fd03e32b42', 'HSA-REI.C.6') on conflict (code) do nothing;
insert into public.standards (id, code) values ('6f729ade-7c4d-5e79-b415-87f138c22c0b', 'HSA-REI.C.7') on conflict (code) do nothing;
insert into public.standards (id, code) values ('4409521f-7239-5106-9fbc-f0b4043d8b95', 'HSA-REI.D') on conflict (code) do nothing;
insert into public.standards (id, code) values ('f5aea4e2-4414-56c3-85a2-fd07de6be86c', 'HSA-REI.D.10') on conflict (code) do nothing;
insert into public.standards (id, code) values ('1ece07a9-cbad-5c57-afb2-eac346b507d1', 'HSA-REI.D.11') on conflict (code) do nothing;
insert into public.standards (id, code) values ('8e4fc3e5-68d4-550e-b709-6f4d5eb859b3', 'HSA-REI.D.12') on conflict (code) do nothing;
insert into public.standards (id, code) values ('3e509005-3f25-5af2-991e-2eddd46350b1', 'HSA-SSE.A') on conflict (code) do nothing;
insert into public.standards (id, code) values ('46f95a08-75f9-577c-bce7-206a3a3e0fdd', 'HSA-SSE.A.1') on conflict (code) do nothing;
insert into public.standards (id, code) values ('db6788d3-39e1-5317-82ef-d77c11817c69', 'HSA-SSE.A.1.A') on conflict (code) do nothing;
insert into public.standards (id, code) values ('dbd89e06-36d2-55c5-b5ff-1761adb8e1bb', 'HSA-SSE.A.1.B') on conflict (code) do nothing;
insert into public.standards (id, code) values ('23a11633-3171-5f6e-9f5a-35e5793fde71', 'HSA-SSE.A.2') on conflict (code) do nothing;
insert into public.standards (id, code) values ('ad5e4718-1372-50ed-8acf-80132cb48de4', 'HSA-SSE.B.3') on conflict (code) do nothing;
insert into public.standards (id, code) values ('014ae85d-0221-52f5-b6e9-f38167711cb3', 'HSA-SSE.B.3.A') on conflict (code) do nothing;
insert into public.standards (id, code) values ('feea7e4d-357d-5af0-8a7a-cf5677264152', 'HSA-SSE.B.3.B') on conflict (code) do nothing;
insert into public.standards (id, code) values ('ab2b4b37-2d21-59b0-81a9-c8bdcb0f089c', 'HSA-SSE.B.3.C') on conflict (code) do nothing;
insert into public.standards (id, code) values ('2be4aa66-95af-5441-a060-e98f189ae51f', 'HSA-SSE.B.4') on conflict (code) do nothing;
insert into public.standards (id, code) values ('1cc0b7ec-63c1-51ca-ae35-62dd4f6b6e08', 'HSF-BF.A') on conflict (code) do nothing;
insert into public.standards (id, code) values ('b34b6c37-5991-510b-afdb-1343274bbbe0', 'HSF-BF.A.1') on conflict (code) do nothing;
insert into public.standards (id, code) values ('1de220d0-93dd-5f4c-9d36-72ea0dae0d95', 'HSF-BF.A.1.A') on conflict (code) do nothing;
insert into public.standards (id, code) values ('c0a1a3bc-e876-5eb2-a76d-33659494e003', 'HSF-BF.A.1.B') on conflict (code) do nothing;
insert into public.standards (id, code) values ('0c106e2e-b367-5a59-9b13-3c78223c6804', 'HSF-BF.A.1.C') on conflict (code) do nothing;
insert into public.standards (id, code) values ('5b321759-3cf0-5f3b-9248-5a876f9491e8', 'HSF-BF.A.2') on conflict (code) do nothing;
insert into public.standards (id, code) values ('444d2808-cd0e-5ecd-89da-9fcb58c9e9f8', 'HSF-BF.B.3') on conflict (code) do nothing;
insert into public.standards (id, code) values ('0cd36bd9-3f6a-569b-aa03-d8c52715a207', 'HSF-BF.B.4') on conflict (code) do nothing;
insert into public.standards (id, code) values ('59fb2926-8262-5939-b780-6833298c8a8f', 'HSF-BF.B.4.A') on conflict (code) do nothing;
insert into public.standards (id, code) values ('dbe0a5bc-17fb-5ecf-bfb8-71c7ddccc2b5', 'HSF-BF.B.4.C') on conflict (code) do nothing;
insert into public.standards (id, code) values ('70ae07af-6dc9-5ad6-aa1b-5aa60a7b308f', 'HSF-IF.A.1') on conflict (code) do nothing;
insert into public.standards (id, code) values ('9a18c506-7d8e-58b5-99c6-2fbdd63483ef', 'HSF-IF.A.2') on conflict (code) do nothing;
insert into public.standards (id, code) values ('8d30376e-7e30-5f6c-b555-7cff4baf59ca', 'HSF-IF.A.3') on conflict (code) do nothing;
insert into public.standards (id, code) values ('103e6ce2-ea69-56c4-a5d7-f6bff6e106e1', 'HSF-IF.B') on conflict (code) do nothing;
insert into public.standards (id, code) values ('a337895a-3a09-57c4-a135-672808d0cd90', 'HSF-IF.B.4') on conflict (code) do nothing;
insert into public.standards (id, code) values ('47e44c8b-18f0-5d17-b6a7-8fe08bdb482f', 'HSF-IF.B.5') on conflict (code) do nothing;
insert into public.standards (id, code) values ('be47d1be-bf17-5b3e-8cee-7a987f335b5d', 'HSF-IF.B.6') on conflict (code) do nothing;
insert into public.standards (id, code) values ('2cfdce83-4c79-56f6-8bb0-d3adbac4ca9f', 'HSF-IF.C') on conflict (code) do nothing;
insert into public.standards (id, code) values ('c69e1aff-08d3-5a37-9431-f7cf90e4f062', 'HSF-IF.C.7') on conflict (code) do nothing;
insert into public.standards (id, code) values ('694cf6ef-214e-58cf-a9db-30fb47f11b88', 'HSF-IF.C.7.A') on conflict (code) do nothing;
insert into public.standards (id, code) values ('a755be9f-2332-552e-ada0-60951c433616', 'HSF-IF.C.7.B') on conflict (code) do nothing;
insert into public.standards (id, code) values ('aeea1a16-44cc-563d-9cec-4c71abed7bc5', 'HSF-IF.C.7.C') on conflict (code) do nothing;
insert into public.standards (id, code) values ('c7030408-836b-5545-9e64-9a13bfdb9a7c', 'HSF-IF.C.7.D') on conflict (code) do nothing;
insert into public.standards (id, code) values ('0bda9c71-9a20-5f57-a64a-f8f5e0b3a3a5', 'HSF-IF.C.7.E') on conflict (code) do nothing;
insert into public.standards (id, code) values ('4c01ef0c-e303-534b-8bae-daff8d1cce25', 'HSF-IF.C.8') on conflict (code) do nothing;
insert into public.standards (id, code) values ('30abceb2-cb6d-55bf-a521-9f118ca70853', 'HSF-IF.C.8.A') on conflict (code) do nothing;
insert into public.standards (id, code) values ('36e67746-399d-56ec-b3f4-08a9388f2b74', 'HSF-IF.C.8.B') on conflict (code) do nothing;
insert into public.standards (id, code) values ('a383cbb0-9f2b-5ec3-8488-5238cc2b320a', 'HSF-IF.C.9') on conflict (code) do nothing;
insert into public.standards (id, code) values ('2b210dd4-962f-5dea-9ac9-676db86b9f69', 'HSF-LE.A') on conflict (code) do nothing;
insert into public.standards (id, code) values ('66228d02-f086-5471-9815-b707378d4887', 'HSF-LE.A.1') on conflict (code) do nothing;
insert into public.standards (id, code) values ('928eb4af-c727-523d-8770-381670d6bd8e', 'HSF-LE.A.1.A') on conflict (code) do nothing;
insert into public.standards (id, code) values ('a705af5c-9c8f-5f3d-aa6f-38d3061f3f07', 'HSF-LE.A.1.B') on conflict (code) do nothing;
insert into public.standards (id, code) values ('10830859-993a-5e79-9003-69e65e0dad48', 'HSF-LE.A.1.C') on conflict (code) do nothing;
insert into public.standards (id, code) values ('9dc1a600-6e34-51a8-b001-ec4f4464320b', 'HSF-LE.A.2') on conflict (code) do nothing;
insert into public.standards (id, code) values ('7e507fcb-24f0-5889-9aa3-ac8252ca0223', 'HSF-LE.A.3') on conflict (code) do nothing;
insert into public.standards (id, code) values ('e4f0fce2-60f7-5c38-8f46-31ca464dd819', 'HSF-LE.A.4') on conflict (code) do nothing;
insert into public.standards (id, code) values ('7eeb63f2-d5a9-52b4-8007-1235d36c27a3', 'HSF-LE.B') on conflict (code) do nothing;
insert into public.standards (id, code) values ('899f9ab6-f971-5edc-8f58-cddb5ef1efda', 'HSF-LE.B.5') on conflict (code) do nothing;
insert into public.standards (id, code) values ('63f1c537-fe3e-582e-96c7-c2d532de73c2', 'HSF-TF.A') on conflict (code) do nothing;
insert into public.standards (id, code) values ('82dd275a-c3f3-5346-9455-a0ae0dfe7fb1', 'HSF-TF.A.1') on conflict (code) do nothing;
insert into public.standards (id, code) values ('af69eb85-c130-54e9-b4a5-320a71fd08d3', 'HSF-TF.A.2') on conflict (code) do nothing;
insert into public.standards (id, code) values ('d5a70f86-7b09-5443-869e-6255544f7842', 'HSF-TF.B') on conflict (code) do nothing;
insert into public.standards (id, code) values ('b858fd71-587e-5663-9cfc-56b94d9bfdc3', 'HSF-TF.B.5') on conflict (code) do nothing;
insert into public.standards (id, code) values ('64eca81b-52f6-50cf-a4d9-928fe7537278', 'HSF-TF.C') on conflict (code) do nothing;
insert into public.standards (id, code) values ('e1581ecc-e1af-5bce-80be-22b1ff7a0a1e', 'HSF-TF.C.8') on conflict (code) do nothing;
insert into public.standards (id, code) values ('ff678ccd-b74b-5db3-a1f0-245f717b226e', 'HSG-C.A.1') on conflict (code) do nothing;
insert into public.standards (id, code) values ('46eb9d40-c906-59a8-aef2-22b1c290395a', 'HSG-C.A.2') on conflict (code) do nothing;
insert into public.standards (id, code) values ('26645ddd-54e4-5396-a1e2-93d760f40bb1', 'HSG-C.A.3') on conflict (code) do nothing;
insert into public.standards (id, code) values ('066bd9de-0047-5ede-8371-14d332e1ce37', 'HSG-C.A.4') on conflict (code) do nothing;
insert into public.standards (id, code) values ('2bd0def9-aed6-5bbc-bd0e-2b39ec813ead', 'HSG-C.B') on conflict (code) do nothing;
insert into public.standards (id, code) values ('847d47c0-e235-59c4-8323-30b1e893bfe2', 'HSG-C.B.5') on conflict (code) do nothing;
insert into public.standards (id, code) values ('e461c168-56d7-5ab0-95c2-744140392dac', 'HSG-CO.A.1') on conflict (code) do nothing;
insert into public.standards (id, code) values ('e3d03512-ff75-56e9-9d1e-f5852423564f', 'HSG-CO.A.2') on conflict (code) do nothing;
insert into public.standards (id, code) values ('1e74e00a-be95-57eb-a541-44d72cf2b202', 'HSG-CO.A.3') on conflict (code) do nothing;
insert into public.standards (id, code) values ('d0ca1901-0356-5d2e-b609-8fe13e5ed5fe', 'HSG-CO.A.4') on conflict (code) do nothing;
insert into public.standards (id, code) values ('bbec79f4-7e12-531d-9fab-22403d788d6d', 'HSG-CO.A.5') on conflict (code) do nothing;
insert into public.standards (id, code) values ('098cd8a2-5cb4-54ab-a673-f4288ede9a6d', 'HSG-CO.B') on conflict (code) do nothing;
insert into public.standards (id, code) values ('3bdffdf8-cfed-5d8b-92a1-99d41cce9758', 'HSG-CO.B.6') on conflict (code) do nothing;
insert into public.standards (id, code) values ('f3e617c8-8305-565d-952d-f49edae660d7', 'HSG-CO.B.7') on conflict (code) do nothing;
insert into public.standards (id, code) values ('f772716f-0600-5e3a-825c-b1732534a76d', 'HSG-CO.B.8') on conflict (code) do nothing;
insert into public.standards (id, code) values ('4dd85c6c-f6eb-51f5-92fe-751f681433e6', 'HSG-CO.C') on conflict (code) do nothing;
insert into public.standards (id, code) values ('c261b7b3-2e90-59fd-bb40-444103884763', 'HSG-CO.C.10') on conflict (code) do nothing;
insert into public.standards (id, code) values ('67b2d63f-09c5-58f7-be59-a8874ee14e2e', 'HSG-CO.C.11') on conflict (code) do nothing;
insert into public.standards (id, code) values ('6e6d26ae-d597-53d9-8eff-bee24f0f439c', 'HSG-CO.C.9') on conflict (code) do nothing;
insert into public.standards (id, code) values ('42f4b3fe-9675-5b5e-8947-6b7b027c8c5c', 'HSG-CO.D.12') on conflict (code) do nothing;
insert into public.standards (id, code) values ('c013c8a2-e952-527f-ba07-f8a6e42578ee', 'HSG-CO.D.13') on conflict (code) do nothing;
insert into public.standards (id, code) values ('441b201b-3e0e-580d-a414-f1a795b5def5', 'HSG-GMD') on conflict (code) do nothing;
insert into public.standards (id, code) values ('be670cbf-525e-5111-a482-0cd7e46fe227', 'HSG-GMD.A.1') on conflict (code) do nothing;
insert into public.standards (id, code) values ('a8090119-8ac6-507b-8dcb-a255d478253c', 'HSG-GMD.A.2') on conflict (code) do nothing;
insert into public.standards (id, code) values ('c748c02b-bbdb-5b7e-b966-4bb6c01c90ba', 'HSG-GMD.A.3') on conflict (code) do nothing;
insert into public.standards (id, code) values ('3002d85f-e21b-5650-9e0f-e304a93664d1', 'HSG-GMD.B.4') on conflict (code) do nothing;
insert into public.standards (id, code) values ('e28bef7f-9f6b-5e38-9041-82c530acbd3c', 'HSG-GPE.A.1') on conflict (code) do nothing;
insert into public.standards (id, code) values ('c77d3118-e402-50f1-a043-67d9dcbcccd2', 'HSG-GPE.A.2') on conflict (code) do nothing;
insert into public.standards (id, code) values ('89a258bf-86d5-5fc2-b983-802ac1b6b9d1', 'HSG-GPE.B.4') on conflict (code) do nothing;
insert into public.standards (id, code) values ('7fdc7825-9185-5651-b622-1bb1e703cf41', 'HSG-GPE.B.5') on conflict (code) do nothing;
insert into public.standards (id, code) values ('6d1ce99f-fd60-5832-9600-9e349d54d917', 'HSG-GPE.B.6') on conflict (code) do nothing;
insert into public.standards (id, code) values ('7c58a550-fbad-5955-ba14-d0231db4e93b', 'HSG-GPE.B.7') on conflict (code) do nothing;
insert into public.standards (id, code) values ('a1c88926-09ab-5121-a9f6-d5200abd7f34', 'HSG-MG.A.1') on conflict (code) do nothing;
insert into public.standards (id, code) values ('f7992d34-8468-5464-8ec5-121ea2b22f37', 'HSG-MG.A.2') on conflict (code) do nothing;
insert into public.standards (id, code) values ('6dac2afd-7729-5fea-aa1f-5403fe738a35', 'HSG-MG.A.3') on conflict (code) do nothing;
insert into public.standards (id, code) values ('4e8a5aab-4235-5b6f-8175-5517e1bbc3fa', 'HSG-SRT.A.1') on conflict (code) do nothing;
insert into public.standards (id, code) values ('6452ff85-647a-58bb-af0c-17cd7ff3bb44', 'HSG-SRT.A.1.A') on conflict (code) do nothing;
insert into public.standards (id, code) values ('2763f48b-0f92-5241-963f-8223ad9b3477', 'HSG-SRT.A.1.B') on conflict (code) do nothing;
insert into public.standards (id, code) values ('ca328fcb-f6c4-5426-8d73-ce3a3392fa3e', 'HSG-SRT.A.2') on conflict (code) do nothing;
insert into public.standards (id, code) values ('9d2d81a8-f520-571a-a39e-8fb88ee2bcdf', 'HSG-SRT.A.3') on conflict (code) do nothing;
insert into public.standards (id, code) values ('8e236966-b7ed-5d71-932f-35fe5cb24bd1', 'HSG-SRT.B.4') on conflict (code) do nothing;
insert into public.standards (id, code) values ('2582659a-3cad-515b-9e1d-2548485a9c69', 'HSG-SRT.B.5') on conflict (code) do nothing;
insert into public.standards (id, code) values ('9e65bcd9-a601-598c-a135-0551166f4b73', 'HSG-SRT.C') on conflict (code) do nothing;
insert into public.standards (id, code) values ('7164a2e1-47ef-5221-ab70-3d2db5ee9f51', 'HSG-SRT.C.6') on conflict (code) do nothing;
insert into public.standards (id, code) values ('039ca64e-79fb-51ed-ac3f-50e304c5f899', 'HSG-SRT.C.7') on conflict (code) do nothing;
insert into public.standards (id, code) values ('51ab23e0-0dff-519c-9e5f-7a55f0aa354c', 'HSG-SRT.C.8') on conflict (code) do nothing;
insert into public.standards (id, code) values ('7be787cc-d15d-5b11-bc9c-914750c97799', 'HSN-CN.A.1') on conflict (code) do nothing;
insert into public.standards (id, code) values ('8b5bc332-20b1-5d79-8c47-14ba6369c65b', 'HSN-CN.A.2') on conflict (code) do nothing;
insert into public.standards (id, code) values ('f5bd7059-9abe-59fc-bc1a-a53268ddbd05', 'HSN-CN.C.7') on conflict (code) do nothing;
insert into public.standards (id, code) values ('a98cb4cd-f15c-59e9-865d-68092c24edbe', 'HSN-Q.A.1') on conflict (code) do nothing;
insert into public.standards (id, code) values ('12d1dfda-5ddb-5b64-8f8b-6575308031a5', 'HSN-Q.A.2') on conflict (code) do nothing;
insert into public.standards (id, code) values ('6760207f-af31-5c84-8699-0c07781b1206', 'HSN-Q.A.3') on conflict (code) do nothing;
insert into public.standards (id, code) values ('c96e7cf5-665e-5da7-9fd5-e891f4c5696f', 'HSN-RN.A.1') on conflict (code) do nothing;
insert into public.standards (id, code) values ('cba21089-efd0-52c8-b971-aa184977b055', 'HSN-RN.A.2') on conflict (code) do nothing;
insert into public.standards (id, code) values ('3c99f3a7-c1dd-51d8-b508-d3f614890371', 'HSN-RN.B') on conflict (code) do nothing;
insert into public.standards (id, code) values ('57553475-e8c0-5d07-a6a2-49ce76a57534', 'HSN-RN.B.3') on conflict (code) do nothing;
insert into public.standards (id, code) values ('54d9e7c4-1927-58af-a452-144dba81d49f', 'HSS-CP.A.1') on conflict (code) do nothing;
insert into public.standards (id, code) values ('f8cbe9f8-8f83-575e-8210-f0c87efa151a', 'HSS-CP.A.2') on conflict (code) do nothing;
insert into public.standards (id, code) values ('22351271-9563-5904-9d73-bae5f8c484f9', 'HSS-CP.A.3') on conflict (code) do nothing;
insert into public.standards (id, code) values ('ebd14688-cea6-56ee-9a98-ea0356884cba', 'HSS-CP.A.4') on conflict (code) do nothing;
insert into public.standards (id, code) values ('0cb9ea0e-9524-583c-8491-cc0467bb6621', 'HSS-CP.A.5') on conflict (code) do nothing;
insert into public.standards (id, code) values ('93155b8f-6e11-533c-9c78-9745f4831cae', 'HSS-CP.B.6') on conflict (code) do nothing;
insert into public.standards (id, code) values ('bcf4c42d-90a7-5701-a43f-f2740caf6f43', 'HSS-CP.B.7') on conflict (code) do nothing;
insert into public.standards (id, code) values ('be0ec2db-d454-57c8-80a7-521c316650fb', 'HSS-IC.A.1') on conflict (code) do nothing;
insert into public.standards (id, code) values ('04ba4e0d-28cc-51c2-9991-079c714d70c7', 'HSS-IC.A.2') on conflict (code) do nothing;
insert into public.standards (id, code) values ('27c67686-4af5-58d3-9f0c-3c7206ca42e1', 'HSS-IC.B.3') on conflict (code) do nothing;
insert into public.standards (id, code) values ('0830820e-87de-564f-ac81-b048e336b97d', 'HSS-IC.B.4') on conflict (code) do nothing;
insert into public.standards (id, code) values ('701d6d06-aa67-5737-8dcc-16e0ca782415', 'HSS-IC.B.5') on conflict (code) do nothing;
insert into public.standards (id, code) values ('639da55b-232c-572d-838f-521b9b6e3469', 'HSS-IC.B.6') on conflict (code) do nothing;
insert into public.standards (id, code) values ('95265fc2-c387-5799-a768-8ae61ceae802', 'HSS-ID.A') on conflict (code) do nothing;
insert into public.standards (id, code) values ('e0a6c451-efe8-557a-a91e-45636fbda265', 'HSS-ID.A.1') on conflict (code) do nothing;
insert into public.standards (id, code) values ('e07ec716-e0b1-516c-b141-975763676ccd', 'HSS-ID.A.2') on conflict (code) do nothing;
insert into public.standards (id, code) values ('cf4045d2-2f10-55f1-ba4a-42776bbaa163', 'HSS-ID.A.3') on conflict (code) do nothing;
insert into public.standards (id, code) values ('82d9da7f-e5cf-5f59-bff6-73eee43c33d4', 'HSS-ID.A.4') on conflict (code) do nothing;
insert into public.standards (id, code) values ('71232dba-b380-5d99-b944-b1cd1804e87a', 'HSS-ID.B.5') on conflict (code) do nothing;
insert into public.standards (id, code) values ('1ca34aa4-8c72-5335-96e2-c493ff22aad5', 'HSS-ID.B.6') on conflict (code) do nothing;
insert into public.standards (id, code) values ('20b7116d-a4af-55ca-b177-522b4f13c6f1', 'HSS-ID.B.6.A') on conflict (code) do nothing;
insert into public.standards (id, code) values ('87b67370-5f09-54c1-a613-cff26763880b', 'HSS-ID.B.6.B') on conflict (code) do nothing;
insert into public.standards (id, code) values ('55e05700-63b1-5f53-83fe-1bf86263e2d4', 'HSS-ID.B.6.C') on conflict (code) do nothing;
insert into public.standards (id, code) values ('548fece5-018a-5117-a12c-ea1275875d8e', 'HSS-ID.C.7') on conflict (code) do nothing;
insert into public.standards (id, code) values ('6c48ff43-66d7-5654-9818-f2410f962fb6', 'HSS-ID.C.8') on conflict (code) do nothing;
insert into public.standards (id, code) values ('c1d6a614-d616-5053-9cae-82901be6ebe7', 'HSS-ID.C.9') on conflict (code) do nothing;
insert into public.standards (id, code) values ('ad5f1788-2a15-5c08-8e2f-cd79eb694daa', 'N-CN.B.4') on conflict (code) do nothing;
insert into public.standards (id, code) values ('f42b1433-df02-55c4-aca4-f16eacfc4483', 'N-CN.B.4(+)') on conflict (code) do nothing;
insert into public.standards (id, code) values ('bb697840-28a1-5082-b15f-ffe76b9145f6', 'N-CN.B.5(+)') on conflict (code) do nothing;
insert into public.standards (id, code) values ('be766f46-b51e-529e-9345-ea7f4450ba97', 'S-CP.A.1') on conflict (code) do nothing;
insert into public.standards (id, code) values ('54cddaf7-893c-58cd-a720-868f3bad22bc', 'S-CP.A.4') on conflict (code) do nothing;
insert into public.standards (id, code) values ('aaebb542-543d-5141-bb9e-d236b9a37ecc', 'S-CP.B.7') on conflict (code) do nothing;
insert into public.standards (id, code) values ('6f2b0b9c-3aaa-54ea-808e-00c099adeda7', 'S-CP.B.9(+)') on conflict (code) do nothing;
insert into public.standards (id, code) values ('36065305-9942-535f-8d55-c018305d5570', 'S-IC.A.1') on conflict (code) do nothing;
insert into public.standards (id, code) values ('a05a20a6-2a1b-57a1-b591-a6afe2c0be3b', 'S-IC.A.2') on conflict (code) do nothing;
insert into public.standards (id, code) values ('5c77b2c2-9f0c-5a2a-a672-1685921b75f6', 'S-IC.B.3') on conflict (code) do nothing;
insert into public.standards (id, code) values ('f5b15b08-3bae-565a-803b-95d5da2a5c17', 'S-IC.B.4') on conflict (code) do nothing;
insert into public.standards (id, code) values ('bb7f7238-5cb7-5e0f-a262-bbcee2656aa3', 'S-IC.B.5') on conflict (code) do nothing;
insert into public.standards (id, code) values ('c3da5051-4fbb-579b-9da6-99742e9cab29', 'S-ID.A.1') on conflict (code) do nothing;
insert into public.standards (id, code) values ('171d2935-46d9-59ee-b786-3abdc27e66b9', 'S-ID.A.2') on conflict (code) do nothing;
insert into public.standards (id, code) values ('946e68bd-013a-5282-b410-4220b284b900', 'S-ID.A.3') on conflict (code) do nothing;
insert into public.standards (id, code) values ('b791d354-7755-5a43-aef5-348d611f43ca', 'S-ID.A.4') on conflict (code) do nothing;
insert into public.standards (id, code) values ('9a52b07b-7136-57ac-95f1-507c977f0565', 'S-ID.B.5') on conflict (code) do nothing;
insert into public.standards (id, code) values ('0a8f03c6-75e2-5c3c-907c-cce81d7eb5d5', 'S-ID.B.6') on conflict (code) do nothing;
insert into public.standards (id, code) values ('cf9a5b3f-8666-55fe-82c9-5920c95d48b6', 'S-ID.B.6.A') on conflict (code) do nothing;
insert into public.standards (id, code) values ('c6ff0b76-0fae-597e-a426-851df398e066', 'S-ID.B.6.B') on conflict (code) do nothing;
insert into public.standards (id, code) values ('3921dc22-4b38-53a2-aa3a-4009e452bb06', 'S-ID.B.6.C') on conflict (code) do nothing;
insert into public.standards (id, code) values ('4e7c5093-6246-577f-a09a-f74094bee59b', 'S-ID.C.8') on conflict (code) do nothing;
insert into public.standards (id, code) values ('3f9e2bb7-83e7-53ca-83ce-a4445a279ddf', 'S-MD.A.1(+)') on conflict (code) do nothing;
insert into public.standards (id, code) values ('e40c75d9-8c06-5998-88b6-d0070d0df063', 'S-MD.A.2(+)') on conflict (code) do nothing;
insert into public.standards (id, code) values ('20f91126-b6b1-5aa0-ae1f-8efb82e62df1', 'S-MD.A.3(+)') on conflict (code) do nothing;
insert into public.standards (id, code) values ('9b4ca4db-da6b-50fc-915a-cf993264c76d', 'S-MD.A.4(+)') on conflict (code) do nothing;
insert into public.standards (id, code) values ('17e798db-7bf1-506b-b291-090794bf7660', 'TOPIC1.1') on conflict (code) do nothing;
insert into public.standards (id, code) values ('b9fd4555-e12f-52cd-8640-a4409623f591', 'TOPIC1.10') on conflict (code) do nothing;
insert into public.standards (id, code) values ('4347b2ec-2ac0-5ea0-9f3c-1acf24e0644d', 'TOPIC1.11') on conflict (code) do nothing;
insert into public.standards (id, code) values ('a5069634-7428-5aa5-8696-b2e9bbbec1a8', 'TOPIC1.12') on conflict (code) do nothing;
insert into public.standards (id, code) values ('d8581930-8fdf-5180-9927-c0da928e39a6', 'TOPIC1.13') on conflict (code) do nothing;
insert into public.standards (id, code) values ('667e8bfa-5fa9-5681-8eda-a2b5b7f84fe6', 'TOPIC1.14') on conflict (code) do nothing;
insert into public.standards (id, code) values ('074d7e0e-8a94-5551-b888-9a3742e587de', 'TOPIC1.15') on conflict (code) do nothing;
insert into public.standards (id, code) values ('80490330-3c6b-5328-b491-1bba982c4fe0', 'TOPIC1.16') on conflict (code) do nothing;
insert into public.standards (id, code) values ('8840f43d-f324-581c-a3c0-aef3911ab433', 'TOPIC1.2') on conflict (code) do nothing;
insert into public.standards (id, code) values ('03906234-d966-52a8-81e7-2b813274578d', 'TOPIC1.3') on conflict (code) do nothing;
insert into public.standards (id, code) values ('fb62922a-9e6a-5e31-90af-15127e8cd57d', 'TOPIC1.4') on conflict (code) do nothing;
insert into public.standards (id, code) values ('10b2c35a-52e9-5728-b618-82e774299bfc', 'TOPIC1.5') on conflict (code) do nothing;
insert into public.standards (id, code) values ('46b52422-ba01-5b4a-93e3-1074059bc2d4', 'TOPIC1.6') on conflict (code) do nothing;
insert into public.standards (id, code) values ('c6af98c0-2092-5fa3-b37b-e1832654007d', 'TOPIC1.7') on conflict (code) do nothing;
insert into public.standards (id, code) values ('663d1677-6c62-52e2-b165-142d7f2d8a23', 'TOPIC1.8') on conflict (code) do nothing;
insert into public.standards (id, code) values ('7c6e84ac-211f-550e-889b-088a89e3bc90', 'TOPIC1.9') on conflict (code) do nothing;
insert into public.standards (id, code) values ('a349e6d2-b109-5e61-984c-0f47be35e1c7', 'TOPIC2.1') on conflict (code) do nothing;
insert into public.standards (id, code) values ('b09abd5c-18e1-53f1-a751-02373160e25b', 'TOPIC2.10') on conflict (code) do nothing;
insert into public.standards (id, code) values ('bbe90e51-c80d-515a-a9e4-79327e28b54f', 'TOPIC2.11') on conflict (code) do nothing;
insert into public.standards (id, code) values ('be99b5fc-09ad-5a46-a780-75241e2948bb', 'TOPIC2.12') on conflict (code) do nothing;
insert into public.standards (id, code) values ('074d9ccb-567a-50c5-a37d-57b8022d23b4', 'TOPIC2.13') on conflict (code) do nothing;
insert into public.standards (id, code) values ('ef8db4ba-ebfc-52b3-8e19-2749e93142f4', 'TOPIC2.14') on conflict (code) do nothing;
insert into public.standards (id, code) values ('7ec781d5-18ed-5ef5-b44f-9d67ce3cb046', 'TOPIC2.15') on conflict (code) do nothing;
insert into public.standards (id, code) values ('beb25ac0-8f04-5733-a323-a2ab10d3691d', 'TOPIC2.2') on conflict (code) do nothing;
insert into public.standards (id, code) values ('55b421d7-dd76-536a-bc1d-d49015ef1a1c', 'TOPIC2.3') on conflict (code) do nothing;
insert into public.standards (id, code) values ('f276dc1c-0985-51e2-a28d-5bd759a11087', 'TOPIC2.4') on conflict (code) do nothing;
insert into public.standards (id, code) values ('10e09fd8-9b98-5f26-9a4b-f419107720e8', 'TOPIC2.5') on conflict (code) do nothing;
insert into public.standards (id, code) values ('92c41c8d-8230-52dc-83d9-8cd0d66d8507', 'TOPIC2.6') on conflict (code) do nothing;
insert into public.standards (id, code) values ('926fcfdc-26c9-5c38-8afe-fe14bb8f4c24', 'TOPIC2.7') on conflict (code) do nothing;
insert into public.standards (id, code) values ('a2389bc0-e7d1-5e83-8a69-1fb66c8a8040', 'TOPIC2.8') on conflict (code) do nothing;
insert into public.standards (id, code) values ('4310e182-8765-58b8-94a6-c5030176ff23', 'TOPIC2.9') on conflict (code) do nothing;
insert into public.standards (id, code) values ('350fed9d-41e8-59b8-9694-6c142561c148', 'TOPIC3.1') on conflict (code) do nothing;
insert into public.standards (id, code) values ('4da92879-05bc-5c7c-b0b2-07c664df820f', 'TOPIC3.10') on conflict (code) do nothing;
insert into public.standards (id, code) values ('e008618b-ba25-5303-bc45-80b7e2350841', 'TOPIC3.11') on conflict (code) do nothing;
insert into public.standards (id, code) values ('9864b948-07c3-5ef8-90a2-9f71dd5a2beb', 'TOPIC3.12') on conflict (code) do nothing;
insert into public.standards (id, code) values ('2a5e1329-b3f7-5719-9455-07c47ae8ce4c', 'TOPIC3.13') on conflict (code) do nothing;
insert into public.standards (id, code) values ('048c690a-8fbf-5a9d-b387-d5574986ad7b', 'TOPIC3.14') on conflict (code) do nothing;
insert into public.standards (id, code) values ('0940467e-2dec-5524-bb11-0ec25b3fb4fe', 'TOPIC3.15') on conflict (code) do nothing;
insert into public.standards (id, code) values ('d605e5ae-f551-535c-a819-aa7042a5ecc9', 'TOPIC3.2') on conflict (code) do nothing;
insert into public.standards (id, code) values ('aae2c8f2-a18e-57ad-a373-f42982aa1a12', 'TOPIC3.3') on conflict (code) do nothing;
insert into public.standards (id, code) values ('27952bec-252c-5912-a6cb-4f476715d956', 'TOPIC3.4') on conflict (code) do nothing;
insert into public.standards (id, code) values ('15a67f25-8143-5c91-b996-447b56ef7700', 'TOPIC3.5') on conflict (code) do nothing;
insert into public.standards (id, code) values ('94c814b1-aa38-5018-9861-e6adcd029887', 'TOPIC3.6') on conflict (code) do nothing;
insert into public.standards (id, code) values ('39353c64-8ad3-59be-8652-d25d4d761d86', 'TOPIC3.7') on conflict (code) do nothing;
insert into public.standards (id, code) values ('31f89bb6-7eb1-5e59-a4ae-fd17a5b05eb4', 'TOPIC3.8') on conflict (code) do nothing;
insert into public.standards (id, code) values ('79a2a940-9840-5964-95e3-7bb8da264ef2', 'TOPIC3.9') on conflict (code) do nothing;
insert into public.standards (id, code) values ('a114a284-5347-5d73-a71e-133c65a6142f', 'TOPIC4.1') on conflict (code) do nothing;
insert into public.standards (id, code) values ('31312a88-d4f9-5ea2-b1b5-193ddf4efdc1', 'TOPIC4.10') on conflict (code) do nothing;
insert into public.standards (id, code) values ('8ef6be2f-5d5b-53ba-a429-58e58cc9939b', 'TOPIC4.11') on conflict (code) do nothing;
insert into public.standards (id, code) values ('6c6ae40d-b561-5bd4-a329-ec9ade59d7cc', 'TOPIC4.2') on conflict (code) do nothing;
insert into public.standards (id, code) values ('5fe691b6-13dd-5e47-b656-11f680c4dfc3', 'TOPIC4.3') on conflict (code) do nothing;
insert into public.standards (id, code) values ('824ad7b8-b384-5b53-954f-0374b318777a', 'TOPIC4.4') on conflict (code) do nothing;
insert into public.standards (id, code) values ('8570d3bd-fbc1-59b3-8107-9808bb592a9f', 'TOPIC4.5') on conflict (code) do nothing;
insert into public.standards (id, code) values ('7a910e39-db3e-5d96-aed6-82600afe5c40', 'TOPIC4.6') on conflict (code) do nothing;
insert into public.standards (id, code) values ('cc68ad2d-f699-5f57-ab81-f037bb301857', 'TOPIC4.7') on conflict (code) do nothing;
insert into public.standards (id, code) values ('c4d3ae0a-98f6-5ded-aac4-49b86a707019', 'TOPIC4.8') on conflict (code) do nothing;
insert into public.standards (id, code) values ('5c0a634a-cef2-591b-aefb-0b5c9218b695', 'TOPIC4.9') on conflict (code) do nothing;
insert into public.standards (id, code) values ('60faee3f-f386-52a4-b58d-b0f847834126', 'TOPIC5.1') on conflict (code) do nothing;
insert into public.standards (id, code) values ('aec7bf04-4599-53ff-99cd-32270962a182', 'TOPIC5.10') on conflict (code) do nothing;
insert into public.standards (id, code) values ('534df838-2761-514d-85de-9c5b1b783c42', 'TOPIC5.11') on conflict (code) do nothing;
insert into public.standards (id, code) values ('df7881e3-1c6d-5682-86d1-3fdd3e3d6a51', 'TOPIC5.12') on conflict (code) do nothing;
insert into public.standards (id, code) values ('5eb5ed8e-b04a-5d81-b207-fcd99a361a13', 'TOPIC5.2') on conflict (code) do nothing;
insert into public.standards (id, code) values ('a2b36a11-0c63-5c23-81fd-873a47e2b57b', 'TOPIC5.3') on conflict (code) do nothing;
insert into public.standards (id, code) values ('36ce1948-d869-54c2-a88d-791a196102fa', 'TOPIC5.4') on conflict (code) do nothing;
insert into public.standards (id, code) values ('2f258e1f-17db-5c2e-8a64-b9f4630c9d27', 'TOPIC5.5') on conflict (code) do nothing;
insert into public.standards (id, code) values ('60a5dbbd-bcce-5d79-b746-7b942bf5aa34', 'TOPIC5.6') on conflict (code) do nothing;
insert into public.standards (id, code) values ('37d64715-b14d-556e-bfed-2fc5490b01b0', 'TOPIC5.7') on conflict (code) do nothing;
insert into public.standards (id, code) values ('1fd890e8-7779-5ff7-9127-3f91ece7ab49', 'TOPIC5.8') on conflict (code) do nothing;
insert into public.standards (id, code) values ('8eb3e3e5-5a79-5bd4-8d4a-d9eb283a65fa', 'TOPIC5.9') on conflict (code) do nothing;
insert into public.standards (id, code) values ('ebc4da95-5368-55c6-bf5f-01f08a61deb4', 'TOPIC6.1') on conflict (code) do nothing;
insert into public.standards (id, code) values ('30648553-19c4-589b-93d1-0140b94702bf', 'TOPIC6.10') on conflict (code) do nothing;
insert into public.standards (id, code) values ('9f1f1da2-59ab-5abe-a615-f897eb5b348f', 'TOPIC6.11') on conflict (code) do nothing;
insert into public.standards (id, code) values ('a27364c7-2e3f-50ad-af8e-af39abf2db6d', 'TOPIC6.12') on conflict (code) do nothing;
insert into public.standards (id, code) values ('8ece493a-aa2e-5c87-b3d5-40643e7c8f6e', 'TOPIC6.2') on conflict (code) do nothing;
insert into public.standards (id, code) values ('625b0f9a-4931-5f05-8e1c-025c9d16178c', 'TOPIC6.3') on conflict (code) do nothing;
insert into public.standards (id, code) values ('a8be4d9d-624b-548e-bef9-ddcf8ab39ca5', 'TOPIC6.4') on conflict (code) do nothing;
insert into public.standards (id, code) values ('36fee01f-bf50-5a86-a419-de3fb63b475b', 'TOPIC6.5') on conflict (code) do nothing;
insert into public.standards (id, code) values ('f122186a-1e6b-5c03-b5d1-f17cd3677668', 'TOPIC6.6') on conflict (code) do nothing;
insert into public.standards (id, code) values ('c0b098bd-38ac-5648-869d-802a7585e56e', 'TOPIC6.7') on conflict (code) do nothing;
insert into public.standards (id, code) values ('58b16401-e674-5fb7-a4ae-ad101ca09c29', 'TOPIC6.8') on conflict (code) do nothing;
insert into public.standards (id, code) values ('8bd3d43c-6d1b-51b3-9bd9-6f3a25f69278', 'TOPIC6.9') on conflict (code) do nothing;
insert into public.standards (id, code) values ('d1a78468-79f6-554a-8dfd-0ad410231cd1', 'TOPIC7.1') on conflict (code) do nothing;
insert into public.standards (id, code) values ('7daa63db-3465-5d63-8057-fb9a00e3d842', 'TOPIC7.11') on conflict (code) do nothing;
insert into public.standards (id, code) values ('f6129206-6e3d-5e43-8ae0-facb3593c42d', 'TOPIC7.2') on conflict (code) do nothing;
insert into public.standards (id, code) values ('6ee97432-bb07-56ed-864d-d24f5f4c2b8d', 'TOPIC7.3') on conflict (code) do nothing;
insert into public.standards (id, code) values ('e43886cb-c6fa-5217-886f-de096f9abc75', 'TOPIC7.4') on conflict (code) do nothing;
insert into public.standards (id, code) values ('f1518028-0e20-5c4b-ad83-66efefaabd85', 'TOPIC7.5') on conflict (code) do nothing;
insert into public.standards (id, code) values ('475cfc18-27c9-5431-987f-972478fd0ed1', 'TOPIC7.6') on conflict (code) do nothing;
insert into public.standards (id, code) values ('8d970b3e-22b1-5d13-8be7-398780b06fdb', 'TOPIC7.7') on conflict (code) do nothing;
insert into public.standards (id, code) values ('e2cc6afd-58ec-54e6-940d-6d22ac51ee6b', 'TOPIC7.8') on conflict (code) do nothing;
insert into public.standards (id, code) values ('51dd30c2-dd5a-59a4-87b3-331384ed5f17', 'TOPIC7.9') on conflict (code) do nothing;
insert into public.standards (id, code) values ('935a2629-0a42-5aeb-9e3c-6371d1461727', 'TOPIC8.1') on conflict (code) do nothing;
insert into public.standards (id, code) values ('9b37ac36-6f6e-5e09-87fc-a9664e8eb638', 'TOPIC8.10') on conflict (code) do nothing;
insert into public.standards (id, code) values ('319c57e5-0a52-5a08-a6b1-6ec8260b7c1f', 'TOPIC8.11') on conflict (code) do nothing;
insert into public.standards (id, code) values ('7fd9f036-145c-5c8a-aaf4-a3dedeb016a2', 'TOPIC8.12') on conflict (code) do nothing;
insert into public.standards (id, code) values ('d4dc28ab-cb51-5b89-8cd5-6dff0a0d9742', 'TOPIC8.2') on conflict (code) do nothing;
insert into public.standards (id, code) values ('ebee2457-0fc9-5a5c-a2cf-d86595956689', 'TOPIC8.3') on conflict (code) do nothing;
insert into public.standards (id, code) values ('d4251a3b-488c-5fce-ad19-e8469880f2a3', 'TOPIC8.4') on conflict (code) do nothing;
insert into public.standards (id, code) values ('8d955bcd-2681-504b-a0e9-46b21628a0dd', 'TOPIC8.5') on conflict (code) do nothing;
insert into public.standards (id, code) values ('461d2573-df57-57fc-ae5f-5785ed8b3d56', 'TOPIC8.6') on conflict (code) do nothing;
insert into public.standards (id, code) values ('c3cf0bf9-6fd8-5de1-b28f-00f636838ffb', 'TOPIC8.7') on conflict (code) do nothing;
insert into public.standards (id, code) values ('a749e181-99b9-59a3-8e9c-ab0277235923', 'TOPIC8.8') on conflict (code) do nothing;
insert into public.standards (id, code) values ('79e14a11-906e-51ab-9e2e-67f77191e8c1', 'TOPIC8.9') on conflict (code) do nothing;
insert into public.standards (id, code) values ('705fa51a-dcdd-59c6-be3a-975888946117', 'TOPIC9.1') on conflict (code) do nothing;
insert into public.standards (id, code) values ('68182baf-c867-54cd-87e3-0061452e014c', 'TOPIC9.2') on conflict (code) do nothing;
insert into public.standards (id, code) values ('44f2029b-7709-52af-9ffa-964b99cbc6e7', 'TOPIC9.4') on conflict (code) do nothing;

insert into public.curriculum_lessons (id, library_id, sequence_index, source_lesson_code, title, objective) values ('b8bf536a-454a-5ac8-a1b0-30beee642072', '64d57898-02a0-553d-8da5-740f9d08f2b1', 1, '1.01', '1.01: Getting to Know You', 'Let''s work together to collect data and explore statistical questions.') on conflict (library_id, sequence_index) do update set source_lesson_code = excluded.source_lesson_code, title = excluded.title, objective = excluded.objective;
insert into public.curriculum_lesson_standards (lesson_id, standard_id) values ('b8bf536a-454a-5ac8-a1b0-30beee642072', 'e0a6c451-efe8-557a-a91e-45636fbda265') on conflict do nothing;
insert into public.curriculum_lessons (id, library_id, sequence_index, source_lesson_code, title, objective) values ('83814947-9cd7-55e5-a8f5-5227cfa94359', '93d549d5-f6a7-5859-b16f-3cbf33972974', 1, '1.01', '1.01: Build It', 'Let’s use tools to create shapes precisely.') on conflict (library_id, sequence_index) do update set source_lesson_code = excluded.source_lesson_code, title = excluded.title, objective = excluded.objective;
insert into public.curriculum_lesson_standards (lesson_id, standard_id) values ('83814947-9cd7-55e5-a8f5-5227cfa94359', 'e461c168-56d7-5ab0-95c2-744140392dac') on conflict do nothing;
insert into public.curriculum_lesson_standards (lesson_id, standard_id) values ('83814947-9cd7-55e5-a8f5-5227cfa94359', '42f4b3fe-9675-5b5e-8947-6b7b027c8c5c') on conflict do nothing;
insert into public.curriculum_lesson_standards (lesson_id, standard_id) values ('83814947-9cd7-55e5-a8f5-5227cfa94359', 'c013c8a2-e952-527f-ba07-f8a6e42578ee') on conflict do nothing;
insert into public.curriculum_lessons (id, library_id, sequence_index, source_lesson_code, title, objective) values ('e535e15b-98e6-5cc9-87a6-29cfacde52de', 'bd790921-d355-59f7-bd5e-07d81adfac48', 1, '1.01', '1.01: A Towering Sequence', 'Let’s explore the Tower of Hanoi.') on conflict (library_id, sequence_index) do update set source_lesson_code = excluded.source_lesson_code, title = excluded.title, objective = excluded.objective;
insert into public.curriculum_lesson_standards (lesson_id, standard_id) values ('e535e15b-98e6-5cc9-87a6-29cfacde52de', '1de220d0-93dd-5f4c-9d36-72ea0dae0d95') on conflict do nothing;
insert into public.curriculum_lesson_standards (lesson_id, standard_id) values ('e535e15b-98e6-5cc9-87a6-29cfacde52de', '5b321759-3cf0-5f3b-9248-5a876f9491e8') on conflict do nothing;
insert into public.curriculum_lessons (id, library_id, sequence_index, source_lesson_code, title, objective) values ('1d2bab90-f074-5e74-985c-8266627538da', '64d57898-02a0-553d-8da5-740f9d08f2b1', 2, '1.02', '1.02: Data Representations', 'Let’s represent and analyze data using dot plots, histograms, and box plots.') on conflict (library_id, sequence_index) do update set source_lesson_code = excluded.source_lesson_code, title = excluded.title, objective = excluded.objective;
insert into public.curriculum_lesson_standards (lesson_id, standard_id) values ('1d2bab90-f074-5e74-985c-8266627538da', 'e0a6c451-efe8-557a-a91e-45636fbda265') on conflict do nothing;
insert into public.curriculum_lesson_standards (lesson_id, standard_id) values ('1d2bab90-f074-5e74-985c-8266627538da', 'e07ec716-e0b1-516c-b141-975763676ccd') on conflict do nothing;
insert into public.curriculum_lessons (id, library_id, sequence_index, source_lesson_code, title, objective) values ('52d4cc52-b492-5848-9e89-f3fe84fd648e', '93d549d5-f6a7-5859-b16f-3cbf33972974', 2, '1.02', '1.02 Constructing Patterns', 'Let’s use compass and straightedge constructions to make patterns.') on conflict (library_id, sequence_index) do update set source_lesson_code = excluded.source_lesson_code, title = excluded.title, objective = excluded.objective;
insert into public.curriculum_lesson_standards (lesson_id, standard_id) values ('52d4cc52-b492-5848-9e89-f3fe84fd648e', 'e461c168-56d7-5ab0-95c2-744140392dac') on conflict do nothing;
insert into public.curriculum_lesson_standards (lesson_id, standard_id) values ('52d4cc52-b492-5848-9e89-f3fe84fd648e', '42f4b3fe-9675-5b5e-8947-6b7b027c8c5c') on conflict do nothing;
insert into public.curriculum_lesson_standards (lesson_id, standard_id) values ('52d4cc52-b492-5848-9e89-f3fe84fd648e', 'c013c8a2-e952-527f-ba07-f8a6e42578ee') on conflict do nothing;
insert into public.curriculum_lessons (id, library_id, sequence_index, source_lesson_code, title, objective) values ('231a643a-ad0a-5327-aca8-b75a2f8c5340', 'bd790921-d355-59f7-bd5e-07d81adfac48', 2, '1.02', '1.02: Introducing Geometric Sequences', 'Let’s explore growing and shrinking patterns.') on conflict (library_id, sequence_index) do update set source_lesson_code = excluded.source_lesson_code, title = excluded.title, objective = excluded.objective;
insert into public.curriculum_lesson_standards (lesson_id, standard_id) values ('231a643a-ad0a-5327-aca8-b75a2f8c5340', '5b321759-3cf0-5f3b-9248-5a876f9491e8') on conflict do nothing;
insert into public.curriculum_lesson_standards (lesson_id, standard_id) values ('231a643a-ad0a-5327-aca8-b75a2f8c5340', '9dc1a600-6e34-51a8-b001-ec4f4464320b') on conflict do nothing;
insert into public.curriculum_lessons (id, library_id, sequence_index, source_lesson_code, title, objective) values ('b5705fff-7dfa-56cb-868e-4649cbacfcee', '64d57898-02a0-553d-8da5-740f9d08f2b1', 3, '1.03', '1.03: A Gallery of Data', 'Let’s make, compare, and interpret data displays.') on conflict (library_id, sequence_index) do update set source_lesson_code = excluded.source_lesson_code, title = excluded.title, objective = excluded.objective;
insert into public.curriculum_lesson_standards (lesson_id, standard_id) values ('b5705fff-7dfa-56cb-868e-4649cbacfcee', 'e0a6c451-efe8-557a-a91e-45636fbda265') on conflict do nothing;
insert into public.curriculum_lesson_standards (lesson_id, standard_id) values ('b5705fff-7dfa-56cb-868e-4649cbacfcee', 'e07ec716-e0b1-516c-b141-975763676ccd') on conflict do nothing;
insert into public.curriculum_lessons (id, library_id, sequence_index, source_lesson_code, title, objective) values ('c3a83fc6-5f39-5d2e-bc48-fe21c06cd96f', '93d549d5-f6a7-5859-b16f-3cbf33972974', 3, '1.03', '1.03: Construction Techniques 1: Perpendicular Bisectors', 'Let’s explore equal distances.') on conflict (library_id, sequence_index) do update set source_lesson_code = excluded.source_lesson_code, title = excluded.title, objective = excluded.objective;
insert into public.curriculum_lesson_standards (lesson_id, standard_id) values ('c3a83fc6-5f39-5d2e-bc48-fe21c06cd96f', 'e461c168-56d7-5ab0-95c2-744140392dac') on conflict do nothing;
insert into public.curriculum_lesson_standards (lesson_id, standard_id) values ('c3a83fc6-5f39-5d2e-bc48-fe21c06cd96f', 'd0ca1901-0356-5d2e-b609-8fe13e5ed5fe') on conflict do nothing;
insert into public.curriculum_lesson_standards (lesson_id, standard_id) values ('c3a83fc6-5f39-5d2e-bc48-fe21c06cd96f', '6e6d26ae-d597-53d9-8eff-bee24f0f439c') on conflict do nothing;
insert into public.curriculum_lesson_standards (lesson_id, standard_id) values ('c3a83fc6-5f39-5d2e-bc48-fe21c06cd96f', '42f4b3fe-9675-5b5e-8947-6b7b027c8c5c') on conflict do nothing;
insert into public.curriculum_lessons (id, library_id, sequence_index, source_lesson_code, title, objective) values ('547cd04a-6841-5822-8fd4-ddb8fc22ccf3', 'bd790921-d355-59f7-bd5e-07d81adfac48', 3, '1.03', '1.03: Different Types of Sequences', 'Let’s look at other types of sequences.') on conflict (library_id, sequence_index) do update set source_lesson_code = excluded.source_lesson_code, title = excluded.title, objective = excluded.objective;
insert into public.curriculum_lesson_standards (lesson_id, standard_id) values ('547cd04a-6841-5822-8fd4-ddb8fc22ccf3', '5b321759-3cf0-5f3b-9248-5a876f9491e8') on conflict do nothing;
insert into public.curriculum_lesson_standards (lesson_id, standard_id) values ('547cd04a-6841-5822-8fd4-ddb8fc22ccf3', '8d30376e-7e30-5f6c-b555-7cff4baf59ca') on conflict do nothing;
insert into public.curriculum_lesson_standards (lesson_id, standard_id) values ('547cd04a-6841-5822-8fd4-ddb8fc22ccf3', '2cfdce83-4c79-56f6-8bb0-d3adbac4ca9f') on conflict do nothing;
insert into public.curriculum_lesson_standards (lesson_id, standard_id) values ('547cd04a-6841-5822-8fd4-ddb8fc22ccf3', '9dc1a600-6e34-51a8-b001-ec4f4464320b') on conflict do nothing;
insert into public.curriculum_lessons (id, library_id, sequence_index, source_lesson_code, title, objective) values ('dc35522d-5833-5f0e-967b-8ca5ae0a9bfb', '64d57898-02a0-553d-8da5-740f9d08f2b1', 4, '1.04', '1.04: The Shape of Distributions', 'Let’s explore data and describe distributions.') on conflict (library_id, sequence_index) do update set source_lesson_code = excluded.source_lesson_code, title = excluded.title, objective = excluded.objective;
insert into public.curriculum_lesson_standards (lesson_id, standard_id) values ('dc35522d-5833-5f0e-967b-8ca5ae0a9bfb', 'e0a6c451-efe8-557a-a91e-45636fbda265') on conflict do nothing;
insert into public.curriculum_lesson_standards (lesson_id, standard_id) values ('dc35522d-5833-5f0e-967b-8ca5ae0a9bfb', 'e07ec716-e0b1-516c-b141-975763676ccd') on conflict do nothing;
insert into public.curriculum_lessons (id, library_id, sequence_index, source_lesson_code, title, objective) values ('3d15861d-1539-5e25-93a1-0fce8f0eeec3', '93d549d5-f6a7-5859-b16f-3cbf33972974', 4, '1.04', '1.04: Construction Techniques 2: Equilateral Triangles', 'Let’s identify what shapes are possible within the construction of a regular hexagon.') on conflict (library_id, sequence_index) do update set source_lesson_code = excluded.source_lesson_code, title = excluded.title, objective = excluded.objective;
insert into public.curriculum_lesson_standards (lesson_id, standard_id) values ('3d15861d-1539-5e25-93a1-0fce8f0eeec3', '1e74e00a-be95-57eb-a541-44d72cf2b202') on conflict do nothing;
insert into public.curriculum_lesson_standards (lesson_id, standard_id) values ('3d15861d-1539-5e25-93a1-0fce8f0eeec3', '4dd85c6c-f6eb-51f5-92fe-751f681433e6') on conflict do nothing;
insert into public.curriculum_lesson_standards (lesson_id, standard_id) values ('3d15861d-1539-5e25-93a1-0fce8f0eeec3', '42f4b3fe-9675-5b5e-8947-6b7b027c8c5c') on conflict do nothing;
insert into public.curriculum_lesson_standards (lesson_id, standard_id) values ('3d15861d-1539-5e25-93a1-0fce8f0eeec3', 'c013c8a2-e952-527f-ba07-f8a6e42578ee') on conflict do nothing;
insert into public.curriculum_lessons (id, library_id, sequence_index, source_lesson_code, title, objective) values ('9548e04f-2616-5920-97fb-3bc571e44538', 'bd790921-d355-59f7-bd5e-07d81adfac48', 4, '1.04', '1.04: Using Technology to Work with Sequences', 'Let’s use technology to create a sequence.') on conflict (library_id, sequence_index) do update set source_lesson_code = excluded.source_lesson_code, title = excluded.title, objective = excluded.objective;
insert into public.curriculum_lesson_standards (lesson_id, standard_id) values ('9548e04f-2616-5920-97fb-3bc571e44538', '2cfdce83-4c79-56f6-8bb0-d3adbac4ca9f') on conflict do nothing;
insert into public.curriculum_lessons (id, library_id, sequence_index, source_lesson_code, title, objective) values ('32e4f889-896d-53cf-90bd-34e4bb404946', '64d57898-02a0-553d-8da5-740f9d08f2b1', 5, '1.05', '1.05: Calculating Measures of Center and Variability', 'Let’s calculate measures of center and measures of variability and know which are most appropriate for the data.') on conflict (library_id, sequence_index) do update set source_lesson_code = excluded.source_lesson_code, title = excluded.title, objective = excluded.objective;
insert into public.curriculum_lesson_standards (lesson_id, standard_id) values ('32e4f889-896d-53cf-90bd-34e4bb404946', 'e0a6c451-efe8-557a-a91e-45636fbda265') on conflict do nothing;
insert into public.curriculum_lesson_standards (lesson_id, standard_id) values ('32e4f889-896d-53cf-90bd-34e4bb404946', 'e07ec716-e0b1-516c-b141-975763676ccd') on conflict do nothing;
insert into public.curriculum_lessons (id, library_id, sequence_index, source_lesson_code, title, objective) values ('1b485571-8e94-5540-a55d-f4444f90cd78', '93d549d5-f6a7-5859-b16f-3cbf33972974', 5, '1.05', '1.05: Construction Techniques 3: Perpendicular Lines and Angle Bisectors', 'Let’s use tools to solve some construction challenges.') on conflict (library_id, sequence_index) do update set source_lesson_code = excluded.source_lesson_code, title = excluded.title, objective = excluded.objective;
insert into public.curriculum_lesson_standards (lesson_id, standard_id) values ('1b485571-8e94-5540-a55d-f4444f90cd78', '6e6d26ae-d597-53d9-8eff-bee24f0f439c') on conflict do nothing;
insert into public.curriculum_lesson_standards (lesson_id, standard_id) values ('1b485571-8e94-5540-a55d-f4444f90cd78', '42f4b3fe-9675-5b5e-8947-6b7b027c8c5c') on conflict do nothing;
insert into public.curriculum_lesson_standards (lesson_id, standard_id) values ('1b485571-8e94-5540-a55d-f4444f90cd78', 'c013c8a2-e952-527f-ba07-f8a6e42578ee') on conflict do nothing;
insert into public.curriculum_lessons (id, library_id, sequence_index, source_lesson_code, title, objective) values ('eb7c839a-7b69-5015-8ecd-a184d8d66be3', 'bd790921-d355-59f7-bd5e-07d81adfac48', 5, '1.05', '1.05: Sequences are Functions', 'Let''s learn how to define a sequence recursively.') on conflict (library_id, sequence_index) do update set source_lesson_code = excluded.source_lesson_code, title = excluded.title, objective = excluded.objective;
insert into public.curriculum_lesson_standards (lesson_id, standard_id) values ('eb7c839a-7b69-5015-8ecd-a184d8d66be3', '5b321759-3cf0-5f3b-9248-5a876f9491e8') on conflict do nothing;
insert into public.curriculum_lesson_standards (lesson_id, standard_id) values ('eb7c839a-7b69-5015-8ecd-a184d8d66be3', '8d30376e-7e30-5f6c-b555-7cff4baf59ca') on conflict do nothing;
insert into public.curriculum_lesson_standards (lesson_id, standard_id) values ('eb7c839a-7b69-5015-8ecd-a184d8d66be3', '9dc1a600-6e34-51a8-b001-ec4f4464320b') on conflict do nothing;
insert into public.curriculum_lessons (id, library_id, sequence_index, source_lesson_code, title, objective) values ('1cdab241-b598-523a-9896-8d713ff423d4', '64d57898-02a0-553d-8da5-740f9d08f2b1', 6, '1.06', '1.06: Mystery Computations', 'Let''s explore spreadsheets.') on conflict (library_id, sequence_index) do update set source_lesson_code = excluded.source_lesson_code, title = excluded.title, objective = excluded.objective;
insert into public.curriculum_lessons (id, library_id, sequence_index, source_lesson_code, title, objective) values ('ff7760e1-5f98-55fa-918b-017ec85601f8', '93d549d5-f6a7-5859-b16f-3cbf33972974', 6, '1.06', '1.06: Construction Techniques 4: Parallel and Perpendicular Lines', 'Let’s use tools to draw parallel and perpendicular lines precisely.') on conflict (library_id, sequence_index) do update set source_lesson_code = excluded.source_lesson_code, title = excluded.title, objective = excluded.objective;
insert into public.curriculum_lesson_standards (lesson_id, standard_id) values ('ff7760e1-5f98-55fa-918b-017ec85601f8', 'e461c168-56d7-5ab0-95c2-744140392dac') on conflict do nothing;
insert into public.curriculum_lesson_standards (lesson_id, standard_id) values ('ff7760e1-5f98-55fa-918b-017ec85601f8', 'e3d03512-ff75-56e9-9d1e-f5852423564f') on conflict do nothing;
insert into public.curriculum_lesson_standards (lesson_id, standard_id) values ('ff7760e1-5f98-55fa-918b-017ec85601f8', 'd0ca1901-0356-5d2e-b609-8fe13e5ed5fe') on conflict do nothing;
insert into public.curriculum_lesson_standards (lesson_id, standard_id) values ('ff7760e1-5f98-55fa-918b-017ec85601f8', '42f4b3fe-9675-5b5e-8947-6b7b027c8c5c') on conflict do nothing;
insert into public.curriculum_lessons (id, library_id, sequence_index, source_lesson_code, title, objective) values ('62119563-7f6d-5f15-84e0-57814df9c591', 'bd790921-d355-59f7-bd5e-07d81adfac48', 6, '1.06', '1.06: Representing Sequences', 'Let’s look at different ways to represent a sequence.') on conflict (library_id, sequence_index) do update set source_lesson_code = excluded.source_lesson_code, title = excluded.title, objective = excluded.objective;
insert into public.curriculum_lesson_standards (lesson_id, standard_id) values ('62119563-7f6d-5f15-84e0-57814df9c591', '5b321759-3cf0-5f3b-9248-5a876f9491e8') on conflict do nothing;
insert into public.curriculum_lesson_standards (lesson_id, standard_id) values ('62119563-7f6d-5f15-84e0-57814df9c591', '2cfdce83-4c79-56f6-8bb0-d3adbac4ca9f') on conflict do nothing;
insert into public.curriculum_lesson_standards (lesson_id, standard_id) values ('62119563-7f6d-5f15-84e0-57814df9c591', '9dc1a600-6e34-51a8-b001-ec4f4464320b') on conflict do nothing;
insert into public.curriculum_lessons (id, library_id, sequence_index, source_lesson_code, title, objective) values ('53ff3502-9170-56f9-9e5b-83bd25007f5a', '64d57898-02a0-553d-8da5-740f9d08f2b1', 7, '1.07', '1.07: Spreadsheet Computations', 'Let''s use spreadsheets as calculators.') on conflict (library_id, sequence_index) do update set source_lesson_code = excluded.source_lesson_code, title = excluded.title, objective = excluded.objective;
insert into public.curriculum_lessons (id, library_id, sequence_index, source_lesson_code, title, objective) values ('11085b43-3f3f-5c9e-8ca6-739d88782173', '93d549d5-f6a7-5859-b16f-3cbf33972974', 7, '1.07', '1.07: Construction Techniques 5: Squares', 'Let’s use straightedge and compass moves to construct squares.') on conflict (library_id, sequence_index) do update set source_lesson_code = excluded.source_lesson_code, title = excluded.title, objective = excluded.objective;
insert into public.curriculum_lesson_standards (lesson_id, standard_id) values ('11085b43-3f3f-5c9e-8ca6-739d88782173', '1e74e00a-be95-57eb-a541-44d72cf2b202') on conflict do nothing;
insert into public.curriculum_lesson_standards (lesson_id, standard_id) values ('11085b43-3f3f-5c9e-8ca6-739d88782173', 'c013c8a2-e952-527f-ba07-f8a6e42578ee') on conflict do nothing;
insert into public.curriculum_lessons (id, library_id, sequence_index, source_lesson_code, title, objective) values ('a4864165-8534-52c8-95f8-a41d6e0ed4a6', 'bd790921-d355-59f7-bd5e-07d81adfac48', 7, '1.07', '1.07: Representing More Sequences', 'Let''s learn about Info Gaps') on conflict (library_id, sequence_index) do update set source_lesson_code = excluded.source_lesson_code, title = excluded.title, objective = excluded.objective;
insert into public.curriculum_lesson_standards (lesson_id, standard_id) values ('a4864165-8534-52c8-95f8-a41d6e0ed4a6', '5b321759-3cf0-5f3b-9248-5a876f9491e8') on conflict do nothing;
insert into public.curriculum_lesson_standards (lesson_id, standard_id) values ('a4864165-8534-52c8-95f8-a41d6e0ed4a6', '8d30376e-7e30-5f6c-b555-7cff4baf59ca') on conflict do nothing;
insert into public.curriculum_lesson_standards (lesson_id, standard_id) values ('a4864165-8534-52c8-95f8-a41d6e0ed4a6', '9dc1a600-6e34-51a8-b001-ec4f4464320b') on conflict do nothing;
insert into public.curriculum_lessons (id, library_id, sequence_index, source_lesson_code, title, objective) values ('73390635-508a-5d90-a83b-2ae1c78dacf2', '64d57898-02a0-553d-8da5-740f9d08f2b1', 8, '1.08', '1.08: Spreadsheet Shortcuts', 'Let''s explore recursive formulas in spreadsheets.') on conflict (library_id, sequence_index) do update set source_lesson_code = excluded.source_lesson_code, title = excluded.title, objective = excluded.objective;
insert into public.curriculum_lessons (id, library_id, sequence_index, source_lesson_code, title, objective) values ('be445f10-ee33-59c7-92b7-ee6f4ecc630d', '93d549d5-f6a7-5859-b16f-3cbf33972974', 8, '1.08', '1.08: Using Technology for Constructions', 'Let’s use technology to construct a diagram.') on conflict (library_id, sequence_index) do update set source_lesson_code = excluded.source_lesson_code, title = excluded.title, objective = excluded.objective;
insert into public.curriculum_lesson_standards (lesson_id, standard_id) values ('be445f10-ee33-59c7-92b7-ee6f4ecc630d', 'e461c168-56d7-5ab0-95c2-744140392dac') on conflict do nothing;
insert into public.curriculum_lesson_standards (lesson_id, standard_id) values ('be445f10-ee33-59c7-92b7-ee6f4ecc630d', '42f4b3fe-9675-5b5e-8947-6b7b027c8c5c') on conflict do nothing;
insert into public.curriculum_lesson_standards (lesson_id, standard_id) values ('be445f10-ee33-59c7-92b7-ee6f4ecc630d', 'c013c8a2-e952-527f-ba07-f8a6e42578ee') on conflict do nothing;
insert into public.curriculum_lessons (id, library_id, sequence_index, source_lesson_code, title, objective) values ('f0fe8ea5-a560-5e11-bc49-f9cced47979f', 'bd790921-d355-59f7-bd5e-07d81adfac48', 8, '1.08', '1.08: The nth Term', 'Let’s see how to find terms of sequences directly.') on conflict (library_id, sequence_index) do update set source_lesson_code = excluded.source_lesson_code, title = excluded.title, objective = excluded.objective;
insert into public.curriculum_lesson_standards (lesson_id, standard_id) values ('f0fe8ea5-a560-5e11-bc49-f9cced47979f', '5b321759-3cf0-5f3b-9248-5a876f9491e8') on conflict do nothing;
insert into public.curriculum_lesson_standards (lesson_id, standard_id) values ('f0fe8ea5-a560-5e11-bc49-f9cced47979f', '9dc1a600-6e34-51a8-b001-ec4f4464320b') on conflict do nothing;
insert into public.curriculum_lessons (id, library_id, sequence_index, source_lesson_code, title, objective) values ('e8e65d8f-559c-5b3e-87bb-5dd8e4870b9d', '64d57898-02a0-553d-8da5-740f9d08f2b1', 9, '1.09', '1.09: Technological Graphing', 'Let’s use technology to represent data.') on conflict (library_id, sequence_index) do update set source_lesson_code = excluded.source_lesson_code, title = excluded.title, objective = excluded.objective;
insert into public.curriculum_lesson_standards (lesson_id, standard_id) values ('e8e65d8f-559c-5b3e-87bb-5dd8e4870b9d', 'e0a6c451-efe8-557a-a91e-45636fbda265') on conflict do nothing;
insert into public.curriculum_lesson_standards (lesson_id, standard_id) values ('e8e65d8f-559c-5b3e-87bb-5dd8e4870b9d', 'e07ec716-e0b1-516c-b141-975763676ccd') on conflict do nothing;
insert into public.curriculum_lesson_standards (lesson_id, standard_id) values ('e8e65d8f-559c-5b3e-87bb-5dd8e4870b9d', 'cf4045d2-2f10-55f1-ba4a-42776bbaa163') on conflict do nothing;
insert into public.curriculum_lessons (id, library_id, sequence_index, source_lesson_code, title, objective) values ('204b0af1-3051-564f-83b8-b2b71664efdd', '93d549d5-f6a7-5859-b16f-3cbf33972974', 9, '1.09', '1.09: Speedy Delivery', 'Let’s use perpendicular bisectors.') on conflict (library_id, sequence_index) do update set source_lesson_code = excluded.source_lesson_code, title = excluded.title, objective = excluded.objective;
insert into public.curriculum_lesson_standards (lesson_id, standard_id) values ('204b0af1-3051-564f-83b8-b2b71664efdd', '42f4b3fe-9675-5b5e-8947-6b7b027c8c5c') on conflict do nothing;
insert into public.curriculum_lesson_standards (lesson_id, standard_id) values ('204b0af1-3051-564f-83b8-b2b71664efdd', '6dac2afd-7729-5fea-aa1f-5403fe738a35') on conflict do nothing;
insert into public.curriculum_lesson_standards (lesson_id, standard_id) values ('204b0af1-3051-564f-83b8-b2b71664efdd', '12d1dfda-5ddb-5b64-8f8b-6575308031a5') on conflict do nothing;
insert into public.curriculum_lesson_standards (lesson_id, standard_id) values ('204b0af1-3051-564f-83b8-b2b71664efdd', '6760207f-af31-5c84-8699-0c07781b1206') on conflict do nothing;
insert into public.curriculum_lessons (id, library_id, sequence_index, source_lesson_code, title, objective) values ('e5f45872-02ce-5164-a589-15a3d063abfb', 'bd790921-d355-59f7-bd5e-07d81adfac48', 9, '1.09', '1.09: What''s the Equation?', 'Let’s define sequences.') on conflict (library_id, sequence_index) do update set source_lesson_code = excluded.source_lesson_code, title = excluded.title, objective = excluded.objective;
insert into public.curriculum_lesson_standards (lesson_id, standard_id) values ('e5f45872-02ce-5164-a589-15a3d063abfb', '5b321759-3cf0-5f3b-9248-5a876f9491e8') on conflict do nothing;
insert into public.curriculum_lesson_standards (lesson_id, standard_id) values ('e5f45872-02ce-5164-a589-15a3d063abfb', '8d30376e-7e30-5f6c-b555-7cff4baf59ca') on conflict do nothing;
insert into public.curriculum_lesson_standards (lesson_id, standard_id) values ('e5f45872-02ce-5164-a589-15a3d063abfb', '47e44c8b-18f0-5d17-b6a7-8fe08bdb482f') on conflict do nothing;
insert into public.curriculum_lesson_standards (lesson_id, standard_id) values ('e5f45872-02ce-5164-a589-15a3d063abfb', '9dc1a600-6e34-51a8-b001-ec4f4464320b') on conflict do nothing;
insert into public.curriculum_lessons (id, library_id, sequence_index, source_lesson_code, title, objective) values ('b016be9a-6230-5bc1-97b1-97f7c5b81a1b', '64d57898-02a0-553d-8da5-740f9d08f2b1', 10, '1.10', '1.10: The Effect of Extremes', 'Let’s see how statistics change with the data.') on conflict (library_id, sequence_index) do update set source_lesson_code = excluded.source_lesson_code, title = excluded.title, objective = excluded.objective;
insert into public.curriculum_lesson_standards (lesson_id, standard_id) values ('b016be9a-6230-5bc1-97b1-97f7c5b81a1b', 'e0a6c451-efe8-557a-a91e-45636fbda265') on conflict do nothing;
insert into public.curriculum_lesson_standards (lesson_id, standard_id) values ('b016be9a-6230-5bc1-97b1-97f7c5b81a1b', 'e07ec716-e0b1-516c-b141-975763676ccd') on conflict do nothing;
insert into public.curriculum_lesson_standards (lesson_id, standard_id) values ('b016be9a-6230-5bc1-97b1-97f7c5b81a1b', 'cf4045d2-2f10-55f1-ba4a-42776bbaa163') on conflict do nothing;
insert into public.curriculum_lessons (id, library_id, sequence_index, source_lesson_code, title, objective) values ('4ba4d9e9-0b39-55cb-a646-4773fe0c2de8', '93d549d5-f6a7-5859-b16f-3cbf33972974', 10, '1.10', '1.10: Rigid Transformations', 'Let’s draw some transformations.') on conflict (library_id, sequence_index) do update set source_lesson_code = excluded.source_lesson_code, title = excluded.title, objective = excluded.objective;
insert into public.curriculum_lesson_standards (lesson_id, standard_id) values ('4ba4d9e9-0b39-55cb-a646-4773fe0c2de8', 'e3d03512-ff75-56e9-9d1e-f5852423564f') on conflict do nothing;
insert into public.curriculum_lesson_standards (lesson_id, standard_id) values ('4ba4d9e9-0b39-55cb-a646-4773fe0c2de8', 'bbec79f4-7e12-531d-9fab-22403d788d6d') on conflict do nothing;
insert into public.curriculum_lessons (id, library_id, sequence_index, source_lesson_code, title, objective) values ('5d351bde-1548-5b97-9cf5-5857bfd44613', 'bd790921-d355-59f7-bd5e-07d81adfac48', 10, '1.10', '1.10: Situations and Sequence Types', 'Let’s decide what type of sequence we are looking at and how to represent it.') on conflict (library_id, sequence_index) do update set source_lesson_code = excluded.source_lesson_code, title = excluded.title, objective = excluded.objective;
insert into public.curriculum_lesson_standards (lesson_id, standard_id) values ('5d351bde-1548-5b97-9cf5-5857bfd44613', '5b321759-3cf0-5f3b-9248-5a876f9491e8') on conflict do nothing;
insert into public.curriculum_lesson_standards (lesson_id, standard_id) values ('5d351bde-1548-5b97-9cf5-5857bfd44613', '9dc1a600-6e34-51a8-b001-ec4f4464320b') on conflict do nothing;
insert into public.curriculum_lessons (id, library_id, sequence_index, source_lesson_code, title, objective) values ('1b786c08-a03d-5b6d-a7b4-1ec5fc44b6e3', '64d57898-02a0-553d-8da5-740f9d08f2b1', 11, '1.11', '1.11: Comparing & Contrasting Data Distributions', 'Let’s investigate variability using data displays and summary statistics.') on conflict (library_id, sequence_index) do update set source_lesson_code = excluded.source_lesson_code, title = excluded.title, objective = excluded.objective;
insert into public.curriculum_lesson_standards (lesson_id, standard_id) values ('1b786c08-a03d-5b6d-a7b4-1ec5fc44b6e3', 'e07ec716-e0b1-516c-b141-975763676ccd') on conflict do nothing;
insert into public.curriculum_lesson_standards (lesson_id, standard_id) values ('1b786c08-a03d-5b6d-a7b4-1ec5fc44b6e3', 'cf4045d2-2f10-55f1-ba4a-42776bbaa163') on conflict do nothing;
insert into public.curriculum_lessons (id, library_id, sequence_index, source_lesson_code, title, objective) values ('29575648-bdaf-5223-a53d-d768e40478fb', '93d549d5-f6a7-5859-b16f-3cbf33972974', 11, '1.11', '1.11: Defining Reflections', 'Let’s reflect some figures.') on conflict (library_id, sequence_index) do update set source_lesson_code = excluded.source_lesson_code, title = excluded.title, objective = excluded.objective;
insert into public.curriculum_lesson_standards (lesson_id, standard_id) values ('29575648-bdaf-5223-a53d-d768e40478fb', 'e3d03512-ff75-56e9-9d1e-f5852423564f') on conflict do nothing;
insert into public.curriculum_lesson_standards (lesson_id, standard_id) values ('29575648-bdaf-5223-a53d-d768e40478fb', 'd0ca1901-0356-5d2e-b609-8fe13e5ed5fe') on conflict do nothing;
insert into public.curriculum_lesson_standards (lesson_id, standard_id) values ('29575648-bdaf-5223-a53d-d768e40478fb', 'c261b7b3-2e90-59fd-bb40-444103884763') on conflict do nothing;
insert into public.curriculum_lesson_standards (lesson_id, standard_id) values ('29575648-bdaf-5223-a53d-d768e40478fb', '6e6d26ae-d597-53d9-8eff-bee24f0f439c') on conflict do nothing;
insert into public.curriculum_lessons (id, library_id, sequence_index, source_lesson_code, title, objective) values ('e13630e9-608c-516e-bdda-748ef73e2f6f', 'bd790921-d355-59f7-bd5e-07d81adfac48', 11, '1.11', '1.11: Adding Up', 'Let’s look at sequences and the sum of their terms.') on conflict (library_id, sequence_index) do update set source_lesson_code = excluded.source_lesson_code, title = excluded.title, objective = excluded.objective;
insert into public.curriculum_lesson_standards (lesson_id, standard_id) values ('e13630e9-608c-516e-bdda-748ef73e2f6f', '2be4aa66-95af-5441-a060-e98f189ae51f') on conflict do nothing;
insert into public.curriculum_lesson_standards (lesson_id, standard_id) values ('e13630e9-608c-516e-bdda-748ef73e2f6f', '1de220d0-93dd-5f4c-9d36-72ea0dae0d95') on conflict do nothing;
insert into public.curriculum_lesson_standards (lesson_id, standard_id) values ('e13630e9-608c-516e-bdda-748ef73e2f6f', '5b321759-3cf0-5f3b-9248-5a876f9491e8') on conflict do nothing;
insert into public.curriculum_lessons (id, library_id, sequence_index, source_lesson_code, title, objective) values ('9addf192-48c5-58a0-99b1-9b18509b02c5', '64d57898-02a0-553d-8da5-740f9d08f2b1', 12, '1.12', '1.12: Standard Deviation', 'Let’s learn about standard deviation, another measure of variability.') on conflict (library_id, sequence_index) do update set source_lesson_code = excluded.source_lesson_code, title = excluded.title, objective = excluded.objective;
insert into public.curriculum_lesson_standards (lesson_id, standard_id) values ('9addf192-48c5-58a0-99b1-9b18509b02c5', 'e07ec716-e0b1-516c-b141-975763676ccd') on conflict do nothing;
insert into public.curriculum_lesson_standards (lesson_id, standard_id) values ('9addf192-48c5-58a0-99b1-9b18509b02c5', 'cf4045d2-2f10-55f1-ba4a-42776bbaa163') on conflict do nothing;
insert into public.curriculum_lessons (id, library_id, sequence_index, source_lesson_code, title, objective) values ('4c672791-55bf-5aac-866d-6428d8279b6c', '93d549d5-f6a7-5859-b16f-3cbf33972974', 12, '1.12', '1.12: Defining Translations', 'Let’s translate some figures.') on conflict (library_id, sequence_index) do update set source_lesson_code = excluded.source_lesson_code, title = excluded.title, objective = excluded.objective;
insert into public.curriculum_lesson_standards (lesson_id, standard_id) values ('4c672791-55bf-5aac-866d-6428d8279b6c', 'd0ca1901-0356-5d2e-b609-8fe13e5ed5fe') on conflict do nothing;
insert into public.curriculum_lesson_standards (lesson_id, standard_id) values ('4c672791-55bf-5aac-866d-6428d8279b6c', '4dd85c6c-f6eb-51f5-92fe-751f681433e6') on conflict do nothing;
insert into public.curriculum_lessons (id, library_id, sequence_index, source_lesson_code, title, objective) values ('1791f218-4967-5093-bc3d-3e3de57f5588', 'bd790921-d355-59f7-bd5e-07d81adfac48', 12, '2.01', '2.01: Let''s Make a Box', 'Let’s investigate volumes of different boxes.') on conflict (library_id, sequence_index) do update set source_lesson_code = excluded.source_lesson_code, title = excluded.title, objective = excluded.objective;
insert into public.curriculum_lesson_standards (lesson_id, standard_id) values ('1791f218-4967-5093-bc3d-3e3de57f5588', '580c167e-beaa-5ddc-958d-8d39c7edd32f') on conflict do nothing;
insert into public.curriculum_lesson_standards (lesson_id, standard_id) values ('1791f218-4967-5093-bc3d-3e3de57f5588', 'db6788d3-39e1-5317-82ef-d77c11817c69') on conflict do nothing;
insert into public.curriculum_lesson_standards (lesson_id, standard_id) values ('1791f218-4967-5093-bc3d-3e3de57f5588', 'a337895a-3a09-57c4-a135-672808d0cd90') on conflict do nothing;
insert into public.curriculum_lesson_standards (lesson_id, standard_id) values ('1791f218-4967-5093-bc3d-3e3de57f5588', '47e44c8b-18f0-5d17-b6a7-8fe08bdb482f') on conflict do nothing;
insert into public.curriculum_lessons (id, library_id, sequence_index, source_lesson_code, title, objective) values ('e4be7e87-d61d-5518-9fa9-f4e34fbc1c91', '64d57898-02a0-553d-8da5-740f9d08f2b1', 13, '1.13', '1.13: More Standard Deviation', 'Let’s continue to interpret standard deviation.') on conflict (library_id, sequence_index) do update set source_lesson_code = excluded.source_lesson_code, title = excluded.title, objective = excluded.objective;
insert into public.curriculum_lesson_standards (lesson_id, standard_id) values ('e4be7e87-d61d-5518-9fa9-f4e34fbc1c91', 'e07ec716-e0b1-516c-b141-975763676ccd') on conflict do nothing;
insert into public.curriculum_lesson_standards (lesson_id, standard_id) values ('e4be7e87-d61d-5518-9fa9-f4e34fbc1c91', 'cf4045d2-2f10-55f1-ba4a-42776bbaa163') on conflict do nothing;
insert into public.curriculum_lessons (id, library_id, sequence_index, source_lesson_code, title, objective) values ('71770ec7-5375-5a52-93b0-057de8bc4d95', '93d549d5-f6a7-5859-b16f-3cbf33972974', 13, '1.13', '1.13: Incorporating Rotations', 'Let''s draw some transformations.') on conflict (library_id, sequence_index) do update set source_lesson_code = excluded.source_lesson_code, title = excluded.title, objective = excluded.objective;
insert into public.curriculum_lesson_standards (lesson_id, standard_id) values ('71770ec7-5375-5a52-93b0-057de8bc4d95', 'e461c168-56d7-5ab0-95c2-744140392dac') on conflict do nothing;
insert into public.curriculum_lesson_standards (lesson_id, standard_id) values ('71770ec7-5375-5a52-93b0-057de8bc4d95', 'e3d03512-ff75-56e9-9d1e-f5852423564f') on conflict do nothing;
insert into public.curriculum_lesson_standards (lesson_id, standard_id) values ('71770ec7-5375-5a52-93b0-057de8bc4d95', 'bbec79f4-7e12-531d-9fab-22403d788d6d') on conflict do nothing;
insert into public.curriculum_lesson_standards (lesson_id, standard_id) values ('71770ec7-5375-5a52-93b0-057de8bc4d95', '3bdffdf8-cfed-5d8b-92a1-99d41cce9758') on conflict do nothing;
insert into public.curriculum_lesson_standards (lesson_id, standard_id) values ('71770ec7-5375-5a52-93b0-057de8bc4d95', '6760207f-af31-5c84-8699-0c07781b1206') on conflict do nothing;
insert into public.curriculum_lessons (id, library_id, sequence_index, source_lesson_code, title, objective) values ('ab2fe094-a883-5e97-858f-3067ffbcb699', 'bd790921-d355-59f7-bd5e-07d81adfac48', 13, '2.02', '2.02: Funding the Future', 'Let’s look at some other things that polynomials can model.') on conflict (library_id, sequence_index) do update set source_lesson_code = excluded.source_lesson_code, title = excluded.title, objective = excluded.objective;
insert into public.curriculum_lesson_standards (lesson_id, standard_id) values ('ab2fe094-a883-5e97-858f-3067ffbcb699', '145ade4c-32aa-5e59-acb0-aa0dea64c013') on conflict do nothing;
insert into public.curriculum_lesson_standards (lesson_id, standard_id) values ('ab2fe094-a883-5e97-858f-3067ffbcb699', '580c167e-beaa-5ddc-958d-8d39c7edd32f') on conflict do nothing;
insert into public.curriculum_lesson_standards (lesson_id, standard_id) values ('ab2fe094-a883-5e97-858f-3067ffbcb699', '1ece07a9-cbad-5c57-afb2-eac346b507d1') on conflict do nothing;
insert into public.curriculum_lesson_standards (lesson_id, standard_id) values ('ab2fe094-a883-5e97-858f-3067ffbcb699', '46f95a08-75f9-577c-bce7-206a3a3e0fdd') on conflict do nothing;
insert into public.curriculum_lesson_standards (lesson_id, standard_id) values ('ab2fe094-a883-5e97-858f-3067ffbcb699', '9a18c506-7d8e-58b5-99c6-2fbdd63483ef') on conflict do nothing;
insert into public.curriculum_lessons (id, library_id, sequence_index, source_lesson_code, title, objective) values ('0a98e4b4-d724-5c6a-9f05-cc37409cf1b1', '64d57898-02a0-553d-8da5-740f9d08f2b1', 14, '1.14', '1.14: Outliers', 'Let’s investigate outliers and how to deal with them.') on conflict (library_id, sequence_index) do update set source_lesson_code = excluded.source_lesson_code, title = excluded.title, objective = excluded.objective;
insert into public.curriculum_lesson_standards (lesson_id, standard_id) values ('0a98e4b4-d724-5c6a-9f05-cc37409cf1b1', 'e0a6c451-efe8-557a-a91e-45636fbda265') on conflict do nothing;
insert into public.curriculum_lesson_standards (lesson_id, standard_id) values ('0a98e4b4-d724-5c6a-9f05-cc37409cf1b1', 'e07ec716-e0b1-516c-b141-975763676ccd') on conflict do nothing;
insert into public.curriculum_lesson_standards (lesson_id, standard_id) values ('0a98e4b4-d724-5c6a-9f05-cc37409cf1b1', 'cf4045d2-2f10-55f1-ba4a-42776bbaa163') on conflict do nothing;
insert into public.curriculum_lessons (id, library_id, sequence_index, source_lesson_code, title, objective) values ('eba0208a-f709-5f5d-b8c6-4c51bc3933df', '93d549d5-f6a7-5859-b16f-3cbf33972974', 14, '1.14', '1.14: Defining Rotations', 'Let’s rotate shapes precisely.') on conflict (library_id, sequence_index) do update set source_lesson_code = excluded.source_lesson_code, title = excluded.title, objective = excluded.objective;
insert into public.curriculum_lesson_standards (lesson_id, standard_id) values ('eba0208a-f709-5f5d-b8c6-4c51bc3933df', 'd0ca1901-0356-5d2e-b609-8fe13e5ed5fe') on conflict do nothing;
insert into public.curriculum_lesson_standards (lesson_id, standard_id) values ('eba0208a-f709-5f5d-b8c6-4c51bc3933df', '6760207f-af31-5c84-8699-0c07781b1206') on conflict do nothing;
insert into public.curriculum_lessons (id, library_id, sequence_index, source_lesson_code, title, objective) values ('59cc43e6-1eae-5094-9f92-7d0171a8e581', 'bd790921-d355-59f7-bd5e-07d81adfac48', 14, '2.03', '2.03: Introducing Polynomials', 'Let’s see what polynomials can look like.') on conflict (library_id, sequence_index) do update set source_lesson_code = excluded.source_lesson_code, title = excluded.title, objective = excluded.objective;
insert into public.curriculum_lesson_standards (lesson_id, standard_id) values ('59cc43e6-1eae-5094-9f92-7d0171a8e581', '3e509005-3f25-5af2-991e-2eddd46350b1') on conflict do nothing;
insert into public.curriculum_lesson_standards (lesson_id, standard_id) values ('59cc43e6-1eae-5094-9f92-7d0171a8e581', '444d2808-cd0e-5ecd-89da-9fcb58c9e9f8') on conflict do nothing;
insert into public.curriculum_lesson_standards (lesson_id, standard_id) values ('59cc43e6-1eae-5094-9f92-7d0171a8e581', 'a337895a-3a09-57c4-a135-672808d0cd90') on conflict do nothing;
insert into public.curriculum_lesson_standards (lesson_id, standard_id) values ('59cc43e6-1eae-5094-9f92-7d0171a8e581', 'c69e1aff-08d3-5a37-9431-f7cf90e4f062') on conflict do nothing;
insert into public.curriculum_lesson_standards (lesson_id, standard_id) values ('59cc43e6-1eae-5094-9f92-7d0171a8e581', 'aeea1a16-44cc-563d-9cec-4c71abed7bc5') on conflict do nothing;
insert into public.curriculum_lessons (id, library_id, sequence_index, source_lesson_code, title, objective) values ('03d5f888-b061-5211-b7af-ab882bc41948', '64d57898-02a0-553d-8da5-740f9d08f2b1', 15, '1.15', '1.15: Comparing Data Sets', 'Let’s investigate outliers and how to deal with them.') on conflict (library_id, sequence_index) do update set source_lesson_code = excluded.source_lesson_code, title = excluded.title, objective = excluded.objective;
insert into public.curriculum_lesson_standards (lesson_id, standard_id) values ('03d5f888-b061-5211-b7af-ab882bc41948', 'e0a6c451-efe8-557a-a91e-45636fbda265') on conflict do nothing;
insert into public.curriculum_lesson_standards (lesson_id, standard_id) values ('03d5f888-b061-5211-b7af-ab882bc41948', 'e07ec716-e0b1-516c-b141-975763676ccd') on conflict do nothing;
insert into public.curriculum_lessons (id, library_id, sequence_index, source_lesson_code, title, objective) values ('d5f04c3b-d44c-540c-8699-26a8a7fd8941', '93d549d5-f6a7-5859-b16f-3cbf33972974', 15, '1.15', '1.15: Symmetry', 'Let’s describe some symmetries of shapes.') on conflict (library_id, sequence_index) do update set source_lesson_code = excluded.source_lesson_code, title = excluded.title, objective = excluded.objective;
insert into public.curriculum_lesson_standards (lesson_id, standard_id) values ('d5f04c3b-d44c-540c-8699-26a8a7fd8941', 'e3d03512-ff75-56e9-9d1e-f5852423564f') on conflict do nothing;
insert into public.curriculum_lesson_standards (lesson_id, standard_id) values ('d5f04c3b-d44c-540c-8699-26a8a7fd8941', '1e74e00a-be95-57eb-a541-44d72cf2b202') on conflict do nothing;
insert into public.curriculum_lessons (id, library_id, sequence_index, source_lesson_code, title, objective) values ('437132d5-2383-5d65-8ef3-893dbdea275c', 'bd790921-d355-59f7-bd5e-07d81adfac48', 15, '2.04', '2.04: Combining Polynomials', 'Let''s do arithmetic with polynomials.') on conflict (library_id, sequence_index) do update set source_lesson_code = excluded.source_lesson_code, title = excluded.title, objective = excluded.objective;
insert into public.curriculum_lesson_standards (lesson_id, standard_id) values ('437132d5-2383-5d65-8ef3-893dbdea275c', '145ade4c-32aa-5e59-acb0-aa0dea64c013') on conflict do nothing;
insert into public.curriculum_lessons (id, library_id, sequence_index, source_lesson_code, title, objective) values ('8f67b7bf-5a2a-506b-9ff8-0d8d22d92fe5', '64d57898-02a0-553d-8da5-740f9d08f2b1', 16, '1.16', '1.16: Analyzing Data', 'Let’s answer statistical questions by analyzing data, and comparing and contrasting their shape and measures of center and variability.') on conflict (library_id, sequence_index) do update set source_lesson_code = excluded.source_lesson_code, title = excluded.title, objective = excluded.objective;
insert into public.curriculum_lesson_standards (lesson_id, standard_id) values ('8f67b7bf-5a2a-506b-9ff8-0d8d22d92fe5', '95265fc2-c387-5799-a768-8ae61ceae802') on conflict do nothing;
insert into public.curriculum_lesson_standards (lesson_id, standard_id) values ('8f67b7bf-5a2a-506b-9ff8-0d8d22d92fe5', 'e0a6c451-efe8-557a-a91e-45636fbda265') on conflict do nothing;
insert into public.curriculum_lesson_standards (lesson_id, standard_id) values ('8f67b7bf-5a2a-506b-9ff8-0d8d22d92fe5', 'e07ec716-e0b1-516c-b141-975763676ccd') on conflict do nothing;
insert into public.curriculum_lesson_standards (lesson_id, standard_id) values ('8f67b7bf-5a2a-506b-9ff8-0d8d22d92fe5', 'cf4045d2-2f10-55f1-ba4a-42776bbaa163') on conflict do nothing;
insert into public.curriculum_lessons (id, library_id, sequence_index, source_lesson_code, title, objective) values ('38ad10d4-b9e2-530d-bd7b-31aac9819dda', '93d549d5-f6a7-5859-b16f-3cbf33972974', 16, '1.16', '1.16: More Symmetry', 'Let’s describe more symmetries of shapes.') on conflict (library_id, sequence_index) do update set source_lesson_code = excluded.source_lesson_code, title = excluded.title, objective = excluded.objective;
insert into public.curriculum_lesson_standards (lesson_id, standard_id) values ('38ad10d4-b9e2-530d-bd7b-31aac9819dda', '1e74e00a-be95-57eb-a541-44d72cf2b202') on conflict do nothing;
insert into public.curriculum_lessons (id, library_id, sequence_index, source_lesson_code, title, objective) values ('22795539-4d18-5477-aea6-4da35762bfad', 'bd790921-d355-59f7-bd5e-07d81adfac48', 16, '2.05', '2.05: Connecting Factors and Zeros', 'Let’s investigate polynomials written in factored form.') on conflict (library_id, sequence_index) do update set source_lesson_code = excluded.source_lesson_code, title = excluded.title, objective = excluded.objective;
insert into public.curriculum_lesson_standards (lesson_id, standard_id) values ('22795539-4d18-5477-aea6-4da35762bfad', 'cb13913d-02a0-526f-8ef2-0c37cbe5b576') on conflict do nothing;
insert into public.curriculum_lesson_standards (lesson_id, standard_id) values ('22795539-4d18-5477-aea6-4da35762bfad', '917fcc7d-28be-52f4-9e77-b860370ceebc') on conflict do nothing;
insert into public.curriculum_lessons (id, library_id, sequence_index, source_lesson_code, title, objective) values ('d0b70425-dce8-5de2-b343-15bfc5d1a9e4', '64d57898-02a0-553d-8da5-740f9d08f2b1', 17, '2.01', '2.01: Planning a Pizza Party', 'Let’s write expressions to estimate the cost of a pizza party.') on conflict (library_id, sequence_index) do update set source_lesson_code = excluded.source_lesson_code, title = excluded.title, objective = excluded.objective;
insert into public.curriculum_lesson_standards (lesson_id, standard_id) values ('d0b70425-dce8-5de2-b343-15bfc5d1a9e4', '580c167e-beaa-5ddc-958d-8d39c7edd32f') on conflict do nothing;
insert into public.curriculum_lesson_standards (lesson_id, standard_id) values ('d0b70425-dce8-5de2-b343-15bfc5d1a9e4', '3f5b2e0e-527b-5299-a7a4-6a9b514c610c') on conflict do nothing;
insert into public.curriculum_lesson_standards (lesson_id, standard_id) values ('d0b70425-dce8-5de2-b343-15bfc5d1a9e4', '12d1dfda-5ddb-5b64-8f8b-6575308031a5') on conflict do nothing;
insert into public.curriculum_lessons (id, library_id, sequence_index, source_lesson_code, title, objective) values ('a8223b2a-6fe4-56a8-ad14-3fa327b6d83d', '93d549d5-f6a7-5859-b16f-3cbf33972974', 17, '1.17', '1.17: Working With Rigid Transformations', 'Let’s compare transformed figures.') on conflict (library_id, sequence_index) do update set source_lesson_code = excluded.source_lesson_code, title = excluded.title, objective = excluded.objective;
insert into public.curriculum_lesson_standards (lesson_id, standard_id) values ('a8223b2a-6fe4-56a8-ad14-3fa327b6d83d', 'e3d03512-ff75-56e9-9d1e-f5852423564f') on conflict do nothing;
insert into public.curriculum_lesson_standards (lesson_id, standard_id) values ('a8223b2a-6fe4-56a8-ad14-3fa327b6d83d', 'bbec79f4-7e12-531d-9fab-22403d788d6d') on conflict do nothing;
insert into public.curriculum_lessons (id, library_id, sequence_index, source_lesson_code, title, objective) values ('b3540335-8601-585b-9330-3e1acce965ef', 'bd790921-d355-59f7-bd5e-07d81adfac48', 17, '2.06', '2.06: Different Forms', 'Let’s use the different forms of polynomials to learn about them.') on conflict (library_id, sequence_index) do update set source_lesson_code = excluded.source_lesson_code, title = excluded.title, objective = excluded.objective;
insert into public.curriculum_lesson_standards (lesson_id, standard_id) values ('b3540335-8601-585b-9330-3e1acce965ef', 'be5d8614-2109-5339-8df5-4f70b6e114d2') on conflict do nothing;
insert into public.curriculum_lesson_standards (lesson_id, standard_id) values ('b3540335-8601-585b-9330-3e1acce965ef', '145ade4c-32aa-5e59-acb0-aa0dea64c013') on conflict do nothing;
insert into public.curriculum_lesson_standards (lesson_id, standard_id) values ('b3540335-8601-585b-9330-3e1acce965ef', 'cb13913d-02a0-526f-8ef2-0c37cbe5b576') on conflict do nothing;
insert into public.curriculum_lesson_standards (lesson_id, standard_id) values ('b3540335-8601-585b-9330-3e1acce965ef', '917fcc7d-28be-52f4-9e77-b860370ceebc') on conflict do nothing;
insert into public.curriculum_lesson_standards (lesson_id, standard_id) values ('b3540335-8601-585b-9330-3e1acce965ef', 'ad5e4718-1372-50ed-8acf-80132cb48de4') on conflict do nothing;
insert into public.curriculum_lesson_standards (lesson_id, standard_id) values ('b3540335-8601-585b-9330-3e1acce965ef', '444d2808-cd0e-5ecd-89da-9fcb58c9e9f8') on conflict do nothing;
insert into public.curriculum_lessons (id, library_id, sequence_index, source_lesson_code, title, objective) values ('ee8555fb-8e52-5058-b60b-e862f6895952', '64d57898-02a0-553d-8da5-740f9d08f2b1', 18, '2.02', '2.02: Writing Equations to Model Relationships (Part 1)', 'Let''s look at how equations can help us describe relationships and constraints.') on conflict (library_id, sequence_index) do update set source_lesson_code = excluded.source_lesson_code, title = excluded.title, objective = excluded.objective;
insert into public.curriculum_lesson_standards (lesson_id, standard_id) values ('ee8555fb-8e52-5058-b60b-e862f6895952', '580c167e-beaa-5ddc-958d-8d39c7edd32f') on conflict do nothing;
insert into public.curriculum_lesson_standards (lesson_id, standard_id) values ('ee8555fb-8e52-5058-b60b-e862f6895952', '3f5b2e0e-527b-5299-a7a4-6a9b514c610c') on conflict do nothing;
insert into public.curriculum_lessons (id, library_id, sequence_index, source_lesson_code, title, objective) values ('086d220b-043f-5c25-a246-03d64cc2f1de', '93d549d5-f6a7-5859-b16f-3cbf33972974', 18, '1.18', '1.18: Practicing Point by Point Transformations', 'Let''s figure out some transformations.') on conflict (library_id, sequence_index) do update set source_lesson_code = excluded.source_lesson_code, title = excluded.title, objective = excluded.objective;
insert into public.curriculum_lesson_standards (lesson_id, standard_id) values ('086d220b-043f-5c25-a246-03d64cc2f1de', 'e3d03512-ff75-56e9-9d1e-f5852423564f') on conflict do nothing;
insert into public.curriculum_lesson_standards (lesson_id, standard_id) values ('086d220b-043f-5c25-a246-03d64cc2f1de', 'bbec79f4-7e12-531d-9fab-22403d788d6d') on conflict do nothing;
insert into public.curriculum_lessons (id, library_id, sequence_index, source_lesson_code, title, objective) values ('ccb999e1-b016-58fa-86dd-1f9e064348c4', 'bd790921-d355-59f7-bd5e-07d81adfac48', 18, '2.07', '2.07: Using Factors and Zeros', 'Let’s write some polynomials.') on conflict (library_id, sequence_index) do update set source_lesson_code = excluded.source_lesson_code, title = excluded.title, objective = excluded.objective;
insert into public.curriculum_lesson_standards (lesson_id, standard_id) values ('ccb999e1-b016-58fa-86dd-1f9e064348c4', 'cb13913d-02a0-526f-8ef2-0c37cbe5b576') on conflict do nothing;
insert into public.curriculum_lesson_standards (lesson_id, standard_id) values ('ccb999e1-b016-58fa-86dd-1f9e064348c4', '917fcc7d-28be-52f4-9e77-b860370ceebc') on conflict do nothing;
insert into public.curriculum_lesson_standards (lesson_id, standard_id) values ('ccb999e1-b016-58fa-86dd-1f9e064348c4', 'db6788d3-39e1-5317-82ef-d77c11817c69') on conflict do nothing;
insert into public.curriculum_lesson_standards (lesson_id, standard_id) values ('ccb999e1-b016-58fa-86dd-1f9e064348c4', 'aeea1a16-44cc-563d-9cec-4c71abed7bc5') on conflict do nothing;
insert into public.curriculum_lessons (id, library_id, sequence_index, source_lesson_code, title, objective) values ('da39c0f4-57d1-54eb-97a8-a3ebf0ff7c39', '64d57898-02a0-553d-8da5-740f9d08f2b1', 19, '2.03', '2.03: Writing Equations to Model Relationships (Part 2)', 'Let''s use patterns to help us write equations.') on conflict (library_id, sequence_index) do update set source_lesson_code = excluded.source_lesson_code, title = excluded.title, objective = excluded.objective;
insert into public.curriculum_lesson_standards (lesson_id, standard_id) values ('da39c0f4-57d1-54eb-97a8-a3ebf0ff7c39', '580c167e-beaa-5ddc-958d-8d39c7edd32f') on conflict do nothing;
insert into public.curriculum_lesson_standards (lesson_id, standard_id) values ('da39c0f4-57d1-54eb-97a8-a3ebf0ff7c39', '3f5b2e0e-527b-5299-a7a4-6a9b514c610c') on conflict do nothing;
insert into public.curriculum_lesson_standards (lesson_id, standard_id) values ('da39c0f4-57d1-54eb-97a8-a3ebf0ff7c39', '9dc1a600-6e34-51a8-b001-ec4f4464320b') on conflict do nothing;
insert into public.curriculum_lessons (id, library_id, sequence_index, source_lesson_code, title, objective) values ('4cea5af5-106d-59b9-a893-20c16e03438d', '93d549d5-f6a7-5859-b16f-3cbf33972974', 19, '1.19', '1.19: Evidence, Angles, and Proofs', 'Let’s make convincing explanations.') on conflict (library_id, sequence_index) do update set source_lesson_code = excluded.source_lesson_code, title = excluded.title, objective = excluded.objective;
insert into public.curriculum_lesson_standards (lesson_id, standard_id) values ('4cea5af5-106d-59b9-a893-20c16e03438d', '6e6d26ae-d597-53d9-8eff-bee24f0f439c') on conflict do nothing;
insert into public.curriculum_lessons (id, library_id, sequence_index, source_lesson_code, title, objective) values ('3f964da5-5167-5569-b9d4-86fb442828ff', 'bd790921-d355-59f7-bd5e-07d81adfac48', 19, '2.08', '2.08: End Behavior (Part 1)', 'Let’s investigate the shape of polynomials.') on conflict (library_id, sequence_index) do update set source_lesson_code = excluded.source_lesson_code, title = excluded.title, objective = excluded.objective;
insert into public.curriculum_lesson_standards (lesson_id, standard_id) values ('3f964da5-5167-5569-b9d4-86fb442828ff', '917fcc7d-28be-52f4-9e77-b860370ceebc') on conflict do nothing;
insert into public.curriculum_lesson_standards (lesson_id, standard_id) values ('3f964da5-5167-5569-b9d4-86fb442828ff', '3e509005-3f25-5af2-991e-2eddd46350b1') on conflict do nothing;
insert into public.curriculum_lesson_standards (lesson_id, standard_id) values ('3f964da5-5167-5569-b9d4-86fb442828ff', '2cfdce83-4c79-56f6-8bb0-d3adbac4ca9f') on conflict do nothing;
insert into public.curriculum_lesson_standards (lesson_id, standard_id) values ('3f964da5-5167-5569-b9d4-86fb442828ff', 'aeea1a16-44cc-563d-9cec-4c71abed7bc5') on conflict do nothing;
insert into public.curriculum_lessons (id, library_id, sequence_index, source_lesson_code, title, objective) values ('a49c7e11-b600-5ded-b2d5-af9aaf74c711', '64d57898-02a0-553d-8da5-740f9d08f2b1', 20, '2.04', '2.04: Equations and Their Solutions', 'Let’s recall what we know about solutions to equations.') on conflict (library_id, sequence_index) do update set source_lesson_code = excluded.source_lesson_code, title = excluded.title, objective = excluded.objective;
insert into public.curriculum_lesson_standards (lesson_id, standard_id) values ('a49c7e11-b600-5ded-b2d5-af9aaf74c711', 'e7afbadc-98a4-562b-ae47-1e96c2084ad2') on conflict do nothing;
insert into public.curriculum_lesson_standards (lesson_id, standard_id) values ('a49c7e11-b600-5ded-b2d5-af9aaf74c711', 'e9a83826-07a1-51ac-8d89-1b343d46bbc8') on conflict do nothing;
insert into public.curriculum_lessons (id, library_id, sequence_index, source_lesson_code, title, objective) values ('a3027b32-d172-576b-b8ac-6b6752fc4aff', '93d549d5-f6a7-5859-b16f-3cbf33972974', 20, '1.20', '1.20: Transformations, Transversals & Proofs', 'Let’s prove statements about parallel lines.') on conflict (library_id, sequence_index) do update set source_lesson_code = excluded.source_lesson_code, title = excluded.title, objective = excluded.objective;
insert into public.curriculum_lesson_standards (lesson_id, standard_id) values ('a3027b32-d172-576b-b8ac-6b6752fc4aff', 'e461c168-56d7-5ab0-95c2-744140392dac') on conflict do nothing;
insert into public.curriculum_lesson_standards (lesson_id, standard_id) values ('a3027b32-d172-576b-b8ac-6b6752fc4aff', 'e3d03512-ff75-56e9-9d1e-f5852423564f') on conflict do nothing;
insert into public.curriculum_lesson_standards (lesson_id, standard_id) values ('a3027b32-d172-576b-b8ac-6b6752fc4aff', 'c261b7b3-2e90-59fd-bb40-444103884763') on conflict do nothing;
insert into public.curriculum_lesson_standards (lesson_id, standard_id) values ('a3027b32-d172-576b-b8ac-6b6752fc4aff', '6e6d26ae-d597-53d9-8eff-bee24f0f439c') on conflict do nothing;
insert into public.curriculum_lessons (id, library_id, sequence_index, source_lesson_code, title, objective) values ('271c93d0-035c-52e3-a3d5-372bd18197b9', 'bd790921-d355-59f7-bd5e-07d81adfac48', 20, '2.09', '2.09: End Behavior (Part 2)', 'Let’s describe the end behavior of polynomials.') on conflict (library_id, sequence_index) do update set source_lesson_code = excluded.source_lesson_code, title = excluded.title, objective = excluded.objective;
insert into public.curriculum_lesson_standards (lesson_id, standard_id) values ('271c93d0-035c-52e3-a3d5-372bd18197b9', '3e509005-3f25-5af2-991e-2eddd46350b1') on conflict do nothing;
insert into public.curriculum_lesson_standards (lesson_id, standard_id) values ('271c93d0-035c-52e3-a3d5-372bd18197b9', '444d2808-cd0e-5ecd-89da-9fcb58c9e9f8') on conflict do nothing;
insert into public.curriculum_lesson_standards (lesson_id, standard_id) values ('271c93d0-035c-52e3-a3d5-372bd18197b9', '2cfdce83-4c79-56f6-8bb0-d3adbac4ca9f') on conflict do nothing;
insert into public.curriculum_lessons (id, library_id, sequence_index, source_lesson_code, title, objective) values ('e53f1e47-6eb1-547f-8b9a-e71a144a466a', '64d57898-02a0-553d-8da5-740f9d08f2b1', 21, '2.05', '2.05: Equations and Their Graphs', 'Let’s graph equations in two variables.') on conflict (library_id, sequence_index) do update set source_lesson_code = excluded.source_lesson_code, title = excluded.title, objective = excluded.objective;
insert into public.curriculum_lesson_standards (lesson_id, standard_id) values ('e53f1e47-6eb1-547f-8b9a-e71a144a466a', '580c167e-beaa-5ddc-958d-8d39c7edd32f') on conflict do nothing;
insert into public.curriculum_lesson_standards (lesson_id, standard_id) values ('e53f1e47-6eb1-547f-8b9a-e71a144a466a', '3f5b2e0e-527b-5299-a7a4-6a9b514c610c') on conflict do nothing;
insert into public.curriculum_lesson_standards (lesson_id, standard_id) values ('e53f1e47-6eb1-547f-8b9a-e71a144a466a', 'f5aea4e2-4414-56c3-85a2-fd07de6be86c') on conflict do nothing;
insert into public.curriculum_lessons (id, library_id, sequence_index, source_lesson_code, title, objective) values ('8151c56d-4b1d-516e-9be4-720e3197b0ac', '93d549d5-f6a7-5859-b16f-3cbf33972974', 21, '1.21', '1.21: One Hundred and Eighty', 'Let’s prove the Triangle Angle Sum Theorem.') on conflict (library_id, sequence_index) do update set source_lesson_code = excluded.source_lesson_code, title = excluded.title, objective = excluded.objective;
insert into public.curriculum_lesson_standards (lesson_id, standard_id) values ('8151c56d-4b1d-516e-9be4-720e3197b0ac', 'e3d03512-ff75-56e9-9d1e-f5852423564f') on conflict do nothing;
insert into public.curriculum_lesson_standards (lesson_id, standard_id) values ('8151c56d-4b1d-516e-9be4-720e3197b0ac', 'c261b7b3-2e90-59fd-bb40-444103884763') on conflict do nothing;
insert into public.curriculum_lesson_standards (lesson_id, standard_id) values ('8151c56d-4b1d-516e-9be4-720e3197b0ac', '6e6d26ae-d597-53d9-8eff-bee24f0f439c') on conflict do nothing;
insert into public.curriculum_lessons (id, library_id, sequence_index, source_lesson_code, title, objective) values ('31b7b46f-6ce0-5f1a-b387-a23ff243be89', 'bd790921-d355-59f7-bd5e-07d81adfac48', 21, '2.10', '2.10: Multiplicity', 'Let’s sketch some polynomial functions.') on conflict (library_id, sequence_index) do update set source_lesson_code = excluded.source_lesson_code, title = excluded.title, objective = excluded.objective;
insert into public.curriculum_lesson_standards (lesson_id, standard_id) values ('31b7b46f-6ce0-5f1a-b387-a23ff243be89', '917fcc7d-28be-52f4-9e77-b860370ceebc') on conflict do nothing;
insert into public.curriculum_lesson_standards (lesson_id, standard_id) values ('31b7b46f-6ce0-5f1a-b387-a23ff243be89', 'aeea1a16-44cc-563d-9cec-4c71abed7bc5') on conflict do nothing;
insert into public.curriculum_lessons (id, library_id, sequence_index, source_lesson_code, title, objective) values ('35101f30-d91b-5036-8849-462b6d13aba4', '64d57898-02a0-553d-8da5-740f9d08f2b1', 22, '2.06', '2.06: Equivalent Equations', 'Let''s investigate what makes two equations equivalent.') on conflict (library_id, sequence_index) do update set source_lesson_code = excluded.source_lesson_code, title = excluded.title, objective = excluded.objective;
insert into public.curriculum_lesson_standards (lesson_id, standard_id) values ('35101f30-d91b-5036-8849-462b6d13aba4', '580c167e-beaa-5ddc-958d-8d39c7edd32f') on conflict do nothing;
insert into public.curriculum_lesson_standards (lesson_id, standard_id) values ('35101f30-d91b-5036-8849-462b6d13aba4', 'e7afbadc-98a4-562b-ae47-1e96c2084ad2') on conflict do nothing;
insert into public.curriculum_lesson_standards (lesson_id, standard_id) values ('35101f30-d91b-5036-8849-462b6d13aba4', 'd697ada1-4280-5815-a8cb-e522ee0f188b') on conflict do nothing;
insert into public.curriculum_lesson_standards (lesson_id, standard_id) values ('35101f30-d91b-5036-8849-462b6d13aba4', '46f95a08-75f9-577c-bce7-206a3a3e0fdd') on conflict do nothing;
insert into public.curriculum_lessons (id, library_id, sequence_index, source_lesson_code, title, objective) values ('51bc81b7-cde5-5a7a-987e-57199480e56f', '93d549d5-f6a7-5859-b16f-3cbf33972974', 22, '1.22', '1.22: Now What Can You Build?', 'Let’s construct some creative shapes.') on conflict (library_id, sequence_index) do update set source_lesson_code = excluded.source_lesson_code, title = excluded.title, objective = excluded.objective;
insert into public.curriculum_lesson_standards (lesson_id, standard_id) values ('51bc81b7-cde5-5a7a-987e-57199480e56f', '42f4b3fe-9675-5b5e-8947-6b7b027c8c5c') on conflict do nothing;
insert into public.curriculum_lesson_standards (lesson_id, standard_id) values ('51bc81b7-cde5-5a7a-987e-57199480e56f', 'c013c8a2-e952-527f-ba07-f8a6e42578ee') on conflict do nothing;
insert into public.curriculum_lessons (id, library_id, sequence_index, source_lesson_code, title, objective) values ('675a1bd3-db99-5e73-affc-394c71c4a743', 'bd790921-d355-59f7-bd5e-07d81adfac48', 22, '2.11', '2.11: Finding Intersections', 'Let’s think about two polynomials at once.') on conflict (library_id, sequence_index) do update set source_lesson_code = excluded.source_lesson_code, title = excluded.title, objective = excluded.objective;
insert into public.curriculum_lesson_standards (lesson_id, standard_id) values ('675a1bd3-db99-5e73-affc-394c71c4a743', 'cb13913d-02a0-526f-8ef2-0c37cbe5b576') on conflict do nothing;
insert into public.curriculum_lesson_standards (lesson_id, standard_id) values ('675a1bd3-db99-5e73-affc-394c71c4a743', '6f729ade-7c4d-5e79-b415-87f138c22c0b') on conflict do nothing;
insert into public.curriculum_lesson_standards (lesson_id, standard_id) values ('675a1bd3-db99-5e73-affc-394c71c4a743', '1ece07a9-cbad-5c57-afb2-eac346b507d1') on conflict do nothing;
insert into public.curriculum_lessons (id, library_id, sequence_index, source_lesson_code, title, objective) values ('eae2c609-6b45-504d-82bc-1392cf9e5ea3', '64d57898-02a0-553d-8da5-740f9d08f2b1', 23, '2.07', '2.07: Explaining Steps for Rewriting Equations', 'Let’s think about why some steps for rewriting equations are valid but other steps are not.') on conflict (library_id, sequence_index) do update set source_lesson_code = excluded.source_lesson_code, title = excluded.title, objective = excluded.objective;
insert into public.curriculum_lesson_standards (lesson_id, standard_id) values ('eae2c609-6b45-504d-82bc-1392cf9e5ea3', 'e7afbadc-98a4-562b-ae47-1e96c2084ad2') on conflict do nothing;
insert into public.curriculum_lesson_standards (lesson_id, standard_id) values ('eae2c609-6b45-504d-82bc-1392cf9e5ea3', 'd697ada1-4280-5815-a8cb-e522ee0f188b') on conflict do nothing;
insert into public.curriculum_lessons (id, library_id, sequence_index, source_lesson_code, title, objective) values ('c69d6bac-76a5-57bc-a215-d887222f4f54', '93d549d5-f6a7-5859-b16f-3cbf33972974', 23, '2.01', '2.01: Congruent Parts, Part 1', 'Let’s figure out what the corresponding sides and angles in figures have to do with congruence.') on conflict (library_id, sequence_index) do update set source_lesson_code = excluded.source_lesson_code, title = excluded.title, objective = excluded.objective;
insert into public.curriculum_lesson_standards (lesson_id, standard_id) values ('c69d6bac-76a5-57bc-a215-d887222f4f54', 'bbec79f4-7e12-531d-9fab-22403d788d6d') on conflict do nothing;
insert into public.curriculum_lesson_standards (lesson_id, standard_id) values ('c69d6bac-76a5-57bc-a215-d887222f4f54', '3bdffdf8-cfed-5d8b-92a1-99d41cce9758') on conflict do nothing;
insert into public.curriculum_lesson_standards (lesson_id, standard_id) values ('c69d6bac-76a5-57bc-a215-d887222f4f54', 'f3e617c8-8305-565d-952d-f49edae660d7') on conflict do nothing;
insert into public.curriculum_lesson_standards (lesson_id, standard_id) values ('c69d6bac-76a5-57bc-a215-d887222f4f54', '67b2d63f-09c5-58f7-be59-a8874ee14e2e') on conflict do nothing;
insert into public.curriculum_lessons (id, library_id, sequence_index, source_lesson_code, title, objective) values ('2fe50f86-c5c2-5642-b525-d5bf3d355e50', 'bd790921-d355-59f7-bd5e-07d81adfac48', 23, '2.12', '2.12: Polynomial Division (Part 1)', 'Let’s learn a way to divide polynomials.') on conflict (library_id, sequence_index) do update set source_lesson_code = excluded.source_lesson_code, title = excluded.title, objective = excluded.objective;
insert into public.curriculum_lesson_standards (lesson_id, standard_id) values ('2fe50f86-c5c2-5642-b525-d5bf3d355e50', 'be5d8614-2109-5339-8df5-4f70b6e114d2') on conflict do nothing;
insert into public.curriculum_lesson_standards (lesson_id, standard_id) values ('2fe50f86-c5c2-5642-b525-d5bf3d355e50', 'bbd8e132-2172-55c9-8309-3984c3bae62d') on conflict do nothing;
insert into public.curriculum_lesson_standards (lesson_id, standard_id) values ('2fe50f86-c5c2-5642-b525-d5bf3d355e50', '917fcc7d-28be-52f4-9e77-b860370ceebc') on conflict do nothing;
insert into public.curriculum_lessons (id, library_id, sequence_index, source_lesson_code, title, objective) values ('34c3b106-c178-5ec2-a451-b1788869845b', '64d57898-02a0-553d-8da5-740f9d08f2b1', 24, '2.08', '2.08: Which Variable to Solve for? (Part 1)', 'Let’s rearrange equations to pin down a certain quantity.') on conflict (library_id, sequence_index) do update set source_lesson_code = excluded.source_lesson_code, title = excluded.title, objective = excluded.objective;
insert into public.curriculum_lesson_standards (lesson_id, standard_id) values ('34c3b106-c178-5ec2-a451-b1788869845b', 'ad9ee57e-8506-55f2-9952-977c3b9d1f59') on conflict do nothing;
insert into public.curriculum_lesson_standards (lesson_id, standard_id) values ('34c3b106-c178-5ec2-a451-b1788869845b', 'e9a83826-07a1-51ac-8d89-1b343d46bbc8') on conflict do nothing;
insert into public.curriculum_lessons (id, library_id, sequence_index, source_lesson_code, title, objective) values ('8287fe12-3209-54b5-bcba-d6a3a0ca3684', '93d549d5-f6a7-5859-b16f-3cbf33972974', 24, '2.02', '2.02: Congruent Parts, Part 2', 'Let’s name figures in ways that help us see the corresponding parts.') on conflict (library_id, sequence_index) do update set source_lesson_code = excluded.source_lesson_code, title = excluded.title, objective = excluded.objective;
insert into public.curriculum_lesson_standards (lesson_id, standard_id) values ('8287fe12-3209-54b5-bcba-d6a3a0ca3684', '3bdffdf8-cfed-5d8b-92a1-99d41cce9758') on conflict do nothing;
insert into public.curriculum_lesson_standards (lesson_id, standard_id) values ('8287fe12-3209-54b5-bcba-d6a3a0ca3684', 'f3e617c8-8305-565d-952d-f49edae660d7') on conflict do nothing;
insert into public.curriculum_lesson_standards (lesson_id, standard_id) values ('8287fe12-3209-54b5-bcba-d6a3a0ca3684', 'f772716f-0600-5e3a-825c-b1732534a76d') on conflict do nothing;
insert into public.curriculum_lessons (id, library_id, sequence_index, source_lesson_code, title, objective) values ('657280ec-5223-565b-bba1-0c90b7bc0e0d', 'bd790921-d355-59f7-bd5e-07d81adfac48', 24, '2.13', '2.13: Polynomial Division (Part 2)', 'Let’s learn a different way to divide polynomials.') on conflict (library_id, sequence_index) do update set source_lesson_code = excluded.source_lesson_code, title = excluded.title, objective = excluded.objective;
insert into public.curriculum_lesson_standards (lesson_id, standard_id) values ('657280ec-5223-565b-bba1-0c90b7bc0e0d', 'be5d8614-2109-5339-8df5-4f70b6e114d2') on conflict do nothing;
insert into public.curriculum_lesson_standards (lesson_id, standard_id) values ('657280ec-5223-565b-bba1-0c90b7bc0e0d', 'bbd8e132-2172-55c9-8309-3984c3bae62d') on conflict do nothing;
insert into public.curriculum_lessons (id, library_id, sequence_index, source_lesson_code, title, objective) values ('d4defe5c-2d43-52bc-9485-68c5fa523609', '64d57898-02a0-553d-8da5-740f9d08f2b1', 25, '2.09', '2.09: Which Variable to Solve for? (Part 2)', 'Let’s solve an equation for one of the variables.') on conflict (library_id, sequence_index) do update set source_lesson_code = excluded.source_lesson_code, title = excluded.title, objective = excluded.objective;
insert into public.curriculum_lesson_standards (lesson_id, standard_id) values ('d4defe5c-2d43-52bc-9485-68c5fa523609', '3f5b2e0e-527b-5299-a7a4-6a9b514c610c') on conflict do nothing;
insert into public.curriculum_lesson_standards (lesson_id, standard_id) values ('d4defe5c-2d43-52bc-9485-68c5fa523609', 'ad9ee57e-8506-55f2-9952-977c3b9d1f59') on conflict do nothing;
insert into public.curriculum_lesson_standards (lesson_id, standard_id) values ('d4defe5c-2d43-52bc-9485-68c5fa523609', 'e9a83826-07a1-51ac-8d89-1b343d46bbc8') on conflict do nothing;
insert into public.curriculum_lessons (id, library_id, sequence_index, source_lesson_code, title, objective) values ('e9c11b64-d713-5a94-8317-783fa556c52c', '93d549d5-f6a7-5859-b16f-3cbf33972974', 25, '2.03', '2.03: Congruent Triangles, Part 1', 'Let’s use transformations to be sure that two triangles are congruent.') on conflict (library_id, sequence_index) do update set source_lesson_code = excluded.source_lesson_code, title = excluded.title, objective = excluded.objective;
insert into public.curriculum_lesson_standards (lesson_id, standard_id) values ('e9c11b64-d713-5a94-8317-783fa556c52c', 'f3e617c8-8305-565d-952d-f49edae660d7') on conflict do nothing;
insert into public.curriculum_lesson_standards (lesson_id, standard_id) values ('e9c11b64-d713-5a94-8317-783fa556c52c', 'f772716f-0600-5e3a-825c-b1732534a76d') on conflict do nothing;
insert into public.curriculum_lessons (id, library_id, sequence_index, source_lesson_code, title, objective) values ('d7ba60b9-0a8d-5312-8f2d-d328ae3ed4c0', 'bd790921-d355-59f7-bd5e-07d81adfac48', 25, '2.14', '2.14: What Do You Know About Polynomials', 'Let''s put together what we''ve learned about polynomials so far.') on conflict (library_id, sequence_index) do update set source_lesson_code = excluded.source_lesson_code, title = excluded.title, objective = excluded.objective;
insert into public.curriculum_lesson_standards (lesson_id, standard_id) values ('d7ba60b9-0a8d-5312-8f2d-d328ae3ed4c0', 'be5d8614-2109-5339-8df5-4f70b6e114d2') on conflict do nothing;
insert into public.curriculum_lesson_standards (lesson_id, standard_id) values ('d7ba60b9-0a8d-5312-8f2d-d328ae3ed4c0', 'cb13913d-02a0-526f-8ef2-0c37cbe5b576') on conflict do nothing;
insert into public.curriculum_lesson_standards (lesson_id, standard_id) values ('d7ba60b9-0a8d-5312-8f2d-d328ae3ed4c0', 'bbd8e132-2172-55c9-8309-3984c3bae62d') on conflict do nothing;
insert into public.curriculum_lesson_standards (lesson_id, standard_id) values ('d7ba60b9-0a8d-5312-8f2d-d328ae3ed4c0', '917fcc7d-28be-52f4-9e77-b860370ceebc') on conflict do nothing;
insert into public.curriculum_lessons (id, library_id, sequence_index, source_lesson_code, title, objective) values ('3669a27c-c42e-53c7-89c0-0f111a2f1131', '64d57898-02a0-553d-8da5-740f9d08f2b1', 26, '2.10', '2.10: Connecting Equations to Graphs (Part 1)', 'Let’s investigate what graphs can tell us about the equations and relationships they represent.') on conflict (library_id, sequence_index) do update set source_lesson_code = excluded.source_lesson_code, title = excluded.title, objective = excluded.objective;
insert into public.curriculum_lesson_standards (lesson_id, standard_id) values ('3669a27c-c42e-53c7-89c0-0f111a2f1131', '3f5b2e0e-527b-5299-a7a4-6a9b514c610c') on conflict do nothing;
insert into public.curriculum_lesson_standards (lesson_id, standard_id) values ('3669a27c-c42e-53c7-89c0-0f111a2f1131', 'ad9ee57e-8506-55f2-9952-977c3b9d1f59') on conflict do nothing;
insert into public.curriculum_lesson_standards (lesson_id, standard_id) values ('3669a27c-c42e-53c7-89c0-0f111a2f1131', 'f5aea4e2-4414-56c3-85a2-fd07de6be86c') on conflict do nothing;
insert into public.curriculum_lessons (id, library_id, sequence_index, source_lesson_code, title, objective) values ('2f8390a9-3266-56c0-adb5-f0c544463fb3', '93d549d5-f6a7-5859-b16f-3cbf33972974', 26, '2.04', '2.04: Congruent Triangles, Part 2', 'Let’s figure out if there are shortcuts for being sure two triangles are congruent.') on conflict (library_id, sequence_index) do update set source_lesson_code = excluded.source_lesson_code, title = excluded.title, objective = excluded.objective;
insert into public.curriculum_lesson_standards (lesson_id, standard_id) values ('2f8390a9-3266-56c0-adb5-f0c544463fb3', 'e461c168-56d7-5ab0-95c2-744140392dac') on conflict do nothing;
insert into public.curriculum_lesson_standards (lesson_id, standard_id) values ('2f8390a9-3266-56c0-adb5-f0c544463fb3', 'f772716f-0600-5e3a-825c-b1732534a76d') on conflict do nothing;
insert into public.curriculum_lesson_standards (lesson_id, standard_id) values ('2f8390a9-3266-56c0-adb5-f0c544463fb3', 'c261b7b3-2e90-59fd-bb40-444103884763') on conflict do nothing;
insert into public.curriculum_lesson_standards (lesson_id, standard_id) values ('2f8390a9-3266-56c0-adb5-f0c544463fb3', '67b2d63f-09c5-58f7-be59-a8874ee14e2e') on conflict do nothing;
insert into public.curriculum_lesson_standards (lesson_id, standard_id) values ('2f8390a9-3266-56c0-adb5-f0c544463fb3', '9d2d81a8-f520-571a-a39e-8fb88ee2bcdf') on conflict do nothing;
insert into public.curriculum_lesson_standards (lesson_id, standard_id) values ('2f8390a9-3266-56c0-adb5-f0c544463fb3', '6760207f-af31-5c84-8699-0c07781b1206') on conflict do nothing;
insert into public.curriculum_lessons (id, library_id, sequence_index, source_lesson_code, title, objective) values ('fc66cd9a-4e4f-543d-9c90-f8927cdb7ac3', 'bd790921-d355-59f7-bd5e-07d81adfac48', 26, '2.15', '2.15: The Remainder Theorem', 'Let’s learn about the Remainder Theorem.') on conflict (library_id, sequence_index) do update set source_lesson_code = excluded.source_lesson_code, title = excluded.title, objective = excluded.objective;
insert into public.curriculum_lesson_standards (lesson_id, standard_id) values ('fc66cd9a-4e4f-543d-9c90-f8927cdb7ac3', 'bbd8e132-2172-55c9-8309-3984c3bae62d') on conflict do nothing;
insert into public.curriculum_lessons (id, library_id, sequence_index, source_lesson_code, title, objective) values ('0338d50e-c351-5ff4-80f4-a7c1462a4921', '64d57898-02a0-553d-8da5-740f9d08f2b1', 27, '2.11', '2.11: Connecting Equations to Graphs (Part 2)', 'Let''s analyze different forms of linear equations and how the forms relate to their graphs.') on conflict (library_id, sequence_index) do update set source_lesson_code = excluded.source_lesson_code, title = excluded.title, objective = excluded.objective;
insert into public.curriculum_lesson_standards (lesson_id, standard_id) values ('0338d50e-c351-5ff4-80f4-a7c1462a4921', 'ad9ee57e-8506-55f2-9952-977c3b9d1f59') on conflict do nothing;
insert into public.curriculum_lesson_standards (lesson_id, standard_id) values ('0338d50e-c351-5ff4-80f4-a7c1462a4921', 'f5aea4e2-4414-56c3-85a2-fd07de6be86c') on conflict do nothing;
insert into public.curriculum_lessons (id, library_id, sequence_index, source_lesson_code, title, objective) values ('4e67a39b-7639-5288-81f0-d8eea2c3a1d0', '93d549d5-f6a7-5859-b16f-3cbf33972974', 27, '2.05', '2.05: Points, Segments, and Zigzags', 'Let’s figure out when segments are congruent.') on conflict (library_id, sequence_index) do update set source_lesson_code = excluded.source_lesson_code, title = excluded.title, objective = excluded.objective;
insert into public.curriculum_lesson_standards (lesson_id, standard_id) values ('4e67a39b-7639-5288-81f0-d8eea2c3a1d0', '3bdffdf8-cfed-5d8b-92a1-99d41cce9758') on conflict do nothing;
insert into public.curriculum_lessons (id, library_id, sequence_index, source_lesson_code, title, objective) values ('c24f1953-494a-5bd6-8660-ed64bbaed532', 'bd790921-d355-59f7-bd5e-07d81adfac48', 27, '2.16', '2.16: Minimizing Surface Area', 'Let’s investigate surface areas of different cylinders.') on conflict (library_id, sequence_index) do update set source_lesson_code = excluded.source_lesson_code, title = excluded.title, objective = excluded.objective;
insert into public.curriculum_lesson_standards (lesson_id, standard_id) values ('c24f1953-494a-5bd6-8660-ed64bbaed532', 'd2f1c1b5-428d-5c6b-9a9a-cde9770e63c2') on conflict do nothing;
insert into public.curriculum_lesson_standards (lesson_id, standard_id) values ('c24f1953-494a-5bd6-8660-ed64bbaed532', '580c167e-beaa-5ddc-958d-8d39c7edd32f') on conflict do nothing;
insert into public.curriculum_lesson_standards (lesson_id, standard_id) values ('c24f1953-494a-5bd6-8660-ed64bbaed532', 'ad9ee57e-8506-55f2-9952-977c3b9d1f59') on conflict do nothing;
insert into public.curriculum_lessons (id, library_id, sequence_index, source_lesson_code, title, objective) values ('649ce46e-ffa7-5cd7-bf45-577cccc37b15', '64d57898-02a0-553d-8da5-740f9d08f2b1', 28, '2.12', '2.12: Writing and Graphing Systems of Linear Equations', 'Let’s recall what it means to solve a system of linear equations and how to do it by graphing.') on conflict (library_id, sequence_index) do update set source_lesson_code = excluded.source_lesson_code, title = excluded.title, objective = excluded.objective;
insert into public.curriculum_lesson_standards (lesson_id, standard_id) values ('649ce46e-ffa7-5cd7-bf45-577cccc37b15', '3f5b2e0e-527b-5299-a7a4-6a9b514c610c') on conflict do nothing;
insert into public.curriculum_lesson_standards (lesson_id, standard_id) values ('649ce46e-ffa7-5cd7-bf45-577cccc37b15', 'e7afbadc-98a4-562b-ae47-1e96c2084ad2') on conflict do nothing;
insert into public.curriculum_lesson_standards (lesson_id, standard_id) values ('649ce46e-ffa7-5cd7-bf45-577cccc37b15', 'fa2aedcd-e63d-5c5d-86e0-f5fd03e32b42') on conflict do nothing;
insert into public.curriculum_lessons (id, library_id, sequence_index, source_lesson_code, title, objective) values ('ce2a27ba-3894-5bb1-91ba-b90e9e280dbf', '93d549d5-f6a7-5859-b16f-3cbf33972974', 28, '2.06', '2.06: Side-Angle-Side Triangle Congruence', 'Let’s use definitions and theorems to figure out what must be true about shapes, without having to measure all parts of the shapes.') on conflict (library_id, sequence_index) do update set source_lesson_code = excluded.source_lesson_code, title = excluded.title, objective = excluded.objective;
insert into public.curriculum_lesson_standards (lesson_id, standard_id) values ('ce2a27ba-3894-5bb1-91ba-b90e9e280dbf', 'f772716f-0600-5e3a-825c-b1732534a76d') on conflict do nothing;
insert into public.curriculum_lesson_standards (lesson_id, standard_id) values ('ce2a27ba-3894-5bb1-91ba-b90e9e280dbf', 'c261b7b3-2e90-59fd-bb40-444103884763') on conflict do nothing;
insert into public.curriculum_lesson_standards (lesson_id, standard_id) values ('ce2a27ba-3894-5bb1-91ba-b90e9e280dbf', '67b2d63f-09c5-58f7-be59-a8874ee14e2e') on conflict do nothing;
insert into public.curriculum_lesson_standards (lesson_id, standard_id) values ('ce2a27ba-3894-5bb1-91ba-b90e9e280dbf', '6e6d26ae-d597-53d9-8eff-bee24f0f439c') on conflict do nothing;
insert into public.curriculum_lessons (id, library_id, sequence_index, source_lesson_code, title, objective) values ('ebe9bafb-2fdc-559a-b3fb-74b112c940de', 'bd790921-d355-59f7-bd5e-07d81adfac48', 28, '2.17', '2.17: Graphs of Rational Functions (Part 1)', 'Let’s explore graphs and equations of rational functions.') on conflict (library_id, sequence_index) do update set source_lesson_code = excluded.source_lesson_code, title = excluded.title, objective = excluded.objective;
insert into public.curriculum_lesson_standards (lesson_id, standard_id) values ('ebe9bafb-2fdc-559a-b3fb-74b112c940de', '580c167e-beaa-5ddc-958d-8d39c7edd32f') on conflict do nothing;
insert into public.curriculum_lesson_standards (lesson_id, standard_id) values ('ebe9bafb-2fdc-559a-b3fb-74b112c940de', '444d2808-cd0e-5ecd-89da-9fcb58c9e9f8') on conflict do nothing;
insert into public.curriculum_lesson_standards (lesson_id, standard_id) values ('ebe9bafb-2fdc-559a-b3fb-74b112c940de', 'a337895a-3a09-57c4-a135-672808d0cd90') on conflict do nothing;
insert into public.curriculum_lesson_standards (lesson_id, standard_id) values ('ebe9bafb-2fdc-559a-b3fb-74b112c940de', '2cfdce83-4c79-56f6-8bb0-d3adbac4ca9f') on conflict do nothing;
insert into public.curriculum_lesson_standards (lesson_id, standard_id) values ('ebe9bafb-2fdc-559a-b3fb-74b112c940de', 'c69e1aff-08d3-5a37-9431-f7cf90e4f062') on conflict do nothing;
insert into public.curriculum_lessons (id, library_id, sequence_index, source_lesson_code, title, objective) values ('fb8792b3-a3c6-53f7-a2fe-3420e4932396', '64d57898-02a0-553d-8da5-740f9d08f2b1', 29, '2.13', '2.13: Solving Systems by Substitution', 'Let’s use substitution to solve systems of linear equations.') on conflict (library_id, sequence_index) do update set source_lesson_code = excluded.source_lesson_code, title = excluded.title, objective = excluded.objective;
insert into public.curriculum_lesson_standards (lesson_id, standard_id) values ('fb8792b3-a3c6-53f7-a2fe-3420e4932396', 'fa2aedcd-e63d-5c5d-86e0-f5fd03e32b42') on conflict do nothing;
insert into public.curriculum_lessons (id, library_id, sequence_index, source_lesson_code, title, objective) values ('3625e582-c1d8-513d-ae1c-efc693cde33f', '93d549d5-f6a7-5859-b16f-3cbf33972974', 29, '2.07', '2.07: Angle-Side-Angle Triangle Congruence', 'Let’s see if we can prove other sets of measurements that guarantee triangles are congruent, and apply those theorems.') on conflict (library_id, sequence_index) do update set source_lesson_code = excluded.source_lesson_code, title = excluded.title, objective = excluded.objective;
insert into public.curriculum_lesson_standards (lesson_id, standard_id) values ('3625e582-c1d8-513d-ae1c-efc693cde33f', 'f772716f-0600-5e3a-825c-b1732534a76d') on conflict do nothing;
insert into public.curriculum_lesson_standards (lesson_id, standard_id) values ('3625e582-c1d8-513d-ae1c-efc693cde33f', 'c261b7b3-2e90-59fd-bb40-444103884763') on conflict do nothing;
insert into public.curriculum_lesson_standards (lesson_id, standard_id) values ('3625e582-c1d8-513d-ae1c-efc693cde33f', '67b2d63f-09c5-58f7-be59-a8874ee14e2e') on conflict do nothing;
insert into public.curriculum_lessons (id, library_id, sequence_index, source_lesson_code, title, objective) values ('dc93cf3c-2823-5fa5-a02b-dc7ea287fda9', 'bd790921-d355-59f7-bd5e-07d81adfac48', 29, '2.18', '2.18: Graphs of Rational Functions (Part 2)', 'Let’s learn about horizontal asymptotes.') on conflict (library_id, sequence_index) do update set source_lesson_code = excluded.source_lesson_code, title = excluded.title, objective = excluded.objective;
insert into public.curriculum_lesson_standards (lesson_id, standard_id) values ('dc93cf3c-2823-5fa5-a02b-dc7ea287fda9', '2d4e1c8d-66cc-5203-b27f-c39436eeb455') on conflict do nothing;
insert into public.curriculum_lesson_standards (lesson_id, standard_id) values ('dc93cf3c-2823-5fa5-a02b-dc7ea287fda9', '46f95a08-75f9-577c-bce7-206a3a3e0fdd') on conflict do nothing;
insert into public.curriculum_lesson_standards (lesson_id, standard_id) values ('dc93cf3c-2823-5fa5-a02b-dc7ea287fda9', '2cfdce83-4c79-56f6-8bb0-d3adbac4ca9f') on conflict do nothing;
insert into public.curriculum_lessons (id, library_id, sequence_index, source_lesson_code, title, objective) values ('68d4e35d-7dde-5d26-afad-cf44d4a2adda', '64d57898-02a0-553d-8da5-740f9d08f2b1', 30, '2.14', '2.14: Solving Systems by Elimination (Part 1)', 'Let’s investigate how adding or subtracting equations can help us solve systems of linear equations.') on conflict (library_id, sequence_index) do update set source_lesson_code = excluded.source_lesson_code, title = excluded.title, objective = excluded.objective;
insert into public.curriculum_lesson_standards (lesson_id, standard_id) values ('68d4e35d-7dde-5d26-afad-cf44d4a2adda', '9a64a091-255f-548a-95e9-ae0667787912') on conflict do nothing;
insert into public.curriculum_lesson_standards (lesson_id, standard_id) values ('68d4e35d-7dde-5d26-afad-cf44d4a2adda', 'fa2aedcd-e63d-5c5d-86e0-f5fd03e32b42') on conflict do nothing;
insert into public.curriculum_lessons (id, library_id, sequence_index, source_lesson_code, title, objective) values ('b8018782-8dca-5288-b6d0-13edfead28ed', '93d549d5-f6a7-5859-b16f-3cbf33972974', 30, '2.08', '2.08: The Perpendicular Bisector Theorem', 'Let’s convince ourselves that what we’ve conjectured about perpendicular bisectors must be true.') on conflict (library_id, sequence_index) do update set source_lesson_code = excluded.source_lesson_code, title = excluded.title, objective = excluded.objective;
insert into public.curriculum_lesson_standards (lesson_id, standard_id) values ('b8018782-8dca-5288-b6d0-13edfead28ed', '1e74e00a-be95-57eb-a541-44d72cf2b202') on conflict do nothing;
insert into public.curriculum_lesson_standards (lesson_id, standard_id) values ('b8018782-8dca-5288-b6d0-13edfead28ed', 'f772716f-0600-5e3a-825c-b1732534a76d') on conflict do nothing;
insert into public.curriculum_lesson_standards (lesson_id, standard_id) values ('b8018782-8dca-5288-b6d0-13edfead28ed', '6e6d26ae-d597-53d9-8eff-bee24f0f439c') on conflict do nothing;
insert into public.curriculum_lessons (id, library_id, sequence_index, source_lesson_code, title, objective) values ('9e4ad9bf-d035-5e73-962e-92a0d7aec98c', 'bd790921-d355-59f7-bd5e-07d81adfac48', 30, '2.19', '2.19: End Behavior of Rational Functions', 'Let’s explore the end behavior of rational functions.') on conflict (library_id, sequence_index) do update set source_lesson_code = excluded.source_lesson_code, title = excluded.title, objective = excluded.objective;
insert into public.curriculum_lesson_standards (lesson_id, standard_id) values ('9e4ad9bf-d035-5e73-962e-92a0d7aec98c', '2d4e1c8d-66cc-5203-b27f-c39436eeb455') on conflict do nothing;
insert into public.curriculum_lesson_standards (lesson_id, standard_id) values ('9e4ad9bf-d035-5e73-962e-92a0d7aec98c', '46f95a08-75f9-577c-bce7-206a3a3e0fdd') on conflict do nothing;
insert into public.curriculum_lesson_standards (lesson_id, standard_id) values ('9e4ad9bf-d035-5e73-962e-92a0d7aec98c', 'c69e1aff-08d3-5a37-9431-f7cf90e4f062') on conflict do nothing;
insert into public.curriculum_lessons (id, library_id, sequence_index, source_lesson_code, title, objective) values ('b437fa17-4330-5806-84ec-3a57f7f98e5c', '64d57898-02a0-553d-8da5-740f9d08f2b1', 31, '2.15', '2.15: Solving Systems by Elimination (Part 2)', 'Let’s think about why adding and subtracting equations works for solving systems of linear equations.') on conflict (library_id, sequence_index) do update set source_lesson_code = excluded.source_lesson_code, title = excluded.title, objective = excluded.objective;
insert into public.curriculum_lesson_standards (lesson_id, standard_id) values ('b437fa17-4330-5806-84ec-3a57f7f98e5c', '9a64a091-255f-548a-95e9-ae0667787912') on conflict do nothing;
insert into public.curriculum_lesson_standards (lesson_id, standard_id) values ('b437fa17-4330-5806-84ec-3a57f7f98e5c', 'fa2aedcd-e63d-5c5d-86e0-f5fd03e32b42') on conflict do nothing;
insert into public.curriculum_lessons (id, library_id, sequence_index, source_lesson_code, title, objective) values ('936d8721-0e57-57d1-b464-4840c7a5f6ac', '93d549d5-f6a7-5859-b16f-3cbf33972974', 31, '2.09', '2.09: Side-Side-Side Triangle Congruence', 'Let’s see if we can prove one more set of conditions that guarantee triangles are congruent, and apply theorems.') on conflict (library_id, sequence_index) do update set source_lesson_code = excluded.source_lesson_code, title = excluded.title, objective = excluded.objective;
insert into public.curriculum_lesson_standards (lesson_id, standard_id) values ('936d8721-0e57-57d1-b464-4840c7a5f6ac', 'f772716f-0600-5e3a-825c-b1732534a76d') on conflict do nothing;
insert into public.curriculum_lesson_standards (lesson_id, standard_id) values ('936d8721-0e57-57d1-b464-4840c7a5f6ac', 'c261b7b3-2e90-59fd-bb40-444103884763') on conflict do nothing;
insert into public.curriculum_lesson_standards (lesson_id, standard_id) values ('936d8721-0e57-57d1-b464-4840c7a5f6ac', '67b2d63f-09c5-58f7-be59-a8874ee14e2e') on conflict do nothing;
insert into public.curriculum_lesson_standards (lesson_id, standard_id) values ('936d8721-0e57-57d1-b464-4840c7a5f6ac', '6e6d26ae-d597-53d9-8eff-bee24f0f439c') on conflict do nothing;
insert into public.curriculum_lessons (id, library_id, sequence_index, source_lesson_code, title, objective) values ('17cd9b5d-93a0-595b-8abe-c0f3808892f9', 'bd790921-d355-59f7-bd5e-07d81adfac48', 31, '2.20', '2.20: Rational Equations (Part 1)', 'Let’s write and solve some rational equations.') on conflict (library_id, sequence_index) do update set source_lesson_code = excluded.source_lesson_code, title = excluded.title, objective = excluded.objective;
insert into public.curriculum_lesson_standards (lesson_id, standard_id) values ('17cd9b5d-93a0-595b-8abe-c0f3808892f9', '6addac54-a167-58ed-a09d-dd3d3e36c69b') on conflict do nothing;
insert into public.curriculum_lesson_standards (lesson_id, standard_id) values ('17cd9b5d-93a0-595b-8abe-c0f3808892f9', '580c167e-beaa-5ddc-958d-8d39c7edd32f') on conflict do nothing;
insert into public.curriculum_lesson_standards (lesson_id, standard_id) values ('17cd9b5d-93a0-595b-8abe-c0f3808892f9', 'e7afbadc-98a4-562b-ae47-1e96c2084ad2') on conflict do nothing;
insert into public.curriculum_lesson_standards (lesson_id, standard_id) values ('17cd9b5d-93a0-595b-8abe-c0f3808892f9', 'd697ada1-4280-5815-a8cb-e522ee0f188b') on conflict do nothing;
insert into public.curriculum_lessons (id, library_id, sequence_index, source_lesson_code, title, objective) values ('639f6b2c-8d70-53d4-bfa4-5ed6fc545da4', '64d57898-02a0-553d-8da5-740f9d08f2b1', 32, '2.16', '2.16: Solving Systems by Elimination (Part 3)', 'Let''s find out how multiplying equations by a factor can help us solve systems of linear equations.') on conflict (library_id, sequence_index) do update set source_lesson_code = excluded.source_lesson_code, title = excluded.title, objective = excluded.objective;
insert into public.curriculum_lesson_standards (lesson_id, standard_id) values ('639f6b2c-8d70-53d4-bfa4-5ed6fc545da4', '9a64a091-255f-548a-95e9-ae0667787912') on conflict do nothing;
insert into public.curriculum_lesson_standards (lesson_id, standard_id) values ('639f6b2c-8d70-53d4-bfa4-5ed6fc545da4', 'fa2aedcd-e63d-5c5d-86e0-f5fd03e32b42') on conflict do nothing;
insert into public.curriculum_lessons (id, library_id, sequence_index, source_lesson_code, title, objective) values ('86a49b3a-f134-5197-a825-3e1a92126747', '93d549d5-f6a7-5859-b16f-3cbf33972974', 32, '2.10', '2.10: Practicing Proofs', 'Let’s practice what we’ve learned about proofs and congruence.') on conflict (library_id, sequence_index) do update set source_lesson_code = excluded.source_lesson_code, title = excluded.title, objective = excluded.objective;
insert into public.curriculum_lesson_standards (lesson_id, standard_id) values ('86a49b3a-f134-5197-a825-3e1a92126747', '67b2d63f-09c5-58f7-be59-a8874ee14e2e') on conflict do nothing;
insert into public.curriculum_lesson_standards (lesson_id, standard_id) values ('86a49b3a-f134-5197-a825-3e1a92126747', '6dac2afd-7729-5fea-aa1f-5403fe738a35') on conflict do nothing;
insert into public.curriculum_lessons (id, library_id, sequence_index, source_lesson_code, title, objective) values ('77d2e72e-911a-5f1f-b0b5-f2499e040a97', 'bd790921-d355-59f7-bd5e-07d81adfac48', 32, '2.21', '2.21: Rational Equations (Part 2)', 'Let’s write and solve some more rational equations.') on conflict (library_id, sequence_index) do update set source_lesson_code = excluded.source_lesson_code, title = excluded.title, objective = excluded.objective;
insert into public.curriculum_lesson_standards (lesson_id, standard_id) values ('77d2e72e-911a-5f1f-b0b5-f2499e040a97', '6addac54-a167-58ed-a09d-dd3d3e36c69b') on conflict do nothing;
insert into public.curriculum_lesson_standards (lesson_id, standard_id) values ('77d2e72e-911a-5f1f-b0b5-f2499e040a97', 'e7afbadc-98a4-562b-ae47-1e96c2084ad2') on conflict do nothing;
insert into public.curriculum_lesson_standards (lesson_id, standard_id) values ('77d2e72e-911a-5f1f-b0b5-f2499e040a97', 'd697ada1-4280-5815-a8cb-e522ee0f188b') on conflict do nothing;
insert into public.curriculum_lesson_standards (lesson_id, standard_id) values ('77d2e72e-911a-5f1f-b0b5-f2499e040a97', '1ece07a9-cbad-5c57-afb2-eac346b507d1') on conflict do nothing;
insert into public.curriculum_lessons (id, library_id, sequence_index, source_lesson_code, title, objective) values ('264614f4-3a80-561f-b2b0-ff91094ecb41', '64d57898-02a0-553d-8da5-740f9d08f2b1', 33, '2.17', '2.17: Systems of Linear Equations and Their Solutions', 'Let''s find out how many solutions a system of equations could have.') on conflict (library_id, sequence_index) do update set source_lesson_code = excluded.source_lesson_code, title = excluded.title, objective = excluded.objective;
insert into public.curriculum_lesson_standards (lesson_id, standard_id) values ('264614f4-3a80-561f-b2b0-ff91094ecb41', '3f5b2e0e-527b-5299-a7a4-6a9b514c610c') on conflict do nothing;
insert into public.curriculum_lesson_standards (lesson_id, standard_id) values ('264614f4-3a80-561f-b2b0-ff91094ecb41', 'fa2aedcd-e63d-5c5d-86e0-f5fd03e32b42') on conflict do nothing;
insert into public.curriculum_lessons (id, library_id, sequence_index, source_lesson_code, title, objective) values ('06cf924c-b4a5-5580-9413-6c7ac9f8424f', '93d549d5-f6a7-5859-b16f-3cbf33972974', 33, '2.11', '2.11: Side-Side-Angle (Sometimes) Congruence', 'Let’s explore triangle congruence criteria that are ambiguous.') on conflict (library_id, sequence_index) do update set source_lesson_code = excluded.source_lesson_code, title = excluded.title, objective = excluded.objective;
insert into public.curriculum_lessons (id, library_id, sequence_index, source_lesson_code, title, objective) values ('8f42b9e6-4074-545d-a5cd-0dc75c11f5d8', 'bd790921-d355-59f7-bd5e-07d81adfac48', 33, '2.22', '2.22: Solving Rational Equations', 'Let’s think about how to solve rational equations strategically.') on conflict (library_id, sequence_index) do update set source_lesson_code = excluded.source_lesson_code, title = excluded.title, objective = excluded.objective;
insert into public.curriculum_lesson_standards (lesson_id, standard_id) values ('8f42b9e6-4074-545d-a5cd-0dc75c11f5d8', 'b8aef6cc-cc06-50bf-bde9-5e24a2cb9c5d') on conflict do nothing;
insert into public.curriculum_lessons (id, library_id, sequence_index, source_lesson_code, title, objective) values ('37f7166e-4b5b-5cce-91d4-78e81a2ce2e3', '64d57898-02a0-553d-8da5-740f9d08f2b1', 34, '2.18', '2.18: Representing Situations with Inequalities', 'Let’s use inequalities to represent constraints in situations.') on conflict (library_id, sequence_index) do update set source_lesson_code = excluded.source_lesson_code, title = excluded.title, objective = excluded.objective;
insert into public.curriculum_lesson_standards (lesson_id, standard_id) values ('37f7166e-4b5b-5cce-91d4-78e81a2ce2e3', '3f5b2e0e-527b-5299-a7a4-6a9b514c610c') on conflict do nothing;
insert into public.curriculum_lesson_standards (lesson_id, standard_id) values ('37f7166e-4b5b-5cce-91d4-78e81a2ce2e3', '12d1dfda-5ddb-5b64-8f8b-6575308031a5') on conflict do nothing;
insert into public.curriculum_lessons (id, library_id, sequence_index, source_lesson_code, title, objective) values ('0eb7f9b1-ba05-5087-bca0-e25e01a0682f', '93d549d5-f6a7-5859-b16f-3cbf33972974', 34, '2.12', '2.12: Proofs about Quadrilaterals', 'Let’s prove theorems about quadrilaterals and their diagonals.') on conflict (library_id, sequence_index) do update set source_lesson_code = excluded.source_lesson_code, title = excluded.title, objective = excluded.objective;
insert into public.curriculum_lesson_standards (lesson_id, standard_id) values ('0eb7f9b1-ba05-5087-bca0-e25e01a0682f', '67b2d63f-09c5-58f7-be59-a8874ee14e2e') on conflict do nothing;
insert into public.curriculum_lessons (id, library_id, sequence_index, source_lesson_code, title, objective) values ('3b1641cc-ebee-557e-abf9-4e3f21931968', 'bd790921-d355-59f7-bd5e-07d81adfac48', 34, '2.23', '2.23: Polynomial Identities (Part 1)', 'Let’s learn about polynomial identities.') on conflict (library_id, sequence_index) do update set source_lesson_code = excluded.source_lesson_code, title = excluded.title, objective = excluded.objective;
insert into public.curriculum_lesson_standards (lesson_id, standard_id) values ('3b1641cc-ebee-557e-abf9-4e3f21931968', '3a888bf3-4a47-566f-864f-0791925da8cf') on conflict do nothing;
insert into public.curriculum_lesson_standards (lesson_id, standard_id) values ('3b1641cc-ebee-557e-abf9-4e3f21931968', '23a11633-3171-5f6e-9f5a-35e5793fde71') on conflict do nothing;
insert into public.curriculum_lesson_standards (lesson_id, standard_id) values ('3b1641cc-ebee-557e-abf9-4e3f21931968', '2be4aa66-95af-5441-a060-e98f189ae51f') on conflict do nothing;
insert into public.curriculum_lessons (id, library_id, sequence_index, source_lesson_code, title, objective) values ('6c89448a-7ec2-5caf-8c75-0329a159c0a5', '64d57898-02a0-553d-8da5-740f9d08f2b1', 35, '2.19', '2.19: Solutions to Inequalities in One Variable', 'Let’s find and interpret solutions to inequalities in one variable.') on conflict (library_id, sequence_index) do update set source_lesson_code = excluded.source_lesson_code, title = excluded.title, objective = excluded.objective;
insert into public.curriculum_lesson_standards (lesson_id, standard_id) values ('6c89448a-7ec2-5caf-8c75-0329a159c0a5', '6addac54-a167-58ed-a09d-dd3d3e36c69b') on conflict do nothing;
insert into public.curriculum_lesson_standards (lesson_id, standard_id) values ('6c89448a-7ec2-5caf-8c75-0329a159c0a5', 'e9a83826-07a1-51ac-8d89-1b343d46bbc8') on conflict do nothing;
insert into public.curriculum_lessons (id, library_id, sequence_index, source_lesson_code, title, objective) values ('852c194b-4377-5a72-aa8a-dfa57cf1e10d', '93d549d5-f6a7-5859-b16f-3cbf33972974', 35, '2.13', '2.13: Proofs about Parallelograms', 'Let’s prove theorems about parallelograms.') on conflict (library_id, sequence_index) do update set source_lesson_code = excluded.source_lesson_code, title = excluded.title, objective = excluded.objective;
insert into public.curriculum_lesson_standards (lesson_id, standard_id) values ('852c194b-4377-5a72-aa8a-dfa57cf1e10d', '67b2d63f-09c5-58f7-be59-a8874ee14e2e') on conflict do nothing;
insert into public.curriculum_lessons (id, library_id, sequence_index, source_lesson_code, title, objective) values ('79b5fb0f-916d-59e6-8a42-570eaa76b3b9', 'bd790921-d355-59f7-bd5e-07d81adfac48', 35, '2.24', '2.24: Polynomial Identities (Part 2)', 'Let’s explore some other identities.') on conflict (library_id, sequence_index) do update set source_lesson_code = excluded.source_lesson_code, title = excluded.title, objective = excluded.objective;
insert into public.curriculum_lesson_standards (lesson_id, standard_id) values ('79b5fb0f-916d-59e6-8a42-570eaa76b3b9', '3a888bf3-4a47-566f-864f-0791925da8cf') on conflict do nothing;
insert into public.curriculum_lesson_standards (lesson_id, standard_id) values ('79b5fb0f-916d-59e6-8a42-570eaa76b3b9', '6b5ce490-9a11-5bfe-8c31-63f8c5755900') on conflict do nothing;
insert into public.curriculum_lessons (id, library_id, sequence_index, source_lesson_code, title, objective) values ('118af05b-dc62-563f-9ea1-c365134c7dad', '64d57898-02a0-553d-8da5-740f9d08f2b1', 36, '2.20', '2.20: Writing and Solving Inequalities in One Variable', 'Let’s solve problems by writing and solving inequalities in one variable.') on conflict (library_id, sequence_index) do update set source_lesson_code = excluded.source_lesson_code, title = excluded.title, objective = excluded.objective;
insert into public.curriculum_lesson_standards (lesson_id, standard_id) values ('118af05b-dc62-563f-9ea1-c365134c7dad', '6addac54-a167-58ed-a09d-dd3d3e36c69b') on conflict do nothing;
insert into public.curriculum_lesson_standards (lesson_id, standard_id) values ('118af05b-dc62-563f-9ea1-c365134c7dad', '3f5b2e0e-527b-5299-a7a4-6a9b514c610c') on conflict do nothing;
insert into public.curriculum_lesson_standards (lesson_id, standard_id) values ('118af05b-dc62-563f-9ea1-c365134c7dad', 'e9a83826-07a1-51ac-8d89-1b343d46bbc8') on conflict do nothing;
insert into public.curriculum_lessons (id, library_id, sequence_index, source_lesson_code, title, objective) values ('b150e840-ee75-5f2f-a12b-f7e28ae996ec', '93d549d5-f6a7-5859-b16f-3cbf33972974', 36, '2.14', '2.14: Bisect It', 'Let’s prove that some constructions we conjectured about really work.') on conflict (library_id, sequence_index) do update set source_lesson_code = excluded.source_lesson_code, title = excluded.title, objective = excluded.objective;
insert into public.curriculum_lesson_standards (lesson_id, standard_id) values ('b150e840-ee75-5f2f-a12b-f7e28ae996ec', '6e6d26ae-d597-53d9-8eff-bee24f0f439c') on conflict do nothing;
insert into public.curriculum_lessons (id, library_id, sequence_index, source_lesson_code, title, objective) values ('44d5171b-4e64-589a-a92f-c8667b4e1dcb', 'bd790921-d355-59f7-bd5e-07d81adfac48', 36, '2.25', '2.25: Summing Up', 'Let’s figure out a better way to add numbers.') on conflict (library_id, sequence_index) do update set source_lesson_code = excluded.source_lesson_code, title = excluded.title, objective = excluded.objective;
insert into public.curriculum_lesson_standards (lesson_id, standard_id) values ('44d5171b-4e64-589a-a92f-c8667b4e1dcb', '02f02f43-a56e-57c5-9141-7ea6d40f5700') on conflict do nothing;
insert into public.curriculum_lesson_standards (lesson_id, standard_id) values ('44d5171b-4e64-589a-a92f-c8667b4e1dcb', '23a11633-3171-5f6e-9f5a-35e5793fde71') on conflict do nothing;
insert into public.curriculum_lesson_standards (lesson_id, standard_id) values ('44d5171b-4e64-589a-a92f-c8667b4e1dcb', '2be4aa66-95af-5441-a060-e98f189ae51f') on conflict do nothing;
insert into public.curriculum_lessons (id, library_id, sequence_index, source_lesson_code, title, objective) values ('33840999-bc8a-5fe9-aa7d-4e44ada6f7d9', '64d57898-02a0-553d-8da5-740f9d08f2b1', 37, '2.21', '2.21: Graphing Linear Inequalities in Two Variables (Part 1)', 'Let’s find out how to use graphs to represent solutions to inequalities in two variables.') on conflict (library_id, sequence_index) do update set source_lesson_code = excluded.source_lesson_code, title = excluded.title, objective = excluded.objective;
insert into public.curriculum_lesson_standards (lesson_id, standard_id) values ('33840999-bc8a-5fe9-aa7d-4e44ada6f7d9', '8e4fc3e5-68d4-550e-b709-6f4d5eb859b3') on conflict do nothing;
insert into public.curriculum_lessons (id, library_id, sequence_index, source_lesson_code, title, objective) values ('82ffe96c-2752-5beb-85bc-afa69b9d6439', '93d549d5-f6a7-5859-b16f-3cbf33972974', 37, '2.15', '2.15: Congruence for Quadrilaterals', 'Let’s investigate how congruence for quadrilaterals is similar to and different from congruence for triangles.') on conflict (library_id, sequence_index) do update set source_lesson_code = excluded.source_lesson_code, title = excluded.title, objective = excluded.objective;
insert into public.curriculum_lesson_standards (lesson_id, standard_id) values ('82ffe96c-2752-5beb-85bc-afa69b9d6439', '67b2d63f-09c5-58f7-be59-a8874ee14e2e') on conflict do nothing;
insert into public.curriculum_lessons (id, library_id, sequence_index, source_lesson_code, title, objective) values ('b488a4a0-8e22-531f-90b3-1452d5103dfa', 'bd790921-d355-59f7-bd5e-07d81adfac48', 37, '2.26', '2.26: Using the Sum', 'Let’s calculate some totals.') on conflict (library_id, sequence_index) do update set source_lesson_code = excluded.source_lesson_code, title = excluded.title, objective = excluded.objective;
insert into public.curriculum_lesson_standards (lesson_id, standard_id) values ('b488a4a0-8e22-531f-90b3-1452d5103dfa', '46f95a08-75f9-577c-bce7-206a3a3e0fdd') on conflict do nothing;
insert into public.curriculum_lesson_standards (lesson_id, standard_id) values ('b488a4a0-8e22-531f-90b3-1452d5103dfa', '2be4aa66-95af-5441-a060-e98f189ae51f') on conflict do nothing;
insert into public.curriculum_lessons (id, library_id, sequence_index, source_lesson_code, title, objective) values ('f36e77b6-f0ae-562e-8202-8c6676c287bf', '64d57898-02a0-553d-8da5-740f9d08f2b1', 38, '2.22', '2.22: Graphing Linear Inequalities in Two Variables (Part 2)', 'Let’s write inequalities in two variables and make sense of the solutions by reasoning and by graphing.') on conflict (library_id, sequence_index) do update set source_lesson_code = excluded.source_lesson_code, title = excluded.title, objective = excluded.objective;
insert into public.curriculum_lesson_standards (lesson_id, standard_id) values ('f36e77b6-f0ae-562e-8202-8c6676c287bf', '3f5b2e0e-527b-5299-a7a4-6a9b514c610c') on conflict do nothing;
insert into public.curriculum_lesson_standards (lesson_id, standard_id) values ('f36e77b6-f0ae-562e-8202-8c6676c287bf', 'f5aea4e2-4414-56c3-85a2-fd07de6be86c') on conflict do nothing;
insert into public.curriculum_lesson_standards (lesson_id, standard_id) values ('f36e77b6-f0ae-562e-8202-8c6676c287bf', '8e4fc3e5-68d4-550e-b709-6f4d5eb859b3') on conflict do nothing;
insert into public.curriculum_lessons (id, library_id, sequence_index, source_lesson_code, title, objective) values ('71ced888-cbb3-56e6-8236-6a50f186515e', '93d549d5-f6a7-5859-b16f-3cbf33972974', 38, '3.01', '3.01: Scale Drawings', 'Let’s make a scale drawing.') on conflict (library_id, sequence_index) do update set source_lesson_code = excluded.source_lesson_code, title = excluded.title, objective = excluded.objective;
insert into public.curriculum_lesson_standards (lesson_id, standard_id) values ('71ced888-cbb3-56e6-8236-6a50f186515e', 'e3d03512-ff75-56e9-9d1e-f5852423564f') on conflict do nothing;
insert into public.curriculum_lesson_standards (lesson_id, standard_id) values ('71ced888-cbb3-56e6-8236-6a50f186515e', '4e8a5aab-4235-5b6f-8175-5517e1bbc3fa') on conflict do nothing;
insert into public.curriculum_lesson_standards (lesson_id, standard_id) values ('71ced888-cbb3-56e6-8236-6a50f186515e', '6452ff85-647a-58bb-af0c-17cd7ff3bb44') on conflict do nothing;
insert into public.curriculum_lesson_standards (lesson_id, standard_id) values ('71ced888-cbb3-56e6-8236-6a50f186515e', '2763f48b-0f92-5241-963f-8223ad9b3477') on conflict do nothing;
insert into public.curriculum_lesson_standards (lesson_id, standard_id) values ('71ced888-cbb3-56e6-8236-6a50f186515e', 'ca328fcb-f6c4-5426-8d73-ce3a3392fa3e') on conflict do nothing;
insert into public.curriculum_lessons (id, library_id, sequence_index, source_lesson_code, title, objective) values ('4d24bdc6-16f2-51fc-9b23-271a698ac5f6', 'bd790921-d355-59f7-bd5e-07d81adfac48', 38, '3.01', '3.01: Properties of Exponents', 'Let’s use integer exponents.') on conflict (library_id, sequence_index) do update set source_lesson_code = excluded.source_lesson_code, title = excluded.title, objective = excluded.objective;
insert into public.curriculum_lesson_standards (lesson_id, standard_id) values ('4d24bdc6-16f2-51fc-9b23-271a698ac5f6', 'c96e7cf5-665e-5da7-9fd5-e891f4c5696f') on conflict do nothing;
insert into public.curriculum_lesson_standards (lesson_id, standard_id) values ('4d24bdc6-16f2-51fc-9b23-271a698ac5f6', 'cba21089-efd0-52c8-b971-aa184977b055') on conflict do nothing;
insert into public.curriculum_lessons (id, library_id, sequence_index, source_lesson_code, title, objective) values ('64cdfe47-d809-5108-a336-c53a2044d543', '64d57898-02a0-553d-8da5-740f9d08f2b1', 39, '2.23', '2.23: Solving Problems with Inequalities in Two Variables', 'Let’s practice writing, interpreting, and graphing solutions to inequalities in two variables.') on conflict (library_id, sequence_index) do update set source_lesson_code = excluded.source_lesson_code, title = excluded.title, objective = excluded.objective;
insert into public.curriculum_lesson_standards (lesson_id, standard_id) values ('64cdfe47-d809-5108-a336-c53a2044d543', '3f5b2e0e-527b-5299-a7a4-6a9b514c610c') on conflict do nothing;
insert into public.curriculum_lesson_standards (lesson_id, standard_id) values ('64cdfe47-d809-5108-a336-c53a2044d543', '8e4fc3e5-68d4-550e-b709-6f4d5eb859b3') on conflict do nothing;
insert into public.curriculum_lessons (id, library_id, sequence_index, source_lesson_code, title, objective) values ('e2ab0fcd-bf5d-57e9-b087-bc318071ca4a', '93d549d5-f6a7-5859-b16f-3cbf33972974', 39, '3.02', '3.02: Scale of the Solar System', 'Let’s dilate figures.') on conflict (library_id, sequence_index) do update set source_lesson_code = excluded.source_lesson_code, title = excluded.title, objective = excluded.objective;
insert into public.curriculum_lesson_standards (lesson_id, standard_id) values ('e2ab0fcd-bf5d-57e9-b087-bc318071ca4a', '6dac2afd-7729-5fea-aa1f-5403fe738a35') on conflict do nothing;
insert into public.curriculum_lesson_standards (lesson_id, standard_id) values ('e2ab0fcd-bf5d-57e9-b087-bc318071ca4a', 'ca328fcb-f6c4-5426-8d73-ce3a3392fa3e') on conflict do nothing;
insert into public.curriculum_lesson_standards (lesson_id, standard_id) values ('e2ab0fcd-bf5d-57e9-b087-bc318071ca4a', 'a98cb4cd-f15c-59e9-865d-68092c24edbe') on conflict do nothing;
insert into public.curriculum_lessons (id, library_id, sequence_index, source_lesson_code, title, objective) values ('513062e1-fca4-549b-a473-f574876e0ac2', 'bd790921-d355-59f7-bd5e-07d81adfac48', 39, '3.02', '3.02: Square Roots and Cube Roots', 'Let’s think about square and cube roots.') on conflict (library_id, sequence_index) do update set source_lesson_code = excluded.source_lesson_code, title = excluded.title, objective = excluded.objective;
insert into public.curriculum_lesson_standards (lesson_id, standard_id) values ('513062e1-fca4-549b-a473-f574876e0ac2', 'c96e7cf5-665e-5da7-9fd5-e891f4c5696f') on conflict do nothing;
insert into public.curriculum_lesson_standards (lesson_id, standard_id) values ('513062e1-fca4-549b-a473-f574876e0ac2', 'cba21089-efd0-52c8-b971-aa184977b055') on conflict do nothing;
insert into public.curriculum_lessons (id, library_id, sequence_index, source_lesson_code, title, objective) values ('0a9cbb58-8c5b-5877-9ff7-55f3a544804e', '64d57898-02a0-553d-8da5-740f9d08f2b1', 40, '2.24', '2.24: Solutions to Systems of Linear Inequalities in Two Variables', 'Let’s look at situations where two constraints (that can be expressed by inequalities) must be met simultaneously.') on conflict (library_id, sequence_index) do update set source_lesson_code = excluded.source_lesson_code, title = excluded.title, objective = excluded.objective;
insert into public.curriculum_lesson_standards (lesson_id, standard_id) values ('0a9cbb58-8c5b-5877-9ff7-55f3a544804e', '3f5b2e0e-527b-5299-a7a4-6a9b514c610c') on conflict do nothing;
insert into public.curriculum_lesson_standards (lesson_id, standard_id) values ('0a9cbb58-8c5b-5877-9ff7-55f3a544804e', '8e4fc3e5-68d4-550e-b709-6f4d5eb859b3') on conflict do nothing;
insert into public.curriculum_lessons (id, library_id, sequence_index, source_lesson_code, title, objective) values ('00030b02-0e34-5aef-97c5-82eb4758d23e', '93d549d5-f6a7-5859-b16f-3cbf33972974', 40, '3.03', '3.03: Measuring Dilations', 'Let’s dilate polygons.') on conflict (library_id, sequence_index) do update set source_lesson_code = excluded.source_lesson_code, title = excluded.title, objective = excluded.objective;
insert into public.curriculum_lesson_standards (lesson_id, standard_id) values ('00030b02-0e34-5aef-97c5-82eb4758d23e', 'e3d03512-ff75-56e9-9d1e-f5852423564f') on conflict do nothing;
insert into public.curriculum_lesson_standards (lesson_id, standard_id) values ('00030b02-0e34-5aef-97c5-82eb4758d23e', '4e8a5aab-4235-5b6f-8175-5517e1bbc3fa') on conflict do nothing;
insert into public.curriculum_lesson_standards (lesson_id, standard_id) values ('00030b02-0e34-5aef-97c5-82eb4758d23e', '2763f48b-0f92-5241-963f-8223ad9b3477') on conflict do nothing;
insert into public.curriculum_lesson_standards (lesson_id, standard_id) values ('00030b02-0e34-5aef-97c5-82eb4758d23e', 'ca328fcb-f6c4-5426-8d73-ce3a3392fa3e') on conflict do nothing;
insert into public.curriculum_lessons (id, library_id, sequence_index, source_lesson_code, title, objective) values ('f0b79f92-9dde-5d08-ad88-f3580f2e41c0', 'bd790921-d355-59f7-bd5e-07d81adfac48', 40, '3.03', '3.03: Exponents That Are Unit Fractions', 'Let’s explore exponents like 1/2 and 1/4.') on conflict (library_id, sequence_index) do update set source_lesson_code = excluded.source_lesson_code, title = excluded.title, objective = excluded.objective;
insert into public.curriculum_lesson_standards (lesson_id, standard_id) values ('f0b79f92-9dde-5d08-ad88-f3580f2e41c0', 'c96e7cf5-665e-5da7-9fd5-e891f4c5696f') on conflict do nothing;
insert into public.curriculum_lesson_standards (lesson_id, standard_id) values ('f0b79f92-9dde-5d08-ad88-f3580f2e41c0', 'cba21089-efd0-52c8-b971-aa184977b055') on conflict do nothing;
insert into public.curriculum_lessons (id, library_id, sequence_index, source_lesson_code, title, objective) values ('b753433f-9de4-556e-9361-d43a96b1600c', '64d57898-02a0-553d-8da5-740f9d08f2b1', 41, '2.25', '2.25: Solving Problems with Systems of Linear Inequalities in Two Variables', 'Let’s use systems of inequalities to solve some problems.') on conflict (library_id, sequence_index) do update set source_lesson_code = excluded.source_lesson_code, title = excluded.title, objective = excluded.objective;
insert into public.curriculum_lesson_standards (lesson_id, standard_id) values ('b753433f-9de4-556e-9361-d43a96b1600c', '8e4fc3e5-68d4-550e-b709-6f4d5eb859b3') on conflict do nothing;
insert into public.curriculum_lessons (id, library_id, sequence_index, source_lesson_code, title, objective) values ('ebf55297-9492-5cfc-a835-53f454c5d5fc', '93d549d5-f6a7-5859-b16f-3cbf33972974', 41, '3.04', '3.04: Dilating Lines and Angles', 'Let’s dilate lines and angles.') on conflict (library_id, sequence_index) do update set source_lesson_code = excluded.source_lesson_code, title = excluded.title, objective = excluded.objective;
insert into public.curriculum_lesson_standards (lesson_id, standard_id) values ('ebf55297-9492-5cfc-a835-53f454c5d5fc', '4e8a5aab-4235-5b6f-8175-5517e1bbc3fa') on conflict do nothing;
insert into public.curriculum_lesson_standards (lesson_id, standard_id) values ('ebf55297-9492-5cfc-a835-53f454c5d5fc', '6452ff85-647a-58bb-af0c-17cd7ff3bb44') on conflict do nothing;
insert into public.curriculum_lesson_standards (lesson_id, standard_id) values ('ebf55297-9492-5cfc-a835-53f454c5d5fc', 'ca328fcb-f6c4-5426-8d73-ce3a3392fa3e') on conflict do nothing;
insert into public.curriculum_lesson_standards (lesson_id, standard_id) values ('ebf55297-9492-5cfc-a835-53f454c5d5fc', '9d2d81a8-f520-571a-a39e-8fb88ee2bcdf') on conflict do nothing;
insert into public.curriculum_lessons (id, library_id, sequence_index, source_lesson_code, title, objective) values ('9da2a760-a818-5113-86df-88373099fb83', 'bd790921-d355-59f7-bd5e-07d81adfac48', 41, '3.04', '3.04: Positive Rational Exponents', 'Let’s use roots to write exponents that are fractions.') on conflict (library_id, sequence_index) do update set source_lesson_code = excluded.source_lesson_code, title = excluded.title, objective = excluded.objective;
insert into public.curriculum_lesson_standards (lesson_id, standard_id) values ('9da2a760-a818-5113-86df-88373099fb83', 'c96e7cf5-665e-5da7-9fd5-e891f4c5696f') on conflict do nothing;
insert into public.curriculum_lesson_standards (lesson_id, standard_id) values ('9da2a760-a818-5113-86df-88373099fb83', 'cba21089-efd0-52c8-b971-aa184977b055') on conflict do nothing;
insert into public.curriculum_lessons (id, library_id, sequence_index, source_lesson_code, title, objective) values ('4384b185-e6b8-5989-b718-21ef9db95014', '64d57898-02a0-553d-8da5-740f9d08f2b1', 42, '2.26', '2.26: Modeling with Systems of Inequalities in Two Variables', 'Let’s create mathematical models using systems of inequalities.') on conflict (library_id, sequence_index) do update set source_lesson_code = excluded.source_lesson_code, title = excluded.title, objective = excluded.objective;
insert into public.curriculum_lesson_standards (lesson_id, standard_id) values ('4384b185-e6b8-5989-b718-21ef9db95014', '3f5b2e0e-527b-5299-a7a4-6a9b514c610c') on conflict do nothing;
insert into public.curriculum_lesson_standards (lesson_id, standard_id) values ('4384b185-e6b8-5989-b718-21ef9db95014', '8e4fc3e5-68d4-550e-b709-6f4d5eb859b3') on conflict do nothing;
insert into public.curriculum_lesson_standards (lesson_id, standard_id) values ('4384b185-e6b8-5989-b718-21ef9db95014', '12d1dfda-5ddb-5b64-8f8b-6575308031a5') on conflict do nothing;
insert into public.curriculum_lessons (id, library_id, sequence_index, source_lesson_code, title, objective) values ('0ab30b7c-5fb7-52f9-abc7-af8992c3eb1e', '93d549d5-f6a7-5859-b16f-3cbf33972974', 42, '3.05', '3.05: Splitting Triangle Sides with Dilation, Part 1', 'Let’s draw segments connecting midpoints of the sides of triangles.') on conflict (library_id, sequence_index) do update set source_lesson_code = excluded.source_lesson_code, title = excluded.title, objective = excluded.objective;
insert into public.curriculum_lesson_standards (lesson_id, standard_id) values ('0ab30b7c-5fb7-52f9-abc7-af8992c3eb1e', 'c261b7b3-2e90-59fd-bb40-444103884763') on conflict do nothing;
insert into public.curriculum_lesson_standards (lesson_id, standard_id) values ('0ab30b7c-5fb7-52f9-abc7-af8992c3eb1e', '8e236966-b7ed-5d71-932f-35fe5cb24bd1') on conflict do nothing;
insert into public.curriculum_lessons (id, library_id, sequence_index, source_lesson_code, title, objective) values ('6aed4885-6c93-5c44-89f2-bb79c2cfd64f', 'bd790921-d355-59f7-bd5e-07d81adfac48', 42, '3.05', '3.05: Negative Rational Exponents', 'Let’s investigate negative exponents.') on conflict (library_id, sequence_index) do update set source_lesson_code = excluded.source_lesson_code, title = excluded.title, objective = excluded.objective;
insert into public.curriculum_lesson_standards (lesson_id, standard_id) values ('6aed4885-6c93-5c44-89f2-bb79c2cfd64f', 'c96e7cf5-665e-5da7-9fd5-e891f4c5696f') on conflict do nothing;
insert into public.curriculum_lesson_standards (lesson_id, standard_id) values ('6aed4885-6c93-5c44-89f2-bb79c2cfd64f', 'cba21089-efd0-52c8-b971-aa184977b055') on conflict do nothing;
insert into public.curriculum_lessons (id, library_id, sequence_index, source_lesson_code, title, objective) values ('e5af7602-f202-5806-94d3-290807cd5a39', '64d57898-02a0-553d-8da5-740f9d08f2b1', 43, '3.01', '3.01: Two-Way Tables', 'Let’s look at categorical data.') on conflict (library_id, sequence_index) do update set source_lesson_code = excluded.source_lesson_code, title = excluded.title, objective = excluded.objective;
insert into public.curriculum_lesson_standards (lesson_id, standard_id) values ('e5af7602-f202-5806-94d3-290807cd5a39', '71232dba-b380-5d99-b944-b1cd1804e87a') on conflict do nothing;
insert into public.curriculum_lessons (id, library_id, sequence_index, source_lesson_code, title, objective) values ('1a1f2776-bbc4-5558-b7bf-23311dcb9016', '93d549d5-f6a7-5859-b16f-3cbf33972974', 43, '3.06', '3.06: Connecting Similarity and Transformations', 'Let’s identify similar figures.') on conflict (library_id, sequence_index) do update set source_lesson_code = excluded.source_lesson_code, title = excluded.title, objective = excluded.objective;
insert into public.curriculum_lesson_standards (lesson_id, standard_id) values ('1a1f2776-bbc4-5558-b7bf-23311dcb9016', '2763f48b-0f92-5241-963f-8223ad9b3477') on conflict do nothing;
insert into public.curriculum_lesson_standards (lesson_id, standard_id) values ('1a1f2776-bbc4-5558-b7bf-23311dcb9016', 'ca328fcb-f6c4-5426-8d73-ce3a3392fa3e') on conflict do nothing;
insert into public.curriculum_lesson_standards (lesson_id, standard_id) values ('1a1f2776-bbc4-5558-b7bf-23311dcb9016', '2582659a-3cad-515b-9e1d-2548485a9c69') on conflict do nothing;
insert into public.curriculum_lessons (id, library_id, sequence_index, source_lesson_code, title, objective) values ('cd7f398a-0896-5b1f-a374-51a43ffa351d', 'bd790921-d355-59f7-bd5e-07d81adfac48', 43, '3.06', '3.06: Squares and Square Roots', 'Let’s compare equations with squares and square roots.') on conflict (library_id, sequence_index) do update set source_lesson_code = excluded.source_lesson_code, title = excluded.title, objective = excluded.objective;
insert into public.curriculum_lesson_standards (lesson_id, standard_id) values ('cd7f398a-0896-5b1f-a374-51a43ffa351d', 'b8aef6cc-cc06-50bf-bde9-5e24a2cb9c5d') on conflict do nothing;
insert into public.curriculum_lessons (id, library_id, sequence_index, source_lesson_code, title, objective) values ('d8c04937-007a-5a02-9d45-12f15af1d929', '64d57898-02a0-553d-8da5-740f9d08f2b1', 44, '3.02', '3.02: Relative Frequency Tables', 'Let’s find relative frequencies of categorical data.') on conflict (library_id, sequence_index) do update set source_lesson_code = excluded.source_lesson_code, title = excluded.title, objective = excluded.objective;
insert into public.curriculum_lesson_standards (lesson_id, standard_id) values ('d8c04937-007a-5a02-9d45-12f15af1d929', '71232dba-b380-5d99-b944-b1cd1804e87a') on conflict do nothing;
insert into public.curriculum_lessons (id, library_id, sequence_index, source_lesson_code, title, objective) values ('2f7ad426-7e98-596a-a76d-c799c0db5a3c', '93d549d5-f6a7-5859-b16f-3cbf33972974', 44, '3.07', '3.07: Reasoning about Similarity with Transformations', 'Let’s describe similar triangles.') on conflict (library_id, sequence_index) do update set source_lesson_code = excluded.source_lesson_code, title = excluded.title, objective = excluded.objective;
insert into public.curriculum_lesson_standards (lesson_id, standard_id) values ('2f7ad426-7e98-596a-a76d-c799c0db5a3c', 'ca328fcb-f6c4-5426-8d73-ce3a3392fa3e') on conflict do nothing;
insert into public.curriculum_lesson_standards (lesson_id, standard_id) values ('2f7ad426-7e98-596a-a76d-c799c0db5a3c', '9d2d81a8-f520-571a-a39e-8fb88ee2bcdf') on conflict do nothing;
insert into public.curriculum_lessons (id, library_id, sequence_index, source_lesson_code, title, objective) values ('3776f47a-38cf-51f9-93fa-d412827a4835', 'bd790921-d355-59f7-bd5e-07d81adfac48', 44, '3.07', '3.07: Inequivalent Equations', 'Let’s see what happens when we square each side of an equation.') on conflict (library_id, sequence_index) do update set source_lesson_code = excluded.source_lesson_code, title = excluded.title, objective = excluded.objective;
insert into public.curriculum_lesson_standards (lesson_id, standard_id) values ('3776f47a-38cf-51f9-93fa-d412827a4835', 'd697ada1-4280-5815-a8cb-e522ee0f188b') on conflict do nothing;
insert into public.curriculum_lesson_standards (lesson_id, standard_id) values ('3776f47a-38cf-51f9-93fa-d412827a4835', 'b8aef6cc-cc06-50bf-bde9-5e24a2cb9c5d') on conflict do nothing;
insert into public.curriculum_lesson_standards (lesson_id, standard_id) values ('3776f47a-38cf-51f9-93fa-d412827a4835', 'ce105238-22be-5e37-bbe3-beb7c9453384') on conflict do nothing;
insert into public.curriculum_lessons (id, library_id, sequence_index, source_lesson_code, title, objective) values ('8c077dac-6cbe-58c7-ab7e-9554b1d25420', '64d57898-02a0-553d-8da5-740f9d08f2b1', 45, '3.03', '3.03: Associations in Categorical Data', 'Let’s look for relationships between categorical variables.') on conflict (library_id, sequence_index) do update set source_lesson_code = excluded.source_lesson_code, title = excluded.title, objective = excluded.objective;
insert into public.curriculum_lesson_standards (lesson_id, standard_id) values ('8c077dac-6cbe-58c7-ab7e-9554b1d25420', '71232dba-b380-5d99-b944-b1cd1804e87a') on conflict do nothing;
insert into public.curriculum_lessons (id, library_id, sequence_index, source_lesson_code, title, objective) values ('a1f91725-2150-59c5-823e-35a588f457cf', '93d549d5-f6a7-5859-b16f-3cbf33972974', 45, '3.08', '3.08: Are They All Similar?', 'Let’s prove figures are similar.') on conflict (library_id, sequence_index) do update set source_lesson_code = excluded.source_lesson_code, title = excluded.title, objective = excluded.objective;
insert into public.curriculum_lesson_standards (lesson_id, standard_id) values ('a1f91725-2150-59c5-823e-35a588f457cf', 'ff678ccd-b74b-5db3-a1f0-245f717b226e') on conflict do nothing;
insert into public.curriculum_lesson_standards (lesson_id, standard_id) values ('a1f91725-2150-59c5-823e-35a588f457cf', 'ca328fcb-f6c4-5426-8d73-ce3a3392fa3e') on conflict do nothing;
insert into public.curriculum_lesson_standards (lesson_id, standard_id) values ('a1f91725-2150-59c5-823e-35a588f457cf', '7164a2e1-47ef-5221-ab70-3d2db5ee9f51') on conflict do nothing;
insert into public.curriculum_lessons (id, library_id, sequence_index, source_lesson_code, title, objective) values ('28a57ffb-2976-535e-ad6d-b18f91e3b592', 'bd790921-d355-59f7-bd5e-07d81adfac48', 45, '3.08', '3.08: Cubes and Cube Roots', 'Let’s compare equations with cubes and cube roots.') on conflict (library_id, sequence_index) do update set source_lesson_code = excluded.source_lesson_code, title = excluded.title, objective = excluded.objective;
insert into public.curriculum_lesson_standards (lesson_id, standard_id) values ('28a57ffb-2976-535e-ad6d-b18f91e3b592', 'b8aef6cc-cc06-50bf-bde9-5e24a2cb9c5d') on conflict do nothing;
insert into public.curriculum_lesson_standards (lesson_id, standard_id) values ('28a57ffb-2976-535e-ad6d-b18f91e3b592', '1ece07a9-cbad-5c57-afb2-eac346b507d1') on conflict do nothing;
insert into public.curriculum_lessons (id, library_id, sequence_index, source_lesson_code, title, objective) values ('ebfcd8c6-3775-5012-a423-adf3bad3ebbb', '64d57898-02a0-553d-8da5-740f9d08f2b1', 46, '3.04', '3.04: Linear Models', 'Let’s look for relationships between categorical variables.') on conflict (library_id, sequence_index) do update set source_lesson_code = excluded.source_lesson_code, title = excluded.title, objective = excluded.objective;
insert into public.curriculum_lesson_standards (lesson_id, standard_id) values ('ebfcd8c6-3775-5012-a423-adf3bad3ebbb', '1ca34aa4-8c72-5335-96e2-c493ff22aad5') on conflict do nothing;
insert into public.curriculum_lesson_standards (lesson_id, standard_id) values ('ebfcd8c6-3775-5012-a423-adf3bad3ebbb', '20b7116d-a4af-55ca-b177-522b4f13c6f1') on conflict do nothing;
insert into public.curriculum_lesson_standards (lesson_id, standard_id) values ('ebfcd8c6-3775-5012-a423-adf3bad3ebbb', '55e05700-63b1-5f53-83fe-1bf86263e2d4') on conflict do nothing;
insert into public.curriculum_lesson_standards (lesson_id, standard_id) values ('ebfcd8c6-3775-5012-a423-adf3bad3ebbb', '548fece5-018a-5117-a12c-ea1275875d8e') on conflict do nothing;
insert into public.curriculum_lessons (id, library_id, sequence_index, source_lesson_code, title, objective) values ('d2fbf8cb-a43a-5878-b481-2d85dd822c5a', '93d549d5-f6a7-5859-b16f-3cbf33972974', 46, '3.09', '3.09: Conditions for Triangle Similarity', 'Let’s prove some triangles similar.') on conflict (library_id, sequence_index) do update set source_lesson_code = excluded.source_lesson_code, title = excluded.title, objective = excluded.objective;
insert into public.curriculum_lesson_standards (lesson_id, standard_id) values ('d2fbf8cb-a43a-5878-b481-2d85dd822c5a', '9d2d81a8-f520-571a-a39e-8fb88ee2bcdf') on conflict do nothing;
insert into public.curriculum_lessons (id, library_id, sequence_index, source_lesson_code, title, objective) values ('53466174-999d-55df-b225-1d48061e8dd4', 'bd790921-d355-59f7-bd5e-07d81adfac48', 46, '3.09', '3.09: Solving Radical Equations', 'Let’s practice solving radical equations.') on conflict (library_id, sequence_index) do update set source_lesson_code = excluded.source_lesson_code, title = excluded.title, objective = excluded.objective;
insert into public.curriculum_lesson_standards (lesson_id, standard_id) values ('53466174-999d-55df-b225-1d48061e8dd4', 'b8aef6cc-cc06-50bf-bde9-5e24a2cb9c5d') on conflict do nothing;
insert into public.curriculum_lessons (id, library_id, sequence_index, source_lesson_code, title, objective) values ('e4a77e95-c94a-5a8b-86ed-21b47c902246', '64d57898-02a0-553d-8da5-740f9d08f2b1', 47, '3.05', '3.05: Fitting Lines', 'Let’s find the best linear model for some data.') on conflict (library_id, sequence_index) do update set source_lesson_code = excluded.source_lesson_code, title = excluded.title, objective = excluded.objective;
insert into public.curriculum_lesson_standards (lesson_id, standard_id) values ('e4a77e95-c94a-5a8b-86ed-21b47c902246', '1ca34aa4-8c72-5335-96e2-c493ff22aad5') on conflict do nothing;
insert into public.curriculum_lesson_standards (lesson_id, standard_id) values ('e4a77e95-c94a-5a8b-86ed-21b47c902246', '87b67370-5f09-54c1-a613-cff26763880b') on conflict do nothing;
insert into public.curriculum_lesson_standards (lesson_id, standard_id) values ('e4a77e95-c94a-5a8b-86ed-21b47c902246', '55e05700-63b1-5f53-83fe-1bf86263e2d4') on conflict do nothing;
insert into public.curriculum_lesson_standards (lesson_id, standard_id) values ('e4a77e95-c94a-5a8b-86ed-21b47c902246', '548fece5-018a-5117-a12c-ea1275875d8e') on conflict do nothing;
insert into public.curriculum_lessons (id, library_id, sequence_index, source_lesson_code, title, objective) values ('c9fbf093-d5ab-5771-8a88-aa60005f8403', '93d549d5-f6a7-5859-b16f-3cbf33972974', 47, '3.10', '3.10: Other Conditions for Triangle Similarity', 'Let’s prove more triangles are similar.') on conflict (library_id, sequence_index) do update set source_lesson_code = excluded.source_lesson_code, title = excluded.title, objective = excluded.objective;
insert into public.curriculum_lessons (id, library_id, sequence_index, source_lesson_code, title, objective) values ('38c3a94b-0e37-59a8-8282-375ded6155ed', 'bd790921-d355-59f7-bd5e-07d81adfac48', 47, '3.10', '3.10: A New Kind of Number', 'Let’s invent a new number.') on conflict (library_id, sequence_index) do update set source_lesson_code = excluded.source_lesson_code, title = excluded.title, objective = excluded.objective;
insert into public.curriculum_lesson_standards (lesson_id, standard_id) values ('38c3a94b-0e37-59a8-8282-375ded6155ed', '7be787cc-d15d-5b11-bc9c-914750c97799') on conflict do nothing;
insert into public.curriculum_lesson_standards (lesson_id, standard_id) values ('38c3a94b-0e37-59a8-8282-375ded6155ed', '8b5bc332-20b1-5d79-8c47-14ba6369c65b') on conflict do nothing;
insert into public.curriculum_lessons (id, library_id, sequence_index, source_lesson_code, title, objective) values ('01a56720-a600-5894-8286-6bac2cd944b9', '64d57898-02a0-553d-8da5-740f9d08f2b1', 48, '3.06', '3.06: Residuals', 'Let’s find the best linear model for some data.') on conflict (library_id, sequence_index) do update set source_lesson_code = excluded.source_lesson_code, title = excluded.title, objective = excluded.objective;
insert into public.curriculum_lesson_standards (lesson_id, standard_id) values ('01a56720-a600-5894-8286-6bac2cd944b9', '6760207f-af31-5c84-8699-0c07781b1206') on conflict do nothing;
insert into public.curriculum_lesson_standards (lesson_id, standard_id) values ('01a56720-a600-5894-8286-6bac2cd944b9', '20b7116d-a4af-55ca-b177-522b4f13c6f1') on conflict do nothing;
insert into public.curriculum_lesson_standards (lesson_id, standard_id) values ('01a56720-a600-5894-8286-6bac2cd944b9', '87b67370-5f09-54c1-a613-cff26763880b') on conflict do nothing;
insert into public.curriculum_lesson_standards (lesson_id, standard_id) values ('01a56720-a600-5894-8286-6bac2cd944b9', '55e05700-63b1-5f53-83fe-1bf86263e2d4') on conflict do nothing;
insert into public.curriculum_lessons (id, library_id, sequence_index, source_lesson_code, title, objective) values ('d7310288-0fa5-583b-b3a9-0a4a15af28fe', '93d549d5-f6a7-5859-b16f-3cbf33972974', 48, '3.11', '3.11: Splitting Triangle Sides with Dilation, Part 2', 'Let’s investigate parallel segments in triangles.') on conflict (library_id, sequence_index) do update set source_lesson_code = excluded.source_lesson_code, title = excluded.title, objective = excluded.objective;
insert into public.curriculum_lesson_standards (lesson_id, standard_id) values ('d7310288-0fa5-583b-b3a9-0a4a15af28fe', '8e236966-b7ed-5d71-932f-35fe5cb24bd1') on conflict do nothing;
insert into public.curriculum_lesson_standards (lesson_id, standard_id) values ('d7310288-0fa5-583b-b3a9-0a4a15af28fe', '2582659a-3cad-515b-9e1d-2548485a9c69') on conflict do nothing;
insert into public.curriculum_lessons (id, library_id, sequence_index, source_lesson_code, title, objective) values ('eb37961a-4c76-58a8-b659-8ceedd8dd675', 'bd790921-d355-59f7-bd5e-07d81adfac48', 48, '3.11', '3.11: Introducing the Number i', 'Let’s meet i.') on conflict (library_id, sequence_index) do update set source_lesson_code = excluded.source_lesson_code, title = excluded.title, objective = excluded.objective;
insert into public.curriculum_lesson_standards (lesson_id, standard_id) values ('eb37961a-4c76-58a8-b659-8ceedd8dd675', '7be787cc-d15d-5b11-bc9c-914750c97799') on conflict do nothing;
insert into public.curriculum_lesson_standards (lesson_id, standard_id) values ('eb37961a-4c76-58a8-b659-8ceedd8dd675', '8b5bc332-20b1-5d79-8c47-14ba6369c65b') on conflict do nothing;
insert into public.curriculum_lesson_standards (lesson_id, standard_id) values ('eb37961a-4c76-58a8-b659-8ceedd8dd675', 'f5bd7059-9abe-59fc-bc1a-a53268ddbd05') on conflict do nothing;
insert into public.curriculum_lessons (id, library_id, sequence_index, source_lesson_code, title, objective) values ('178d2988-0da5-5345-8e9d-4cfcd44a5712', '64d57898-02a0-553d-8da5-740f9d08f2b1', 49, '3.07', '3.07: The Correlation Coefficient', 'Let’s see how good a linear model is for some data.') on conflict (library_id, sequence_index) do update set source_lesson_code = excluded.source_lesson_code, title = excluded.title, objective = excluded.objective;
insert into public.curriculum_lesson_standards (lesson_id, standard_id) values ('178d2988-0da5-5345-8e9d-4cfcd44a5712', '1ca34aa4-8c72-5335-96e2-c493ff22aad5') on conflict do nothing;
insert into public.curriculum_lesson_standards (lesson_id, standard_id) values ('178d2988-0da5-5345-8e9d-4cfcd44a5712', '6c48ff43-66d7-5654-9818-f2410f962fb6') on conflict do nothing;
insert into public.curriculum_lessons (id, library_id, sequence_index, source_lesson_code, title, objective) values ('752effca-30dc-55f3-9dfe-c8925a4f1a28', '93d549d5-f6a7-5859-b16f-3cbf33972974', 49, '3.12', '3.12: Practice With Proportional Relationships', 'Let’s find unknown values in proportional relationships.') on conflict (library_id, sequence_index) do update set source_lesson_code = excluded.source_lesson_code, title = excluded.title, objective = excluded.objective;
insert into public.curriculum_lesson_standards (lesson_id, standard_id) values ('752effca-30dc-55f3-9dfe-c8925a4f1a28', '2582659a-3cad-515b-9e1d-2548485a9c69') on conflict do nothing;
insert into public.curriculum_lesson_standards (lesson_id, standard_id) values ('752effca-30dc-55f3-9dfe-c8925a4f1a28', 'a98cb4cd-f15c-59e9-865d-68092c24edbe') on conflict do nothing;
insert into public.curriculum_lessons (id, library_id, sequence_index, source_lesson_code, title, objective) values ('5fb086e5-b59f-585d-a39a-511cbdef4660', 'bd790921-d355-59f7-bd5e-07d81adfac48', 49, '3.12', '3.12: Arithmetic with Complex Numbers', 'Let’s work with complex numbers.') on conflict (library_id, sequence_index) do update set source_lesson_code = excluded.source_lesson_code, title = excluded.title, objective = excluded.objective;
insert into public.curriculum_lesson_standards (lesson_id, standard_id) values ('5fb086e5-b59f-585d-a39a-511cbdef4660', '7be787cc-d15d-5b11-bc9c-914750c97799') on conflict do nothing;
insert into public.curriculum_lesson_standards (lesson_id, standard_id) values ('5fb086e5-b59f-585d-a39a-511cbdef4660', '8b5bc332-20b1-5d79-8c47-14ba6369c65b') on conflict do nothing;
insert into public.curriculum_lessons (id, library_id, sequence_index, source_lesson_code, title, objective) values ('fa852545-b55d-5d12-abab-245e57cedee3', '64d57898-02a0-553d-8da5-740f9d08f2b1', 50, '3.08', '3.08: Using the Correlation Coefficient', 'Let’s see how good a linear model is for some data.') on conflict (library_id, sequence_index) do update set source_lesson_code = excluded.source_lesson_code, title = excluded.title, objective = excluded.objective;
insert into public.curriculum_lesson_standards (lesson_id, standard_id) values ('fa852545-b55d-5d12-abab-245e57cedee3', '1ca34aa4-8c72-5335-96e2-c493ff22aad5') on conflict do nothing;
insert into public.curriculum_lesson_standards (lesson_id, standard_id) values ('fa852545-b55d-5d12-abab-245e57cedee3', '20b7116d-a4af-55ca-b177-522b4f13c6f1') on conflict do nothing;
insert into public.curriculum_lesson_standards (lesson_id, standard_id) values ('fa852545-b55d-5d12-abab-245e57cedee3', '548fece5-018a-5117-a12c-ea1275875d8e') on conflict do nothing;
insert into public.curriculum_lesson_standards (lesson_id, standard_id) values ('fa852545-b55d-5d12-abab-245e57cedee3', '6c48ff43-66d7-5654-9818-f2410f962fb6') on conflict do nothing;
insert into public.curriculum_lesson_standards (lesson_id, standard_id) values ('fa852545-b55d-5d12-abab-245e57cedee3', 'c1d6a614-d616-5053-9cae-82901be6ebe7') on conflict do nothing;
insert into public.curriculum_lessons (id, library_id, sequence_index, source_lesson_code, title, objective) values ('ec6e2843-43b6-5705-86ef-149a900e3176', '93d549d5-f6a7-5859-b16f-3cbf33972974', 50, '3.13', '3.13: Using the Pythagorean Theorem and Similarity', 'Let’s explore right triangles with altitudes drawn to the hypotenuse.') on conflict (library_id, sequence_index) do update set source_lesson_code = excluded.source_lesson_code, title = excluded.title, objective = excluded.objective;
insert into public.curriculum_lesson_standards (lesson_id, standard_id) values ('ec6e2843-43b6-5705-86ef-149a900e3176', '8e236966-b7ed-5d71-932f-35fe5cb24bd1') on conflict do nothing;
insert into public.curriculum_lesson_standards (lesson_id, standard_id) values ('ec6e2843-43b6-5705-86ef-149a900e3176', '2582659a-3cad-515b-9e1d-2548485a9c69') on conflict do nothing;
insert into public.curriculum_lessons (id, library_id, sequence_index, source_lesson_code, title, objective) values ('dbbb6ca6-2e7a-562c-99f9-a0e364bfaa5e', 'bd790921-d355-59f7-bd5e-07d81adfac48', 50, '3.13', '3.13: Multiplying Complex Numbers', 'Let''s multiply complex numbers.') on conflict (library_id, sequence_index) do update set source_lesson_code = excluded.source_lesson_code, title = excluded.title, objective = excluded.objective;
insert into public.curriculum_lesson_standards (lesson_id, standard_id) values ('dbbb6ca6-2e7a-562c-99f9-a0e364bfaa5e', '7be787cc-d15d-5b11-bc9c-914750c97799') on conflict do nothing;
insert into public.curriculum_lesson_standards (lesson_id, standard_id) values ('dbbb6ca6-2e7a-562c-99f9-a0e364bfaa5e', '8b5bc332-20b1-5d79-8c47-14ba6369c65b') on conflict do nothing;
insert into public.curriculum_lessons (id, library_id, sequence_index, source_lesson_code, title, objective) values ('65ffbd85-5571-52d0-936c-1f655cdff438', '64d57898-02a0-553d-8da5-740f9d08f2b1', 51, '3.09', '3.09: Causal Relationships', 'Let’s get a closer look at related variables.') on conflict (library_id, sequence_index) do update set source_lesson_code = excluded.source_lesson_code, title = excluded.title, objective = excluded.objective;
insert into public.curriculum_lesson_standards (lesson_id, standard_id) values ('65ffbd85-5571-52d0-936c-1f655cdff438', '1ca34aa4-8c72-5335-96e2-c493ff22aad5') on conflict do nothing;
insert into public.curriculum_lesson_standards (lesson_id, standard_id) values ('65ffbd85-5571-52d0-936c-1f655cdff438', 'c1d6a614-d616-5053-9cae-82901be6ebe7') on conflict do nothing;
insert into public.curriculum_lessons (id, library_id, sequence_index, source_lesson_code, title, objective) values ('bd2960b3-facd-5c62-be04-fd8f4d5e0f3d', '93d549d5-f6a7-5859-b16f-3cbf33972974', 51, '3.14', '3.14: Proving the Pythagorean Theorem', 'Let’s prove the Pythagorean Theorem.') on conflict (library_id, sequence_index) do update set source_lesson_code = excluded.source_lesson_code, title = excluded.title, objective = excluded.objective;
insert into public.curriculum_lesson_standards (lesson_id, standard_id) values ('bd2960b3-facd-5c62-be04-fd8f4d5e0f3d', 'ad9ee57e-8506-55f2-9952-977c3b9d1f59') on conflict do nothing;
insert into public.curriculum_lesson_standards (lesson_id, standard_id) values ('bd2960b3-facd-5c62-be04-fd8f4d5e0f3d', '8e236966-b7ed-5d71-932f-35fe5cb24bd1') on conflict do nothing;
insert into public.curriculum_lessons (id, library_id, sequence_index, source_lesson_code, title, objective) values ('3458c0cd-d7e2-5bf3-812f-60253b7c4123', 'bd790921-d355-59f7-bd5e-07d81adfac48', 51, '3.14', '3.14: More Arithmetic with Complex Numbers', 'Let’s practice adding, subtracting, and multiplying complex numbers.') on conflict (library_id, sequence_index) do update set source_lesson_code = excluded.source_lesson_code, title = excluded.title, objective = excluded.objective;
insert into public.curriculum_lesson_standards (lesson_id, standard_id) values ('3458c0cd-d7e2-5bf3-812f-60253b7c4123', '7be787cc-d15d-5b11-bc9c-914750c97799') on conflict do nothing;
insert into public.curriculum_lesson_standards (lesson_id, standard_id) values ('3458c0cd-d7e2-5bf3-812f-60253b7c4123', '8b5bc332-20b1-5d79-8c47-14ba6369c65b') on conflict do nothing;
insert into public.curriculum_lessons (id, library_id, sequence_index, source_lesson_code, title, objective) values ('a875a1f0-12cc-519c-b74a-00850453077a', '64d57898-02a0-553d-8da5-740f9d08f2b1', 52, '3.10', '3.10: Fossils and Flags', 'Let’s get a closer look at related variables.') on conflict (library_id, sequence_index) do update set source_lesson_code = excluded.source_lesson_code, title = excluded.title, objective = excluded.objective;
insert into public.curriculum_lesson_standards (lesson_id, standard_id) values ('a875a1f0-12cc-519c-b74a-00850453077a', '1ca34aa4-8c72-5335-96e2-c493ff22aad5') on conflict do nothing;
insert into public.curriculum_lesson_standards (lesson_id, standard_id) values ('a875a1f0-12cc-519c-b74a-00850453077a', '548fece5-018a-5117-a12c-ea1275875d8e') on conflict do nothing;
insert into public.curriculum_lesson_standards (lesson_id, standard_id) values ('a875a1f0-12cc-519c-b74a-00850453077a', '6c48ff43-66d7-5654-9818-f2410f962fb6') on conflict do nothing;
insert into public.curriculum_lesson_standards (lesson_id, standard_id) values ('a875a1f0-12cc-519c-b74a-00850453077a', 'c1d6a614-d616-5053-9cae-82901be6ebe7') on conflict do nothing;
insert into public.curriculum_lessons (id, library_id, sequence_index, source_lesson_code, title, objective) values ('785b46fc-f3b6-5d58-961f-9c29913ff482', '93d549d5-f6a7-5859-b16f-3cbf33972974', 52, '3.15', '3.15: Finding All the Unknown Values in Triangles', 'Let’s find all the unknown values in right triangles.') on conflict (library_id, sequence_index) do update set source_lesson_code = excluded.source_lesson_code, title = excluded.title, objective = excluded.objective;
insert into public.curriculum_lesson_standards (lesson_id, standard_id) values ('785b46fc-f3b6-5d58-961f-9c29913ff482', '2582659a-3cad-515b-9e1d-2548485a9c69') on conflict do nothing;
insert into public.curriculum_lesson_standards (lesson_id, standard_id) values ('785b46fc-f3b6-5d58-961f-9c29913ff482', '51ab23e0-0dff-519c-9e5f-7a55f0aa354c') on conflict do nothing;
insert into public.curriculum_lessons (id, library_id, sequence_index, source_lesson_code, title, objective) values ('e3f11dae-de46-5106-ab66-cefb3158a4b4', 'bd790921-d355-59f7-bd5e-07d81adfac48', 52, '3.15', '3.15: Working Backwards', 'Let''s use what we''ve learned about multiplying complex numbers.') on conflict (library_id, sequence_index) do update set source_lesson_code = excluded.source_lesson_code, title = excluded.title, objective = excluded.objective;
insert into public.curriculum_lesson_standards (lesson_id, standard_id) values ('e3f11dae-de46-5106-ab66-cefb3158a4b4', '8b5bc332-20b1-5d79-8c47-14ba6369c65b') on conflict do nothing;
insert into public.curriculum_lesson_standards (lesson_id, standard_id) values ('e3f11dae-de46-5106-ab66-cefb3158a4b4', 'f5bd7059-9abe-59fc-bc1a-a53268ddbd05') on conflict do nothing;
insert into public.curriculum_lessons (id, library_id, sequence_index, source_lesson_code, title, objective) values ('6be2aec4-9586-5f9f-851b-d6d7b0dc324c', '64d57898-02a0-553d-8da5-740f9d08f2b1', 53, '4.01', '4.01: Describing and Graphing Situations', 'Let’s look at some fun functions around us and try to describe them.') on conflict (library_id, sequence_index) do update set source_lesson_code = excluded.source_lesson_code, title = excluded.title, objective = excluded.objective;
insert into public.curriculum_lesson_standards (lesson_id, standard_id) values ('6be2aec4-9586-5f9f-851b-d6d7b0dc324c', '70ae07af-6dc9-5ad6-aa1b-5aa60a7b308f') on conflict do nothing;
insert into public.curriculum_lesson_standards (lesson_id, standard_id) values ('6be2aec4-9586-5f9f-851b-d6d7b0dc324c', 'a337895a-3a09-57c4-a135-672808d0cd90') on conflict do nothing;
insert into public.curriculum_lessons (id, library_id, sequence_index, source_lesson_code, title, objective) values ('f08fe5eb-ff9d-5468-b7df-d55fcf709ccf', '93d549d5-f6a7-5859-b16f-3cbf33972974', 53, '3.16', '3.16: Bank Shot', 'Let’s use similarity to solve problems.') on conflict (library_id, sequence_index) do update set source_lesson_code = excluded.source_lesson_code, title = excluded.title, objective = excluded.objective;
insert into public.curriculum_lesson_standards (lesson_id, standard_id) values ('f08fe5eb-ff9d-5468-b7df-d55fcf709ccf', '2582659a-3cad-515b-9e1d-2548485a9c69') on conflict do nothing;
insert into public.curriculum_lesson_standards (lesson_id, standard_id) values ('f08fe5eb-ff9d-5468-b7df-d55fcf709ccf', '6760207f-af31-5c84-8699-0c07781b1206') on conflict do nothing;
insert into public.curriculum_lessons (id, library_id, sequence_index, source_lesson_code, title, objective) values ('787dd466-f407-5fa9-b93d-2d35fb5737db', 'bd790921-d355-59f7-bd5e-07d81adfac48', 53, '3.16', '3.16: Solving Quadratics', 'Let’s solve quadratic equations.') on conflict (library_id, sequence_index) do update set source_lesson_code = excluded.source_lesson_code, title = excluded.title, objective = excluded.objective;
insert into public.curriculum_lesson_standards (lesson_id, standard_id) values ('787dd466-f407-5fa9-b93d-2d35fb5737db', 'd7354a51-95af-5986-89b7-be89e96e634f') on conflict do nothing;
insert into public.curriculum_lesson_standards (lesson_id, standard_id) values ('787dd466-f407-5fa9-b93d-2d35fb5737db', 'ce105238-22be-5e37-bbe3-beb7c9453384') on conflict do nothing;
insert into public.curriculum_lessons (id, library_id, sequence_index, source_lesson_code, title, objective) values ('cda3823a-1fba-52ef-a21e-10b2fe2dd88d', '64d57898-02a0-553d-8da5-740f9d08f2b1', 54, '4.02', '4.02: Function Notation', 'Let’s learn about a handy way to refer to and talk about a function.') on conflict (library_id, sequence_index) do update set source_lesson_code = excluded.source_lesson_code, title = excluded.title, objective = excluded.objective;
insert into public.curriculum_lesson_standards (lesson_id, standard_id) values ('cda3823a-1fba-52ef-a21e-10b2fe2dd88d', '70ae07af-6dc9-5ad6-aa1b-5aa60a7b308f') on conflict do nothing;
insert into public.curriculum_lesson_standards (lesson_id, standard_id) values ('cda3823a-1fba-52ef-a21e-10b2fe2dd88d', '9a18c506-7d8e-58b5-99c6-2fbdd63483ef') on conflict do nothing;
insert into public.curriculum_lesson_standards (lesson_id, standard_id) values ('cda3823a-1fba-52ef-a21e-10b2fe2dd88d', 'a337895a-3a09-57c4-a135-672808d0cd90') on conflict do nothing;
insert into public.curriculum_lessons (id, library_id, sequence_index, source_lesson_code, title, objective) values ('fd8e980c-2393-5ea0-bf02-55c19db3a1d6', '93d549d5-f6a7-5859-b16f-3cbf33972974', 54, '4.01', '4.01: Angles and Steepness', 'Let’s solve problems about right triangles.') on conflict (library_id, sequence_index) do update set source_lesson_code = excluded.source_lesson_code, title = excluded.title, objective = excluded.objective;
insert into public.curriculum_lesson_standards (lesson_id, standard_id) values ('fd8e980c-2393-5ea0-bf02-55c19db3a1d6', '6dac2afd-7729-5fea-aa1f-5403fe738a35') on conflict do nothing;
insert into public.curriculum_lesson_standards (lesson_id, standard_id) values ('fd8e980c-2393-5ea0-bf02-55c19db3a1d6', '2582659a-3cad-515b-9e1d-2548485a9c69') on conflict do nothing;
insert into public.curriculum_lesson_standards (lesson_id, standard_id) values ('fd8e980c-2393-5ea0-bf02-55c19db3a1d6', '7164a2e1-47ef-5221-ab70-3d2db5ee9f51') on conflict do nothing;
insert into public.curriculum_lesson_standards (lesson_id, standard_id) values ('fd8e980c-2393-5ea0-bf02-55c19db3a1d6', '51ab23e0-0dff-519c-9e5f-7a55f0aa354c') on conflict do nothing;
insert into public.curriculum_lesson_standards (lesson_id, standard_id) values ('fd8e980c-2393-5ea0-bf02-55c19db3a1d6', '12d1dfda-5ddb-5b64-8f8b-6575308031a5') on conflict do nothing;
insert into public.curriculum_lessons (id, library_id, sequence_index, source_lesson_code, title, objective) values ('435ffc0a-6cad-5997-83da-a678d4a35dd9', 'bd790921-d355-59f7-bd5e-07d81adfac48', 54, '3.17', '3.17: Completing the Square and Complex Solutions', 'Let’s find complex solutions to quadratic equations by completing the square.') on conflict (library_id, sequence_index) do update set source_lesson_code = excluded.source_lesson_code, title = excluded.title, objective = excluded.objective;
insert into public.curriculum_lesson_standards (lesson_id, standard_id) values ('435ffc0a-6cad-5997-83da-a678d4a35dd9', 'ce105238-22be-5e37-bbe3-beb7c9453384') on conflict do nothing;
insert into public.curriculum_lesson_standards (lesson_id, standard_id) values ('435ffc0a-6cad-5997-83da-a678d4a35dd9', '1ece07a9-cbad-5c57-afb2-eac346b507d1') on conflict do nothing;
insert into public.curriculum_lesson_standards (lesson_id, standard_id) values ('435ffc0a-6cad-5997-83da-a678d4a35dd9', 'f5bd7059-9abe-59fc-bc1a-a53268ddbd05') on conflict do nothing;
insert into public.curriculum_lessons (id, library_id, sequence_index, source_lesson_code, title, objective) values ('e3b65edd-a057-5a6d-8947-7c08679907df', '64d57898-02a0-553d-8da5-740f9d08f2b1', 55, '4.03', '4.03: Interpreting & Using Function Notation', 'Let’s use function notation to talk about functions.') on conflict (library_id, sequence_index) do update set source_lesson_code = excluded.source_lesson_code, title = excluded.title, objective = excluded.objective;
insert into public.curriculum_lesson_standards (lesson_id, standard_id) values ('e3b65edd-a057-5a6d-8947-7c08679907df', '9a18c506-7d8e-58b5-99c6-2fbdd63483ef') on conflict do nothing;
insert into public.curriculum_lesson_standards (lesson_id, standard_id) values ('e3b65edd-a057-5a6d-8947-7c08679907df', 'a337895a-3a09-57c4-a135-672808d0cd90') on conflict do nothing;
insert into public.curriculum_lessons (id, library_id, sequence_index, source_lesson_code, title, objective) values ('b8378257-3426-5db9-aed2-34ac17a6a757', '93d549d5-f6a7-5859-b16f-3cbf33972974', 55, '4.02', '4.02: Half a Square', 'Let’s investigate the properties of diagonals of squares.') on conflict (library_id, sequence_index) do update set source_lesson_code = excluded.source_lesson_code, title = excluded.title, objective = excluded.objective;
insert into public.curriculum_lesson_standards (lesson_id, standard_id) values ('b8378257-3426-5db9-aed2-34ac17a6a757', '2582659a-3cad-515b-9e1d-2548485a9c69') on conflict do nothing;
insert into public.curriculum_lesson_standards (lesson_id, standard_id) values ('b8378257-3426-5db9-aed2-34ac17a6a757', '7164a2e1-47ef-5221-ab70-3d2db5ee9f51') on conflict do nothing;
insert into public.curriculum_lesson_standards (lesson_id, standard_id) values ('b8378257-3426-5db9-aed2-34ac17a6a757', '6760207f-af31-5c84-8699-0c07781b1206') on conflict do nothing;
insert into public.curriculum_lessons (id, library_id, sequence_index, source_lesson_code, title, objective) values ('76c6421e-cea2-5f1c-ac92-8b7375048bce', 'bd790921-d355-59f7-bd5e-07d81adfac48', 55, '3.18', '3.18: The Quadratic Formula and Complex Solutions', 'Let’s use the quadratic formula to find complex solutions to quadratic equations.') on conflict (library_id, sequence_index) do update set source_lesson_code = excluded.source_lesson_code, title = excluded.title, objective = excluded.objective;
insert into public.curriculum_lesson_standards (lesson_id, standard_id) values ('76c6421e-cea2-5f1c-ac92-8b7375048bce', '24863cb1-94fd-522d-a8a6-0c62f6525c29') on conflict do nothing;
insert into public.curriculum_lesson_standards (lesson_id, standard_id) values ('76c6421e-cea2-5f1c-ac92-8b7375048bce', 'f5bd7059-9abe-59fc-bc1a-a53268ddbd05') on conflict do nothing;
insert into public.curriculum_lessons (id, library_id, sequence_index, source_lesson_code, title, objective) values ('a53205e5-2f45-5b24-bf78-6fa41221ac24', '64d57898-02a0-553d-8da5-740f9d08f2b1', 56, '4.04', '4.04: Using Function Notation to Describe Rules (Part 1)', 'Let’s look at some rules that describe functions and write some, too.') on conflict (library_id, sequence_index) do update set source_lesson_code = excluded.source_lesson_code, title = excluded.title, objective = excluded.objective;
insert into public.curriculum_lesson_standards (lesson_id, standard_id) values ('a53205e5-2f45-5b24-bf78-6fa41221ac24', 'b34b6c37-5991-510b-afdb-1343274bbbe0') on conflict do nothing;
insert into public.curriculum_lesson_standards (lesson_id, standard_id) values ('a53205e5-2f45-5b24-bf78-6fa41221ac24', '1de220d0-93dd-5f4c-9d36-72ea0dae0d95') on conflict do nothing;
insert into public.curriculum_lesson_standards (lesson_id, standard_id) values ('a53205e5-2f45-5b24-bf78-6fa41221ac24', '70ae07af-6dc9-5ad6-aa1b-5aa60a7b308f') on conflict do nothing;
insert into public.curriculum_lesson_standards (lesson_id, standard_id) values ('a53205e5-2f45-5b24-bf78-6fa41221ac24', '9a18c506-7d8e-58b5-99c6-2fbdd63483ef') on conflict do nothing;
insert into public.curriculum_lesson_standards (lesson_id, standard_id) values ('a53205e5-2f45-5b24-bf78-6fa41221ac24', 'a337895a-3a09-57c4-a135-672808d0cd90') on conflict do nothing;
insert into public.curriculum_lesson_standards (lesson_id, standard_id) values ('a53205e5-2f45-5b24-bf78-6fa41221ac24', '2cfdce83-4c79-56f6-8bb0-d3adbac4ca9f') on conflict do nothing;
insert into public.curriculum_lessons (id, library_id, sequence_index, source_lesson_code, title, objective) values ('2d2105b4-bde1-5493-80d9-71bcf38a0049', '93d549d5-f6a7-5859-b16f-3cbf33972974', 56, '4.03', '4.03: Half an Equilateral Triangle', 'Let’s investigate the properties of altitudes of equilateral triangles.') on conflict (library_id, sequence_index) do update set source_lesson_code = excluded.source_lesson_code, title = excluded.title, objective = excluded.objective;
insert into public.curriculum_lesson_standards (lesson_id, standard_id) values ('2d2105b4-bde1-5493-80d9-71bcf38a0049', '2582659a-3cad-515b-9e1d-2548485a9c69') on conflict do nothing;
insert into public.curriculum_lesson_standards (lesson_id, standard_id) values ('2d2105b4-bde1-5493-80d9-71bcf38a0049', '7164a2e1-47ef-5221-ab70-3d2db5ee9f51') on conflict do nothing;
insert into public.curriculum_lessons (id, library_id, sequence_index, source_lesson_code, title, objective) values ('42f30625-acaf-52aa-8aa4-0ee1a0951c03', 'bd790921-d355-59f7-bd5e-07d81adfac48', 56, '3.19', '3.19: Real and Non-Real Solutions', 'Let''s create and solve quadratic equations.') on conflict (library_id, sequence_index) do update set source_lesson_code = excluded.source_lesson_code, title = excluded.title, objective = excluded.objective;
insert into public.curriculum_lesson_standards (lesson_id, standard_id) values ('42f30625-acaf-52aa-8aa4-0ee1a0951c03', 'ce105238-22be-5e37-bbe3-beb7c9453384') on conflict do nothing;
insert into public.curriculum_lesson_standards (lesson_id, standard_id) values ('42f30625-acaf-52aa-8aa4-0ee1a0951c03', 'f5bd7059-9abe-59fc-bc1a-a53268ddbd05') on conflict do nothing;
insert into public.curriculum_lessons (id, library_id, sequence_index, source_lesson_code, title, objective) values ('ad65ee02-9312-5c85-a0fd-c5f70fd0e5b9', '64d57898-02a0-553d-8da5-740f9d08f2b1', 57, '4.05', '4.05: Using Function Notation to Describe Rules (Part 2)', 'Let’s graph and find the values of some functions.') on conflict (library_id, sequence_index) do update set source_lesson_code = excluded.source_lesson_code, title = excluded.title, objective = excluded.objective;
insert into public.curriculum_lesson_standards (lesson_id, standard_id) values ('ad65ee02-9312-5c85-a0fd-c5f70fd0e5b9', 'd697ada1-4280-5815-a8cb-e522ee0f188b') on conflict do nothing;
insert into public.curriculum_lesson_standards (lesson_id, standard_id) values ('ad65ee02-9312-5c85-a0fd-c5f70fd0e5b9', '9a18c506-7d8e-58b5-99c6-2fbdd63483ef') on conflict do nothing;
insert into public.curriculum_lesson_standards (lesson_id, standard_id) values ('ad65ee02-9312-5c85-a0fd-c5f70fd0e5b9', 'a337895a-3a09-57c4-a135-672808d0cd90') on conflict do nothing;
insert into public.curriculum_lesson_standards (lesson_id, standard_id) values ('ad65ee02-9312-5c85-a0fd-c5f70fd0e5b9', 'c69e1aff-08d3-5a37-9431-f7cf90e4f062') on conflict do nothing;
insert into public.curriculum_lessons (id, library_id, sequence_index, source_lesson_code, title, objective) values ('b8b17097-2237-57bf-bd4b-797fa796c688', '93d549d5-f6a7-5859-b16f-3cbf33972974', 57, '4.04', '4.04: Ratios in Right Triangles', 'Let’s investigate ratios in the side lengths of right triangles.') on conflict (library_id, sequence_index) do update set source_lesson_code = excluded.source_lesson_code, title = excluded.title, objective = excluded.objective;
insert into public.curriculum_lesson_standards (lesson_id, standard_id) values ('b8b17097-2237-57bf-bd4b-797fa796c688', '7164a2e1-47ef-5221-ab70-3d2db5ee9f51') on conflict do nothing;
insert into public.curriculum_lesson_standards (lesson_id, standard_id) values ('b8b17097-2237-57bf-bd4b-797fa796c688', '039ca64e-79fb-51ed-ac3f-50e304c5f899') on conflict do nothing;
insert into public.curriculum_lesson_standards (lesson_id, standard_id) values ('b8b17097-2237-57bf-bd4b-797fa796c688', '51ab23e0-0dff-519c-9e5f-7a55f0aa354c') on conflict do nothing;
insert into public.curriculum_lesson_standards (lesson_id, standard_id) values ('b8b17097-2237-57bf-bd4b-797fa796c688', '6760207f-af31-5c84-8699-0c07781b1206') on conflict do nothing;
insert into public.curriculum_lessons (id, library_id, sequence_index, source_lesson_code, title, objective) values ('10a7cdf0-29db-53eb-8fad-df2b6aa5c101', 'bd790921-d355-59f7-bd5e-07d81adfac48', 57, '4.01', '4.01: Growing and Shrinking', 'Let’s calculate exponential change.') on conflict (library_id, sequence_index) do update set source_lesson_code = excluded.source_lesson_code, title = excluded.title, objective = excluded.objective;
insert into public.curriculum_lesson_standards (lesson_id, standard_id) values ('10a7cdf0-29db-53eb-8fad-df2b6aa5c101', 'a705af5c-9c8f-5f3d-aa6f-38d3061f3f07') on conflict do nothing;
insert into public.curriculum_lesson_standards (lesson_id, standard_id) values ('10a7cdf0-29db-53eb-8fad-df2b6aa5c101', '10830859-993a-5e79-9003-69e65e0dad48') on conflict do nothing;
insert into public.curriculum_lesson_standards (lesson_id, standard_id) values ('10a7cdf0-29db-53eb-8fad-df2b6aa5c101', '9dc1a600-6e34-51a8-b001-ec4f4464320b') on conflict do nothing;
insert into public.curriculum_lessons (id, library_id, sequence_index, source_lesson_code, title, objective) values ('e9ce3888-0134-58f3-b72e-c3670136e9eb', '64d57898-02a0-553d-8da5-740f9d08f2b1', 58, '4.06', '4.06: Features of Graphs', 'Let’s use graphs of functions to learn about situations.') on conflict (library_id, sequence_index) do update set source_lesson_code = excluded.source_lesson_code, title = excluded.title, objective = excluded.objective;
insert into public.curriculum_lesson_standards (lesson_id, standard_id) values ('e9ce3888-0134-58f3-b72e-c3670136e9eb', 'a337895a-3a09-57c4-a135-672808d0cd90') on conflict do nothing;
insert into public.curriculum_lessons (id, library_id, sequence_index, source_lesson_code, title, objective) values ('0ed7f050-cecd-5bf6-9188-c026200bf052', '93d549d5-f6a7-5859-b16f-3cbf33972974', 58, '4.05', '4.05: Working with Ratios in Right Triangles', 'Let’s solve problems about right triangles.') on conflict (library_id, sequence_index) do update set source_lesson_code = excluded.source_lesson_code, title = excluded.title, objective = excluded.objective;
insert into public.curriculum_lesson_standards (lesson_id, standard_id) values ('0ed7f050-cecd-5bf6-9188-c026200bf052', '7164a2e1-47ef-5221-ab70-3d2db5ee9f51') on conflict do nothing;
insert into public.curriculum_lessons (id, library_id, sequence_index, source_lesson_code, title, objective) values ('689d73f1-9aa2-51ea-b0e1-599911127f32', 'bd790921-d355-59f7-bd5e-07d81adfac48', 58, '4.02', '4.02: Representations of Growth and Decay', 'Let’s revisit ways to represent exponential change.') on conflict (library_id, sequence_index) do update set source_lesson_code = excluded.source_lesson_code, title = excluded.title, objective = excluded.objective;
insert into public.curriculum_lesson_standards (lesson_id, standard_id) values ('689d73f1-9aa2-51ea-b0e1-599911127f32', '46f95a08-75f9-577c-bce7-206a3a3e0fdd') on conflict do nothing;
insert into public.curriculum_lesson_standards (lesson_id, standard_id) values ('689d73f1-9aa2-51ea-b0e1-599911127f32', '9dc1a600-6e34-51a8-b001-ec4f4464320b') on conflict do nothing;
insert into public.curriculum_lesson_standards (lesson_id, standard_id) values ('689d73f1-9aa2-51ea-b0e1-599911127f32', '899f9ab6-f971-5edc-8f58-cddb5ef1efda') on conflict do nothing;
insert into public.curriculum_lessons (id, library_id, sequence_index, source_lesson_code, title, objective) values ('d41a45e4-8487-5904-8811-bee79adb77fb', '64d57898-02a0-553d-8da5-740f9d08f2b1', 59, '4.07', '4.07 Using Graphs to Find Average Rate of Change', 'Let’s measure how quickly the output of a function changes.') on conflict (library_id, sequence_index) do update set source_lesson_code = excluded.source_lesson_code, title = excluded.title, objective = excluded.objective;
insert into public.curriculum_lesson_standards (lesson_id, standard_id) values ('d41a45e4-8487-5904-8811-bee79adb77fb', 'be47d1be-bf17-5b3e-8cee-7a987f335b5d') on conflict do nothing;
insert into public.curriculum_lessons (id, library_id, sequence_index, source_lesson_code, title, objective) values ('aad811a6-c3b3-5f4c-839c-31f16f430dd1', '93d549d5-f6a7-5859-b16f-3cbf33972974', 59, '4.06', '4.06: Working with Trigonometric Ratios', 'Let’s solve problems using cosine, sine, and tangent.') on conflict (library_id, sequence_index) do update set source_lesson_code = excluded.source_lesson_code, title = excluded.title, objective = excluded.objective;
insert into public.curriculum_lesson_standards (lesson_id, standard_id) values ('aad811a6-c3b3-5f4c-839c-31f16f430dd1', '7164a2e1-47ef-5221-ab70-3d2db5ee9f51') on conflict do nothing;
insert into public.curriculum_lessons (id, library_id, sequence_index, source_lesson_code, title, objective) values ('125c23af-65b8-5cd5-aaea-a08c18905873', 'bd790921-d355-59f7-bd5e-07d81adfac48', 59, '4.03', '4.03: Understanding Rational Inputs', 'Let’s look at exponential functions where the input values are not whole numbers.') on conflict (library_id, sequence_index) do update set source_lesson_code = excluded.source_lesson_code, title = excluded.title, objective = excluded.objective;
insert into public.curriculum_lesson_standards (lesson_id, standard_id) values ('125c23af-65b8-5cd5-aaea-a08c18905873', '9dc1a600-6e34-51a8-b001-ec4f4464320b') on conflict do nothing;
insert into public.curriculum_lesson_standards (lesson_id, standard_id) values ('125c23af-65b8-5cd5-aaea-a08c18905873', 'c96e7cf5-665e-5da7-9fd5-e891f4c5696f') on conflict do nothing;
insert into public.curriculum_lessons (id, library_id, sequence_index, source_lesson_code, title, objective) values ('a58df8a7-4c78-5076-a531-e9c6a9f9ed4c', '64d57898-02a0-553d-8da5-740f9d08f2b1', 60, '4.08', '4.08: Interpreting and Creating Graphs', 'Let’s sketch graphs to represent situations.') on conflict (library_id, sequence_index) do update set source_lesson_code = excluded.source_lesson_code, title = excluded.title, objective = excluded.objective;
insert into public.curriculum_lesson_standards (lesson_id, standard_id) values ('a58df8a7-4c78-5076-a531-e9c6a9f9ed4c', 'a337895a-3a09-57c4-a135-672808d0cd90') on conflict do nothing;
insert into public.curriculum_lesson_standards (lesson_id, standard_id) values ('a58df8a7-4c78-5076-a531-e9c6a9f9ed4c', 'be47d1be-bf17-5b3e-8cee-7a987f335b5d') on conflict do nothing;
insert into public.curriculum_lessons (id, library_id, sequence_index, source_lesson_code, title, objective) values ('672dd1ad-c0d9-5f47-b4fa-694896a5a6d7', '93d549d5-f6a7-5859-b16f-3cbf33972974', 60, '4.07', '4.07: Applying Ratios in Right Triangles', 'Let’s solve problems by using right triangles and trigonometry.') on conflict (library_id, sequence_index) do update set source_lesson_code = excluded.source_lesson_code, title = excluded.title, objective = excluded.objective;
insert into public.curriculum_lesson_standards (lesson_id, standard_id) values ('672dd1ad-c0d9-5f47-b4fa-694896a5a6d7', '9e65bcd9-a601-598c-a135-0551166f4b73') on conflict do nothing;
insert into public.curriculum_lesson_standards (lesson_id, standard_id) values ('672dd1ad-c0d9-5f47-b4fa-694896a5a6d7', '51ab23e0-0dff-519c-9e5f-7a55f0aa354c') on conflict do nothing;
insert into public.curriculum_lesson_standards (lesson_id, standard_id) values ('672dd1ad-c0d9-5f47-b4fa-694896a5a6d7', '12d1dfda-5ddb-5b64-8f8b-6575308031a5') on conflict do nothing;
insert into public.curriculum_lessons (id, library_id, sequence_index, source_lesson_code, title, objective) values ('4deccfd8-2901-51d6-977f-f3c177db2331', 'bd790921-d355-59f7-bd5e-07d81adfac48', 60, '4.04', '4.04: Representing Functions at Rational Inputs', 'Let’s find how quantities are growing or decaying over fractional intervals of time.') on conflict (library_id, sequence_index) do update set source_lesson_code = excluded.source_lesson_code, title = excluded.title, objective = excluded.objective;
insert into public.curriculum_lesson_standards (lesson_id, standard_id) values ('4deccfd8-2901-51d6-977f-f3c177db2331', '46f95a08-75f9-577c-bce7-206a3a3e0fdd') on conflict do nothing;
insert into public.curriculum_lesson_standards (lesson_id, standard_id) values ('4deccfd8-2901-51d6-977f-f3c177db2331', 'ab2b4b37-2d21-59b0-81a9-c8bdcb0f089c') on conflict do nothing;
insert into public.curriculum_lesson_standards (lesson_id, standard_id) values ('4deccfd8-2901-51d6-977f-f3c177db2331', '9dc1a600-6e34-51a8-b001-ec4f4464320b') on conflict do nothing;
insert into public.curriculum_lessons (id, library_id, sequence_index, source_lesson_code, title, objective) values ('bc0190bb-0d30-524d-9e15-eb009a8e60de', '64d57898-02a0-553d-8da5-740f9d08f2b1', 61, '4.09', '4.09 Comparing Graphs', 'Let’s compare graphs of functions to learn about the situations they represent.') on conflict (library_id, sequence_index) do update set source_lesson_code = excluded.source_lesson_code, title = excluded.title, objective = excluded.objective;
insert into public.curriculum_lesson_standards (lesson_id, standard_id) values ('bc0190bb-0d30-524d-9e15-eb009a8e60de', '1ece07a9-cbad-5c57-afb2-eac346b507d1') on conflict do nothing;
insert into public.curriculum_lesson_standards (lesson_id, standard_id) values ('bc0190bb-0d30-524d-9e15-eb009a8e60de', 'a337895a-3a09-57c4-a135-672808d0cd90') on conflict do nothing;
insert into public.curriculum_lesson_standards (lesson_id, standard_id) values ('bc0190bb-0d30-524d-9e15-eb009a8e60de', 'be47d1be-bf17-5b3e-8cee-7a987f335b5d') on conflict do nothing;
insert into public.curriculum_lessons (id, library_id, sequence_index, source_lesson_code, title, objective) values ('796f9e20-b451-53f9-abdc-03c586c55d85', '93d549d5-f6a7-5859-b16f-3cbf33972974', 61, '4.08', '4.08: Sine and Cosine in the Same Right Triangle', 'Let’s connect cosine and sine.') on conflict (library_id, sequence_index) do update set source_lesson_code = excluded.source_lesson_code, title = excluded.title, objective = excluded.objective;
insert into public.curriculum_lesson_standards (lesson_id, standard_id) values ('796f9e20-b451-53f9-abdc-03c586c55d85', '039ca64e-79fb-51ed-ac3f-50e304c5f899') on conflict do nothing;
insert into public.curriculum_lessons (id, library_id, sequence_index, source_lesson_code, title, objective) values ('01320e3e-08d4-5032-b662-63a8dc378fc2', 'bd790921-d355-59f7-bd5e-07d81adfac48', 61, '4.05', '4.05: Changes Over Rational Intervals', 'Let’s look at how an exponential function changes when the input changes by a fractional amount.') on conflict (library_id, sequence_index) do update set source_lesson_code = excluded.source_lesson_code, title = excluded.title, objective = excluded.objective;
insert into public.curriculum_lesson_standards (lesson_id, standard_id) values ('01320e3e-08d4-5032-b662-63a8dc378fc2', '3e509005-3f25-5af2-991e-2eddd46350b1') on conflict do nothing;
insert into public.curriculum_lesson_standards (lesson_id, standard_id) values ('01320e3e-08d4-5032-b662-63a8dc378fc2', '928eb4af-c727-523d-8770-381670d6bd8e') on conflict do nothing;
insert into public.curriculum_lesson_standards (lesson_id, standard_id) values ('01320e3e-08d4-5032-b662-63a8dc378fc2', 'a705af5c-9c8f-5f3d-aa6f-38d3061f3f07') on conflict do nothing;
insert into public.curriculum_lessons (id, library_id, sequence_index, source_lesson_code, title, objective) values ('49f74dbc-ef2f-5d39-bb3f-7ff5b6f9c0ed', '64d57898-02a0-553d-8da5-740f9d08f2b1', 62, '4.10', '4.10: Domain and Range (Part 1)', 'Let’s find all possible inputs and outputs for a function.') on conflict (library_id, sequence_index) do update set source_lesson_code = excluded.source_lesson_code, title = excluded.title, objective = excluded.objective;
insert into public.curriculum_lesson_standards (lesson_id, standard_id) values ('49f74dbc-ef2f-5d39-bb3f-7ff5b6f9c0ed', '103e6ce2-ea69-56c4-a5d7-f6bff6e106e1') on conflict do nothing;
insert into public.curriculum_lesson_standards (lesson_id, standard_id) values ('49f74dbc-ef2f-5d39-bb3f-7ff5b6f9c0ed', '47e44c8b-18f0-5d17-b6a7-8fe08bdb482f') on conflict do nothing;
insert into public.curriculum_lessons (id, library_id, sequence_index, source_lesson_code, title, objective) values ('f9951ccf-ed0d-5421-8227-08142df25f84', '93d549d5-f6a7-5859-b16f-3cbf33972974', 62, '4.09', '4.09: Using Trigonometric Ratios to Find Angles', 'Let’s work backwards to find angles in right triangles.') on conflict (library_id, sequence_index) do update set source_lesson_code = excluded.source_lesson_code, title = excluded.title, objective = excluded.objective;
insert into public.curriculum_lesson_standards (lesson_id, standard_id) values ('f9951ccf-ed0d-5421-8227-08142df25f84', '7164a2e1-47ef-5221-ab70-3d2db5ee9f51') on conflict do nothing;
insert into public.curriculum_lesson_standards (lesson_id, standard_id) values ('f9951ccf-ed0d-5421-8227-08142df25f84', '51ab23e0-0dff-519c-9e5f-7a55f0aa354c') on conflict do nothing;
insert into public.curriculum_lessons (id, library_id, sequence_index, source_lesson_code, title, objective) values ('c976464a-df76-545b-aee7-c29c1f7305f3', 'bd790921-d355-59f7-bd5e-07d81adfac48', 62, '4.06', '4.06: Writing Equations and Exponential Functions', 'Let’s decide what information we need to write an equation for an exponential function.') on conflict (library_id, sequence_index) do update set source_lesson_code = excluded.source_lesson_code, title = excluded.title, objective = excluded.objective;
insert into public.curriculum_lesson_standards (lesson_id, standard_id) values ('c976464a-df76-545b-aee7-c29c1f7305f3', '46f95a08-75f9-577c-bce7-206a3a3e0fdd') on conflict do nothing;
insert into public.curriculum_lesson_standards (lesson_id, standard_id) values ('c976464a-df76-545b-aee7-c29c1f7305f3', '36e67746-399d-56ec-b3f4-08a9388f2b74') on conflict do nothing;
insert into public.curriculum_lesson_standards (lesson_id, standard_id) values ('c976464a-df76-545b-aee7-c29c1f7305f3', '9dc1a600-6e34-51a8-b001-ec4f4464320b') on conflict do nothing;
insert into public.curriculum_lesson_standards (lesson_id, standard_id) values ('c976464a-df76-545b-aee7-c29c1f7305f3', 'c96e7cf5-665e-5da7-9fd5-e891f4c5696f') on conflict do nothing;
insert into public.curriculum_lessons (id, library_id, sequence_index, source_lesson_code, title, objective) values ('3465f1c6-d2e0-527f-9cfd-87844d1a01d7', '64d57898-02a0-553d-8da5-740f9d08f2b1', 63, '4.11', '4.11: Domain and Range (Part 2)', 'Let’s analyze graphs of functions to learn about their domain and range.') on conflict (library_id, sequence_index) do update set source_lesson_code = excluded.source_lesson_code, title = excluded.title, objective = excluded.objective;
insert into public.curriculum_lesson_standards (lesson_id, standard_id) values ('3465f1c6-d2e0-527f-9cfd-87844d1a01d7', 'a337895a-3a09-57c4-a135-672808d0cd90') on conflict do nothing;
insert into public.curriculum_lesson_standards (lesson_id, standard_id) values ('3465f1c6-d2e0-527f-9cfd-87844d1a01d7', '47e44c8b-18f0-5d17-b6a7-8fe08bdb482f') on conflict do nothing;
insert into public.curriculum_lessons (id, library_id, sequence_index, source_lesson_code, title, objective) values ('6731cf64-d827-5f08-a19c-c18aea09d4f4', '93d549d5-f6a7-5859-b16f-3cbf33972974', 63, '4.10', '4.10: Solving Problems with Trigonometry', 'Let’s solve problems about right triangles.') on conflict (library_id, sequence_index) do update set source_lesson_code = excluded.source_lesson_code, title = excluded.title, objective = excluded.objective;
insert into public.curriculum_lesson_standards (lesson_id, standard_id) values ('6731cf64-d827-5f08-a19c-c18aea09d4f4', 'be670cbf-525e-5111-a482-0cd7e46fe227') on conflict do nothing;
insert into public.curriculum_lesson_standards (lesson_id, standard_id) values ('6731cf64-d827-5f08-a19c-c18aea09d4f4', '9e65bcd9-a601-598c-a135-0551166f4b73') on conflict do nothing;
insert into public.curriculum_lesson_standards (lesson_id, standard_id) values ('6731cf64-d827-5f08-a19c-c18aea09d4f4', '51ab23e0-0dff-519c-9e5f-7a55f0aa354c') on conflict do nothing;
insert into public.curriculum_lesson_standards (lesson_id, standard_id) values ('6731cf64-d827-5f08-a19c-c18aea09d4f4', '12d1dfda-5ddb-5b64-8f8b-6575308031a5') on conflict do nothing;
insert into public.curriculum_lessons (id, library_id, sequence_index, source_lesson_code, title, objective) values ('1610d1cc-cb21-5fb6-8aee-39948ce05221', 'bd790921-d355-59f7-bd5e-07d81adfac48', 63, '4.07', '4.07: Intrepreting and Using Exponential Functions', 'Let’s explore the ages of ancient things.') on conflict (library_id, sequence_index) do update set source_lesson_code = excluded.source_lesson_code, title = excluded.title, objective = excluded.objective;
insert into public.curriculum_lesson_standards (lesson_id, standard_id) values ('1610d1cc-cb21-5fb6-8aee-39948ce05221', '46f95a08-75f9-577c-bce7-206a3a3e0fdd') on conflict do nothing;
insert into public.curriculum_lesson_standards (lesson_id, standard_id) values ('1610d1cc-cb21-5fb6-8aee-39948ce05221', 'ad5e4718-1372-50ed-8acf-80132cb48de4') on conflict do nothing;
insert into public.curriculum_lesson_standards (lesson_id, standard_id) values ('1610d1cc-cb21-5fb6-8aee-39948ce05221', '899f9ab6-f971-5edc-8f58-cddb5ef1efda') on conflict do nothing;
insert into public.curriculum_lesson_standards (lesson_id, standard_id) values ('1610d1cc-cb21-5fb6-8aee-39948ce05221', 'c96e7cf5-665e-5da7-9fd5-e891f4c5696f') on conflict do nothing;
insert into public.curriculum_lessons (id, library_id, sequence_index, source_lesson_code, title, objective) values ('b6e6fd5e-7b4f-5b50-8c63-b0bf5dd69a64', '64d57898-02a0-553d-8da5-740f9d08f2b1', 64, '4.12', '4.12: Piecewise Functions', 'Let’s look at functions that are defined in pieces.') on conflict (library_id, sequence_index) do update set source_lesson_code = excluded.source_lesson_code, title = excluded.title, objective = excluded.objective;
insert into public.curriculum_lesson_standards (lesson_id, standard_id) values ('b6e6fd5e-7b4f-5b50-8c63-b0bf5dd69a64', '9a18c506-7d8e-58b5-99c6-2fbdd63483ef') on conflict do nothing;
insert into public.curriculum_lesson_standards (lesson_id, standard_id) values ('b6e6fd5e-7b4f-5b50-8c63-b0bf5dd69a64', '47e44c8b-18f0-5d17-b6a7-8fe08bdb482f') on conflict do nothing;
insert into public.curriculum_lesson_standards (lesson_id, standard_id) values ('b6e6fd5e-7b4f-5b50-8c63-b0bf5dd69a64', '2cfdce83-4c79-56f6-8bb0-d3adbac4ca9f') on conflict do nothing;
insert into public.curriculum_lesson_standards (lesson_id, standard_id) values ('b6e6fd5e-7b4f-5b50-8c63-b0bf5dd69a64', 'c69e1aff-08d3-5a37-9431-f7cf90e4f062') on conflict do nothing;
insert into public.curriculum_lesson_standards (lesson_id, standard_id) values ('b6e6fd5e-7b4f-5b50-8c63-b0bf5dd69a64', 'a755be9f-2332-552e-ada0-60951c433616') on conflict do nothing;
insert into public.curriculum_lessons (id, library_id, sequence_index, source_lesson_code, title, objective) values ('f2d8f276-63f6-5784-b7ef-cf268f06d4d8', '93d549d5-f6a7-5859-b16f-3cbf33972974', 64, '4.11', '4.11: Approximating Pi', 'Let’s approximate the value of pi.') on conflict (library_id, sequence_index) do update set source_lesson_code = excluded.source_lesson_code, title = excluded.title, objective = excluded.objective;
insert into public.curriculum_lesson_standards (lesson_id, standard_id) values ('f2d8f276-63f6-5784-b7ef-cf268f06d4d8', 'be670cbf-525e-5111-a482-0cd7e46fe227') on conflict do nothing;
insert into public.curriculum_lesson_standards (lesson_id, standard_id) values ('f2d8f276-63f6-5784-b7ef-cf268f06d4d8', '9e65bcd9-a601-598c-a135-0551166f4b73') on conflict do nothing;
insert into public.curriculum_lesson_standards (lesson_id, standard_id) values ('f2d8f276-63f6-5784-b7ef-cf268f06d4d8', '12d1dfda-5ddb-5b64-8f8b-6575308031a5') on conflict do nothing;
insert into public.curriculum_lessons (id, library_id, sequence_index, source_lesson_code, title, objective) values ('4a4d0455-fa73-5af6-b156-e8d479745144', 'bd790921-d355-59f7-bd5e-07d81adfac48', 64, '4.08', '4.08: Unknown Exponents', 'Let’s find unknown exponents.') on conflict (library_id, sequence_index) do update set source_lesson_code = excluded.source_lesson_code, title = excluded.title, objective = excluded.objective;
insert into public.curriculum_lesson_standards (lesson_id, standard_id) values ('4a4d0455-fa73-5af6-b156-e8d479745144', '1de220d0-93dd-5f4c-9d36-72ea0dae0d95') on conflict do nothing;
insert into public.curriculum_lesson_standards (lesson_id, standard_id) values ('4a4d0455-fa73-5af6-b156-e8d479745144', 'e4f0fce2-60f7-5c38-8f46-31ca464dd819') on conflict do nothing;
insert into public.curriculum_lessons (id, library_id, sequence_index, source_lesson_code, title, objective) values ('7aade5cb-7a7b-5dc7-bffa-25a8617e2f56', '64d57898-02a0-553d-8da5-740f9d08f2b1', 65, '4.13', '4.13: Absolute Value Functions (Part 1)', 'Let’s make some guesses and see how good they are.') on conflict (library_id, sequence_index) do update set source_lesson_code = excluded.source_lesson_code, title = excluded.title, objective = excluded.objective;
insert into public.curriculum_lesson_standards (lesson_id, standard_id) values ('7aade5cb-7a7b-5dc7-bffa-25a8617e2f56', '2cfdce83-4c79-56f6-8bb0-d3adbac4ca9f') on conflict do nothing;
insert into public.curriculum_lesson_standards (lesson_id, standard_id) values ('7aade5cb-7a7b-5dc7-bffa-25a8617e2f56', 'a755be9f-2332-552e-ada0-60951c433616') on conflict do nothing;
insert into public.curriculum_lessons (id, library_id, sequence_index, source_lesson_code, title, objective) values ('71367d50-5af6-5e5e-a61c-7e644fed0047', '93d549d5-f6a7-5859-b16f-3cbf33972974', 65, '5.01', '5.01: Solids of Rotation', 'Let’s rotate two-dimensional shapes to make three-dimensional shapes.') on conflict (library_id, sequence_index) do update set source_lesson_code = excluded.source_lesson_code, title = excluded.title, objective = excluded.objective;
insert into public.curriculum_lesson_standards (lesson_id, standard_id) values ('71367d50-5af6-5e5e-a61c-7e644fed0047', '3002d85f-e21b-5650-9e0f-e304a93664d1') on conflict do nothing;
insert into public.curriculum_lessons (id, library_id, sequence_index, source_lesson_code, title, objective) values ('774933ef-df6c-5745-b1fd-bb6cd535394a', 'bd790921-d355-59f7-bd5e-07d81adfac48', 65, '4.09', '4.09: What is a Logarithm', 'Let’s learn about logarithms.') on conflict (library_id, sequence_index) do update set source_lesson_code = excluded.source_lesson_code, title = excluded.title, objective = excluded.objective;
insert into public.curriculum_lesson_standards (lesson_id, standard_id) values ('774933ef-df6c-5745-b1fd-bb6cd535394a', 'e4f0fce2-60f7-5c38-8f46-31ca464dd819') on conflict do nothing;
insert into public.curriculum_lessons (id, library_id, sequence_index, source_lesson_code, title, objective) values ('b4040d15-e3b3-5cf8-a2e4-194c0bd00311', '64d57898-02a0-553d-8da5-740f9d08f2b1', 66, '4.14', '4.14: Absolute Value Functions (Part 2)', 'Let’s investigate distance as a function.') on conflict (library_id, sequence_index) do update set source_lesson_code = excluded.source_lesson_code, title = excluded.title, objective = excluded.objective;
insert into public.curriculum_lesson_standards (lesson_id, standard_id) values ('b4040d15-e3b3-5cf8-a2e4-194c0bd00311', 'b34b6c37-5991-510b-afdb-1343274bbbe0') on conflict do nothing;
insert into public.curriculum_lesson_standards (lesson_id, standard_id) values ('b4040d15-e3b3-5cf8-a2e4-194c0bd00311', '1de220d0-93dd-5f4c-9d36-72ea0dae0d95') on conflict do nothing;
insert into public.curriculum_lesson_standards (lesson_id, standard_id) values ('b4040d15-e3b3-5cf8-a2e4-194c0bd00311', '444d2808-cd0e-5ecd-89da-9fcb58c9e9f8') on conflict do nothing;
insert into public.curriculum_lesson_standards (lesson_id, standard_id) values ('b4040d15-e3b3-5cf8-a2e4-194c0bd00311', '2cfdce83-4c79-56f6-8bb0-d3adbac4ca9f') on conflict do nothing;
insert into public.curriculum_lesson_standards (lesson_id, standard_id) values ('b4040d15-e3b3-5cf8-a2e4-194c0bd00311', 'a755be9f-2332-552e-ada0-60951c433616') on conflict do nothing;
insert into public.curriculum_lessons (id, library_id, sequence_index, source_lesson_code, title, objective) values ('93deab11-2129-5059-bf13-7fe005a07e49', '93d549d5-f6a7-5859-b16f-3cbf33972974', 66, '5.02', '5.02: Slicing Solids', 'Let’s analyze cross sections by slicing three-dimensional solids.') on conflict (library_id, sequence_index) do update set source_lesson_code = excluded.source_lesson_code, title = excluded.title, objective = excluded.objective;
insert into public.curriculum_lesson_standards (lesson_id, standard_id) values ('93deab11-2129-5059-bf13-7fe005a07e49', 'be670cbf-525e-5111-a482-0cd7e46fe227') on conflict do nothing;
insert into public.curriculum_lesson_standards (lesson_id, standard_id) values ('93deab11-2129-5059-bf13-7fe005a07e49', '3002d85f-e21b-5650-9e0f-e304a93664d1') on conflict do nothing;
insert into public.curriculum_lessons (id, library_id, sequence_index, source_lesson_code, title, objective) values ('45d5a0af-b488-521d-a1d9-3807449086b1', 'bd790921-d355-59f7-bd5e-07d81adfac48', 66, '4.10', '4.10: Interpreting and Writing Logarthmic Equations', 'Let’s look at logarithms with different bases.') on conflict (library_id, sequence_index) do update set source_lesson_code = excluded.source_lesson_code, title = excluded.title, objective = excluded.objective;
insert into public.curriculum_lesson_standards (lesson_id, standard_id) values ('45d5a0af-b488-521d-a1d9-3807449086b1', 'ad5e4718-1372-50ed-8acf-80132cb48de4') on conflict do nothing;
insert into public.curriculum_lesson_standards (lesson_id, standard_id) values ('45d5a0af-b488-521d-a1d9-3807449086b1', 'e4f0fce2-60f7-5c38-8f46-31ca464dd819') on conflict do nothing;
insert into public.curriculum_lessons (id, library_id, sequence_index, source_lesson_code, title, objective) values ('47081e8f-3e82-5947-8d9d-50f0ad8f4d5d', '64d57898-02a0-553d-8da5-740f9d08f2b1', 67, '4.15', '4.15: Inverse Functions', 'Let’s define functions forward and backward.') on conflict (library_id, sequence_index) do update set source_lesson_code = excluded.source_lesson_code, title = excluded.title, objective = excluded.objective;
insert into public.curriculum_lesson_standards (lesson_id, standard_id) values ('47081e8f-3e82-5947-8d9d-50f0ad8f4d5d', '0cd36bd9-3f6a-569b-aa03-d8c52715a207') on conflict do nothing;
insert into public.curriculum_lessons (id, library_id, sequence_index, source_lesson_code, title, objective) values ('70440b93-ba01-5fd1-bd5d-1df63cd98571', '93d549d5-f6a7-5859-b16f-3cbf33972974', 67, '5.03', '5.03: Creating Cross Sections by Dilating', 'Let’s create cross sections by doing dilations.') on conflict (library_id, sequence_index) do update set source_lesson_code = excluded.source_lesson_code, title = excluded.title, objective = excluded.objective;
insert into public.curriculum_lesson_standards (lesson_id, standard_id) values ('70440b93-ba01-5fd1-bd5d-1df63cd98571', 'be670cbf-525e-5111-a482-0cd7e46fe227') on conflict do nothing;
insert into public.curriculum_lesson_standards (lesson_id, standard_id) values ('70440b93-ba01-5fd1-bd5d-1df63cd98571', '3002d85f-e21b-5650-9e0f-e304a93664d1') on conflict do nothing;
insert into public.curriculum_lessons (id, library_id, sequence_index, source_lesson_code, title, objective) values ('b91797a8-7e1e-594e-b05d-4afa5a38520c', 'bd790921-d355-59f7-bd5e-07d81adfac48', 67, '4.11', '4.11: Evaluating Logarthmic Expressions', 'Let’s find some logs.') on conflict (library_id, sequence_index) do update set source_lesson_code = excluded.source_lesson_code, title = excluded.title, objective = excluded.objective;
insert into public.curriculum_lesson_standards (lesson_id, standard_id) values ('b91797a8-7e1e-594e-b05d-4afa5a38520c', 'e4f0fce2-60f7-5c38-8f46-31ca464dd819') on conflict do nothing;
insert into public.curriculum_lessons (id, library_id, sequence_index, source_lesson_code, title, objective) values ('53661582-42a8-50d1-b9ff-c25060755a3e', '64d57898-02a0-553d-8da5-740f9d08f2b1', 68, '4.16', '4.16: Finding and Interpreting Inverse Functions', 'Let’s find the inverse of linear functions.') on conflict (library_id, sequence_index) do update set source_lesson_code = excluded.source_lesson_code, title = excluded.title, objective = excluded.objective;
insert into public.curriculum_lesson_standards (lesson_id, standard_id) values ('53661582-42a8-50d1-b9ff-c25060755a3e', 'ad9ee57e-8506-55f2-9952-977c3b9d1f59') on conflict do nothing;
insert into public.curriculum_lesson_standards (lesson_id, standard_id) values ('53661582-42a8-50d1-b9ff-c25060755a3e', '0cd36bd9-3f6a-569b-aa03-d8c52715a207') on conflict do nothing;
insert into public.curriculum_lessons (id, library_id, sequence_index, source_lesson_code, title, objective) values ('35086643-37ae-5fc5-ae6c-5006e55a00cc', '93d549d5-f6a7-5859-b16f-3cbf33972974', 68, '5.04', '5.04: Scaling and Area', 'Let’s see how the area of shapes changes when we dilate them.') on conflict (library_id, sequence_index) do update set source_lesson_code = excluded.source_lesson_code, title = excluded.title, objective = excluded.objective;
insert into public.curriculum_lesson_standards (lesson_id, standard_id) values ('35086643-37ae-5fc5-ae6c-5006e55a00cc', 'db6788d3-39e1-5317-82ef-d77c11817c69') on conflict do nothing;
insert into public.curriculum_lesson_standards (lesson_id, standard_id) values ('35086643-37ae-5fc5-ae6c-5006e55a00cc', 'a755be9f-2332-552e-ada0-60951c433616') on conflict do nothing;
insert into public.curriculum_lesson_standards (lesson_id, standard_id) values ('35086643-37ae-5fc5-ae6c-5006e55a00cc', '441b201b-3e0e-580d-a414-f1a795b5def5') on conflict do nothing;
insert into public.curriculum_lesson_standards (lesson_id, standard_id) values ('35086643-37ae-5fc5-ae6c-5006e55a00cc', 'be670cbf-525e-5111-a482-0cd7e46fe227') on conflict do nothing;
insert into public.curriculum_lessons (id, library_id, sequence_index, source_lesson_code, title, objective) values ('d75a1d77-97a3-5c51-8078-11c70d685b47', 'bd790921-d355-59f7-bd5e-07d81adfac48', 68, '4.12', '4.12: The Number e', 'Let’s learn about the number e.') on conflict (library_id, sequence_index) do update set source_lesson_code = excluded.source_lesson_code, title = excluded.title, objective = excluded.objective;
insert into public.curriculum_lesson_standards (lesson_id, standard_id) values ('d75a1d77-97a3-5c51-8078-11c70d685b47', '9a18c506-7d8e-58b5-99c6-2fbdd63483ef') on conflict do nothing;
insert into public.curriculum_lesson_standards (lesson_id, standard_id) values ('d75a1d77-97a3-5c51-8078-11c70d685b47', 'e4f0fce2-60f7-5c38-8f46-31ca464dd819') on conflict do nothing;
insert into public.curriculum_lesson_standards (lesson_id, standard_id) values ('d75a1d77-97a3-5c51-8078-11c70d685b47', '899f9ab6-f971-5edc-8f58-cddb5ef1efda') on conflict do nothing;
insert into public.curriculum_lessons (id, library_id, sequence_index, source_lesson_code, title, objective) values ('35c5c2f0-0656-5619-9aab-145ccb8cab5a', '64d57898-02a0-553d-8da5-740f9d08f2b1', 69, '4.17', '4.17: Writing Inverse Functions to Solve Problems', 'Let’s use inverse functions to solve problems.') on conflict (library_id, sequence_index) do update set source_lesson_code = excluded.source_lesson_code, title = excluded.title, objective = excluded.objective;
insert into public.curriculum_lesson_standards (lesson_id, standard_id) values ('35c5c2f0-0656-5619-9aab-145ccb8cab5a', 'b34b6c37-5991-510b-afdb-1343274bbbe0') on conflict do nothing;
insert into public.curriculum_lesson_standards (lesson_id, standard_id) values ('35c5c2f0-0656-5619-9aab-145ccb8cab5a', '0cd36bd9-3f6a-569b-aa03-d8c52715a207') on conflict do nothing;
insert into public.curriculum_lesson_standards (lesson_id, standard_id) values ('35c5c2f0-0656-5619-9aab-145ccb8cab5a', '59fb2926-8262-5939-b780-6833298c8a8f') on conflict do nothing;
insert into public.curriculum_lesson_standards (lesson_id, standard_id) values ('35c5c2f0-0656-5619-9aab-145ccb8cab5a', '9a18c506-7d8e-58b5-99c6-2fbdd63483ef') on conflict do nothing;
insert into public.curriculum_lesson_standards (lesson_id, standard_id) values ('35c5c2f0-0656-5619-9aab-145ccb8cab5a', 'a337895a-3a09-57c4-a135-672808d0cd90') on conflict do nothing;
insert into public.curriculum_lesson_standards (lesson_id, standard_id) values ('35c5c2f0-0656-5619-9aab-145ccb8cab5a', '20b7116d-a4af-55ca-b177-522b4f13c6f1') on conflict do nothing;
insert into public.curriculum_lesson_standards (lesson_id, standard_id) values ('35c5c2f0-0656-5619-9aab-145ccb8cab5a', '55e05700-63b1-5f53-83fe-1bf86263e2d4') on conflict do nothing;
insert into public.curriculum_lessons (id, library_id, sequence_index, source_lesson_code, title, objective) values ('b4b3539c-3a10-5fb6-ac44-8c47875449d0', '93d549d5-f6a7-5859-b16f-3cbf33972974', 69, '5.05', '5.05: Scaling and Unscaling', 'Let’s examine the relationships between areas of dilated figures and scale factors.') on conflict (library_id, sequence_index) do update set source_lesson_code = excluded.source_lesson_code, title = excluded.title, objective = excluded.objective;
insert into public.curriculum_lesson_standards (lesson_id, standard_id) values ('b4b3539c-3a10-5fb6-ac44-8c47875449d0', '580c167e-beaa-5ddc-958d-8d39c7edd32f') on conflict do nothing;
insert into public.curriculum_lesson_standards (lesson_id, standard_id) values ('b4b3539c-3a10-5fb6-ac44-8c47875449d0', 'a755be9f-2332-552e-ada0-60951c433616') on conflict do nothing;
insert into public.curriculum_lesson_standards (lesson_id, standard_id) values ('b4b3539c-3a10-5fb6-ac44-8c47875449d0', '441b201b-3e0e-580d-a414-f1a795b5def5') on conflict do nothing;
insert into public.curriculum_lesson_standards (lesson_id, standard_id) values ('b4b3539c-3a10-5fb6-ac44-8c47875449d0', 'be670cbf-525e-5111-a482-0cd7e46fe227') on conflict do nothing;
insert into public.curriculum_lessons (id, library_id, sequence_index, source_lesson_code, title, objective) values ('695f393f-c880-5e45-bd41-10f39860d4e9', 'bd790921-d355-59f7-bd5e-07d81adfac48', 69, '4.13', '4.13: Exponential Functions with Base e', 'Let’s look at situations that can be modeled using exponential functions with base e.') on conflict (library_id, sequence_index) do update set source_lesson_code = excluded.source_lesson_code, title = excluded.title, objective = excluded.objective;
insert into public.curriculum_lesson_standards (lesson_id, standard_id) values ('695f393f-c880-5e45-bd41-10f39860d4e9', 'dbd89e06-36d2-55c5-b5ff-1761adb8e1bb') on conflict do nothing;
insert into public.curriculum_lesson_standards (lesson_id, standard_id) values ('695f393f-c880-5e45-bd41-10f39860d4e9', 'c69e1aff-08d3-5a37-9431-f7cf90e4f062') on conflict do nothing;
insert into public.curriculum_lesson_standards (lesson_id, standard_id) values ('695f393f-c880-5e45-bd41-10f39860d4e9', '2b210dd4-962f-5dea-9ac9-676db86b9f69') on conflict do nothing;
insert into public.curriculum_lesson_standards (lesson_id, standard_id) values ('695f393f-c880-5e45-bd41-10f39860d4e9', 'e4f0fce2-60f7-5c38-8f46-31ca464dd819') on conflict do nothing;
insert into public.curriculum_lesson_standards (lesson_id, standard_id) values ('695f393f-c880-5e45-bd41-10f39860d4e9', '899f9ab6-f971-5edc-8f58-cddb5ef1efda') on conflict do nothing;
insert into public.curriculum_lessons (id, library_id, sequence_index, source_lesson_code, title, objective) values ('0d3e505f-62bb-56b6-888f-482673fcc074', '64d57898-02a0-553d-8da5-740f9d08f2b1', 70, '4.18', '4.18: Using Functions to Model Battery Power', 'Let’s use functions to model data and make predictions.') on conflict (library_id, sequence_index) do update set source_lesson_code = excluded.source_lesson_code, title = excluded.title, objective = excluded.objective;
insert into public.curriculum_lesson_standards (lesson_id, standard_id) values ('0d3e505f-62bb-56b6-888f-482673fcc074', 'b34b6c37-5991-510b-afdb-1343274bbbe0') on conflict do nothing;
insert into public.curriculum_lesson_standards (lesson_id, standard_id) values ('0d3e505f-62bb-56b6-888f-482673fcc074', 'be47d1be-bf17-5b3e-8cee-7a987f335b5d') on conflict do nothing;
insert into public.curriculum_lesson_standards (lesson_id, standard_id) values ('0d3e505f-62bb-56b6-888f-482673fcc074', '1ca34aa4-8c72-5335-96e2-c493ff22aad5') on conflict do nothing;
insert into public.curriculum_lesson_standards (lesson_id, standard_id) values ('0d3e505f-62bb-56b6-888f-482673fcc074', '20b7116d-a4af-55ca-b177-522b4f13c6f1') on conflict do nothing;
insert into public.curriculum_lesson_standards (lesson_id, standard_id) values ('0d3e505f-62bb-56b6-888f-482673fcc074', '55e05700-63b1-5f53-83fe-1bf86263e2d4') on conflict do nothing;
insert into public.curriculum_lessons (id, library_id, sequence_index, source_lesson_code, title, objective) values ('67041b02-93a0-544b-9374-fe76de662626', '93d549d5-f6a7-5859-b16f-3cbf33972974', 70, '5.06', '5.06: Scaling Solids', 'Let’s see how the surface area and volume of solids change when we dilate them.') on conflict (library_id, sequence_index) do update set source_lesson_code = excluded.source_lesson_code, title = excluded.title, objective = excluded.objective;
insert into public.curriculum_lesson_standards (lesson_id, standard_id) values ('67041b02-93a0-544b-9374-fe76de662626', 'db6788d3-39e1-5317-82ef-d77c11817c69') on conflict do nothing;
insert into public.curriculum_lesson_standards (lesson_id, standard_id) values ('67041b02-93a0-544b-9374-fe76de662626', 'a755be9f-2332-552e-ada0-60951c433616') on conflict do nothing;
insert into public.curriculum_lesson_standards (lesson_id, standard_id) values ('67041b02-93a0-544b-9374-fe76de662626', '441b201b-3e0e-580d-a414-f1a795b5def5') on conflict do nothing;
insert into public.curriculum_lesson_standards (lesson_id, standard_id) values ('67041b02-93a0-544b-9374-fe76de662626', 'be670cbf-525e-5111-a482-0cd7e46fe227') on conflict do nothing;
insert into public.curriculum_lesson_standards (lesson_id, standard_id) values ('67041b02-93a0-544b-9374-fe76de662626', 'a98cb4cd-f15c-59e9-865d-68092c24edbe') on conflict do nothing;
insert into public.curriculum_lessons (id, library_id, sequence_index, source_lesson_code, title, objective) values ('f98d96be-a4cd-57a8-b804-f5b4b43e5077', 'bd790921-d355-59f7-bd5e-07d81adfac48', 70, '4.14', '4.14: Solving Exponential Equations', 'Let’s solve equations using logarithms.') on conflict (library_id, sequence_index) do update set source_lesson_code = excluded.source_lesson_code, title = excluded.title, objective = excluded.objective;
insert into public.curriculum_lesson_standards (lesson_id, standard_id) values ('f98d96be-a4cd-57a8-b804-f5b4b43e5077', 'e4f0fce2-60f7-5c38-8f46-31ca464dd819') on conflict do nothing;
insert into public.curriculum_lessons (id, library_id, sequence_index, source_lesson_code, title, objective) values ('7559d9da-2a5e-5f7e-b745-b3123c06a8b5', '64d57898-02a0-553d-8da5-740f9d08f2b1', 71, '5.01', '5.01: Growing and Growing', 'Let''s choose the better deal.') on conflict (library_id, sequence_index) do update set source_lesson_code = excluded.source_lesson_code, title = excluded.title, objective = excluded.objective;
insert into public.curriculum_lesson_standards (lesson_id, standard_id) values ('7559d9da-2a5e-5f7e-b745-b3123c06a8b5', '1de220d0-93dd-5f4c-9d36-72ea0dae0d95') on conflict do nothing;
insert into public.curriculum_lesson_standards (lesson_id, standard_id) values ('7559d9da-2a5e-5f7e-b745-b3123c06a8b5', 'a337895a-3a09-57c4-a135-672808d0cd90') on conflict do nothing;
insert into public.curriculum_lesson_standards (lesson_id, standard_id) values ('7559d9da-2a5e-5f7e-b745-b3123c06a8b5', '7e507fcb-24f0-5889-9aa3-ac8252ca0223') on conflict do nothing;
insert into public.curriculum_lessons (id, library_id, sequence_index, source_lesson_code, title, objective) values ('51f5004b-adff-5a01-8831-1e703e516623', '93d549d5-f6a7-5859-b16f-3cbf33972974', 71, '5.07', '5.07: The Root of the Problem', 'Let’s look at relationships between volumes, areas, and scale factors using graphs and situations.') on conflict (library_id, sequence_index) do update set source_lesson_code = excluded.source_lesson_code, title = excluded.title, objective = excluded.objective;
insert into public.curriculum_lesson_standards (lesson_id, standard_id) values ('51f5004b-adff-5a01-8831-1e703e516623', '580c167e-beaa-5ddc-958d-8d39c7edd32f') on conflict do nothing;
insert into public.curriculum_lesson_standards (lesson_id, standard_id) values ('51f5004b-adff-5a01-8831-1e703e516623', 'a755be9f-2332-552e-ada0-60951c433616') on conflict do nothing;
insert into public.curriculum_lesson_standards (lesson_id, standard_id) values ('51f5004b-adff-5a01-8831-1e703e516623', '441b201b-3e0e-580d-a414-f1a795b5def5') on conflict do nothing;
insert into public.curriculum_lesson_standards (lesson_id, standard_id) values ('51f5004b-adff-5a01-8831-1e703e516623', '6dac2afd-7729-5fea-aa1f-5403fe738a35') on conflict do nothing;
insert into public.curriculum_lesson_standards (lesson_id, standard_id) values ('51f5004b-adff-5a01-8831-1e703e516623', 'a98cb4cd-f15c-59e9-865d-68092c24edbe') on conflict do nothing;
insert into public.curriculum_lessons (id, library_id, sequence_index, source_lesson_code, title, objective) values ('a5116253-f5a3-55af-89aa-d6ee8f33ae07', 'bd790921-d355-59f7-bd5e-07d81adfac48', 71, '4.15', '4.15: Using Graphs and Logarithms to Sovle Problems (Part 1)', 'Let’s use graphs and logarithms to solve problems.') on conflict (library_id, sequence_index) do update set source_lesson_code = excluded.source_lesson_code, title = excluded.title, objective = excluded.objective;
insert into public.curriculum_lesson_standards (lesson_id, standard_id) values ('a5116253-f5a3-55af-89aa-d6ee8f33ae07', '1ece07a9-cbad-5c57-afb2-eac346b507d1') on conflict do nothing;
insert into public.curriculum_lesson_standards (lesson_id, standard_id) values ('a5116253-f5a3-55af-89aa-d6ee8f33ae07', '0bda9c71-9a20-5f57-a64a-f8f5e0b3a3a5') on conflict do nothing;
insert into public.curriculum_lesson_standards (lesson_id, standard_id) values ('a5116253-f5a3-55af-89aa-d6ee8f33ae07', 'e4f0fce2-60f7-5c38-8f46-31ca464dd819') on conflict do nothing;
insert into public.curriculum_lesson_standards (lesson_id, standard_id) values ('a5116253-f5a3-55af-89aa-d6ee8f33ae07', '899f9ab6-f971-5edc-8f58-cddb5ef1efda') on conflict do nothing;
insert into public.curriculum_lessons (id, library_id, sequence_index, source_lesson_code, title, objective) values ('4d05790e-b441-5027-9e70-f9be5eb6c04a', '64d57898-02a0-553d-8da5-740f9d08f2b1', 72, '5.02', '5.02: Patterns of Growth', 'Let’s compare different patterns of growth.') on conflict (library_id, sequence_index) do update set source_lesson_code = excluded.source_lesson_code, title = excluded.title, objective = excluded.objective;
insert into public.curriculum_lesson_standards (lesson_id, standard_id) values ('4d05790e-b441-5027-9e70-f9be5eb6c04a', '1cc0b7ec-63c1-51ca-ae35-62dd4f6b6e08') on conflict do nothing;
insert into public.curriculum_lesson_standards (lesson_id, standard_id) values ('4d05790e-b441-5027-9e70-f9be5eb6c04a', '1de220d0-93dd-5f4c-9d36-72ea0dae0d95') on conflict do nothing;
insert into public.curriculum_lesson_standards (lesson_id, standard_id) values ('4d05790e-b441-5027-9e70-f9be5eb6c04a', 'a337895a-3a09-57c4-a135-672808d0cd90') on conflict do nothing;
insert into public.curriculum_lesson_standards (lesson_id, standard_id) values ('4d05790e-b441-5027-9e70-f9be5eb6c04a', '66228d02-f086-5471-9815-b707378d4887') on conflict do nothing;
insert into public.curriculum_lesson_standards (lesson_id, standard_id) values ('4d05790e-b441-5027-9e70-f9be5eb6c04a', '9dc1a600-6e34-51a8-b001-ec4f4464320b') on conflict do nothing;
insert into public.curriculum_lessons (id, library_id, sequence_index, source_lesson_code, title, objective) values ('300fb83a-8327-562e-b7c6-5b6d4b04085a', '93d549d5-f6a7-5859-b16f-3cbf33972974', 72, '5.08', '5.08: Speaking of Scaling', 'Let’s practice moving back and forth between scale factors for lengths, surface areas, and volumes.') on conflict (library_id, sequence_index) do update set source_lesson_code = excluded.source_lesson_code, title = excluded.title, objective = excluded.objective;
insert into public.curriculum_lesson_standards (lesson_id, standard_id) values ('300fb83a-8327-562e-b7c6-5b6d4b04085a', '441b201b-3e0e-580d-a414-f1a795b5def5') on conflict do nothing;
insert into public.curriculum_lesson_standards (lesson_id, standard_id) values ('300fb83a-8327-562e-b7c6-5b6d4b04085a', 'be670cbf-525e-5111-a482-0cd7e46fe227') on conflict do nothing;
insert into public.curriculum_lesson_standards (lesson_id, standard_id) values ('300fb83a-8327-562e-b7c6-5b6d4b04085a', '3002d85f-e21b-5650-9e0f-e304a93664d1') on conflict do nothing;
insert into public.curriculum_lesson_standards (lesson_id, standard_id) values ('300fb83a-8327-562e-b7c6-5b6d4b04085a', 'a1c88926-09ab-5121-a9f6-d5200abd7f34') on conflict do nothing;
insert into public.curriculum_lesson_standards (lesson_id, standard_id) values ('300fb83a-8327-562e-b7c6-5b6d4b04085a', '6dac2afd-7729-5fea-aa1f-5403fe738a35') on conflict do nothing;
insert into public.curriculum_lesson_standards (lesson_id, standard_id) values ('300fb83a-8327-562e-b7c6-5b6d4b04085a', 'a98cb4cd-f15c-59e9-865d-68092c24edbe') on conflict do nothing;
insert into public.curriculum_lessons (id, library_id, sequence_index, source_lesson_code, title, objective) values ('5c281400-6d39-5df8-a571-c871393746ac', 'bd790921-d355-59f7-bd5e-07d81adfac48', 72, '4.16', '4.16: Using Graphs and Logarithms to Solve Problems (Part 2)', 'Let’s compare exponential functions by studying their graphs.') on conflict (library_id, sequence_index) do update set source_lesson_code = excluded.source_lesson_code, title = excluded.title, objective = excluded.objective;
insert into public.curriculum_lesson_standards (lesson_id, standard_id) values ('5c281400-6d39-5df8-a571-c871393746ac', '1ece07a9-cbad-5c57-afb2-eac346b507d1') on conflict do nothing;
insert into public.curriculum_lesson_standards (lesson_id, standard_id) values ('5c281400-6d39-5df8-a571-c871393746ac', 'e4f0fce2-60f7-5c38-8f46-31ca464dd819') on conflict do nothing;
insert into public.curriculum_lessons (id, library_id, sequence_index, source_lesson_code, title, objective) values ('ed2df9bd-6298-5e67-9cf4-0cf052458f33', '64d57898-02a0-553d-8da5-740f9d08f2b1', 73, '5.03', '5.03: Representing Exponential Growth', 'Let’s explore exponential growth.') on conflict (library_id, sequence_index) do update set source_lesson_code = excluded.source_lesson_code, title = excluded.title, objective = excluded.objective;
insert into public.curriculum_lesson_standards (lesson_id, standard_id) values ('ed2df9bd-6298-5e67-9cf4-0cf052458f33', '580c167e-beaa-5ddc-958d-8d39c7edd32f') on conflict do nothing;
insert into public.curriculum_lesson_standards (lesson_id, standard_id) values ('ed2df9bd-6298-5e67-9cf4-0cf052458f33', '1de220d0-93dd-5f4c-9d36-72ea0dae0d95') on conflict do nothing;
insert into public.curriculum_lesson_standards (lesson_id, standard_id) values ('ed2df9bd-6298-5e67-9cf4-0cf052458f33', 'c69e1aff-08d3-5a37-9431-f7cf90e4f062') on conflict do nothing;
insert into public.curriculum_lesson_standards (lesson_id, standard_id) values ('ed2df9bd-6298-5e67-9cf4-0cf052458f33', '899f9ab6-f971-5edc-8f58-cddb5ef1efda') on conflict do nothing;
insert into public.curriculum_lessons (id, library_id, sequence_index, source_lesson_code, title, objective) values ('bd75a3a7-e36e-549d-b2b4-56efa938e890', '93d549d5-f6a7-5859-b16f-3cbf33972974', 73, '5.09', '5.09: Cylinder Volumes', 'Let’s analyze cylinder volumes.') on conflict (library_id, sequence_index) do update set source_lesson_code = excluded.source_lesson_code, title = excluded.title, objective = excluded.objective;
insert into public.curriculum_lesson_standards (lesson_id, standard_id) values ('bd75a3a7-e36e-549d-b2b4-56efa938e890', 'dbd89e06-36d2-55c5-b5ff-1761adb8e1bb') on conflict do nothing;
insert into public.curriculum_lesson_standards (lesson_id, standard_id) values ('bd75a3a7-e36e-549d-b2b4-56efa938e890', 'be670cbf-525e-5111-a482-0cd7e46fe227') on conflict do nothing;
insert into public.curriculum_lesson_standards (lesson_id, standard_id) values ('bd75a3a7-e36e-549d-b2b4-56efa938e890', 'c748c02b-bbdb-5b7e-b966-4bb6c01c90ba') on conflict do nothing;
insert into public.curriculum_lesson_standards (lesson_id, standard_id) values ('bd75a3a7-e36e-549d-b2b4-56efa938e890', '3002d85f-e21b-5650-9e0f-e304a93664d1') on conflict do nothing;
insert into public.curriculum_lessons (id, library_id, sequence_index, source_lesson_code, title, objective) values ('26ac2b9e-a117-508c-b7ea-08ff4aa831d8', 'bd790921-d355-59f7-bd5e-07d81adfac48', 73, '4.17', '4.17: Logarithmic Functions', 'Let’s graph log functions.') on conflict (library_id, sequence_index) do update set source_lesson_code = excluded.source_lesson_code, title = excluded.title, objective = excluded.objective;
insert into public.curriculum_lesson_standards (lesson_id, standard_id) values ('26ac2b9e-a117-508c-b7ea-08ff4aa831d8', '2cfdce83-4c79-56f6-8bb0-d3adbac4ca9f') on conflict do nothing;
insert into public.curriculum_lesson_standards (lesson_id, standard_id) values ('26ac2b9e-a117-508c-b7ea-08ff4aa831d8', '0bda9c71-9a20-5f57-a64a-f8f5e0b3a3a5') on conflict do nothing;
insert into public.curriculum_lesson_standards (lesson_id, standard_id) values ('26ac2b9e-a117-508c-b7ea-08ff4aa831d8', 'e4f0fce2-60f7-5c38-8f46-31ca464dd819') on conflict do nothing;
insert into public.curriculum_lessons (id, library_id, sequence_index, source_lesson_code, title, objective) values ('b09df704-0cfc-5c17-9eb0-253dca404c64', '64d57898-02a0-553d-8da5-740f9d08f2b1', 74, '5.04', '5.04: Understanding Decay', 'Let’s look at exponential decay.') on conflict (library_id, sequence_index) do update set source_lesson_code = excluded.source_lesson_code, title = excluded.title, objective = excluded.objective;
insert into public.curriculum_lesson_standards (lesson_id, standard_id) values ('b09df704-0cfc-5c17-9eb0-253dca404c64', '580c167e-beaa-5ddc-958d-8d39c7edd32f') on conflict do nothing;
insert into public.curriculum_lesson_standards (lesson_id, standard_id) values ('b09df704-0cfc-5c17-9eb0-253dca404c64', '46f95a08-75f9-577c-bce7-206a3a3e0fdd') on conflict do nothing;
insert into public.curriculum_lesson_standards (lesson_id, standard_id) values ('b09df704-0cfc-5c17-9eb0-253dca404c64', '1cc0b7ec-63c1-51ca-ae35-62dd4f6b6e08') on conflict do nothing;
insert into public.curriculum_lesson_standards (lesson_id, standard_id) values ('b09df704-0cfc-5c17-9eb0-253dca404c64', '1de220d0-93dd-5f4c-9d36-72ea0dae0d95') on conflict do nothing;
insert into public.curriculum_lesson_standards (lesson_id, standard_id) values ('b09df704-0cfc-5c17-9eb0-253dca404c64', '9dc1a600-6e34-51a8-b001-ec4f4464320b') on conflict do nothing;
insert into public.curriculum_lesson_standards (lesson_id, standard_id) values ('b09df704-0cfc-5c17-9eb0-253dca404c64', '899f9ab6-f971-5edc-8f58-cddb5ef1efda') on conflict do nothing;
insert into public.curriculum_lessons (id, library_id, sequence_index, source_lesson_code, title, objective) values ('265a83a8-cf5e-5d63-82b5-243113cfcdda', '93d549d5-f6a7-5859-b16f-3cbf33972974', 74, '5.10', '5.10: Cross Sections and Volume', 'Let’s look at how cross sections and volume are related.') on conflict (library_id, sequence_index) do update set source_lesson_code = excluded.source_lesson_code, title = excluded.title, objective = excluded.objective;
insert into public.curriculum_lesson_standards (lesson_id, standard_id) values ('265a83a8-cf5e-5d63-82b5-243113cfcdda', 'be670cbf-525e-5111-a482-0cd7e46fe227') on conflict do nothing;
insert into public.curriculum_lesson_standards (lesson_id, standard_id) values ('265a83a8-cf5e-5d63-82b5-243113cfcdda', '3002d85f-e21b-5650-9e0f-e304a93664d1') on conflict do nothing;
insert into public.curriculum_lesson_standards (lesson_id, standard_id) values ('265a83a8-cf5e-5d63-82b5-243113cfcdda', 'a1c88926-09ab-5121-a9f6-d5200abd7f34') on conflict do nothing;
insert into public.curriculum_lessons (id, library_id, sequence_index, source_lesson_code, title, objective) values ('7ec12697-3164-5b04-a981-a516cbb0f080', 'bd790921-d355-59f7-bd5e-07d81adfac48', 74, '4.18', '4.18: Applications of Logarithmic Functions', 'Let’s measure acidity levels and earthquake strengths.') on conflict (library_id, sequence_index) do update set source_lesson_code = excluded.source_lesson_code, title = excluded.title, objective = excluded.objective;
insert into public.curriculum_lesson_standards (lesson_id, standard_id) values ('7ec12697-3164-5b04-a981-a516cbb0f080', 'a337895a-3a09-57c4-a135-672808d0cd90') on conflict do nothing;
insert into public.curriculum_lesson_standards (lesson_id, standard_id) values ('7ec12697-3164-5b04-a981-a516cbb0f080', 'e4f0fce2-60f7-5c38-8f46-31ca464dd819') on conflict do nothing;
insert into public.curriculum_lessons (id, library_id, sequence_index, source_lesson_code, title, objective) values ('c4b40728-8fdc-5807-b08f-32399d20ca5e', '64d57898-02a0-553d-8da5-740f9d08f2b1', 75, '5.05', '5.05: Representing Exponential Decay', 'Let’s think about how to show and talk about exponential decay.') on conflict (library_id, sequence_index) do update set source_lesson_code = excluded.source_lesson_code, title = excluded.title, objective = excluded.objective;
insert into public.curriculum_lesson_standards (lesson_id, standard_id) values ('c4b40728-8fdc-5807-b08f-32399d20ca5e', '580c167e-beaa-5ddc-958d-8d39c7edd32f') on conflict do nothing;
insert into public.curriculum_lesson_standards (lesson_id, standard_id) values ('c4b40728-8fdc-5807-b08f-32399d20ca5e', '1cc0b7ec-63c1-51ca-ae35-62dd4f6b6e08') on conflict do nothing;
insert into public.curriculum_lesson_standards (lesson_id, standard_id) values ('c4b40728-8fdc-5807-b08f-32399d20ca5e', 'a337895a-3a09-57c4-a135-672808d0cd90') on conflict do nothing;
insert into public.curriculum_lesson_standards (lesson_id, standard_id) values ('c4b40728-8fdc-5807-b08f-32399d20ca5e', '0bda9c71-9a20-5f57-a64a-f8f5e0b3a3a5') on conflict do nothing;
insert into public.curriculum_lesson_standards (lesson_id, standard_id) values ('c4b40728-8fdc-5807-b08f-32399d20ca5e', '9dc1a600-6e34-51a8-b001-ec4f4464320b') on conflict do nothing;
insert into public.curriculum_lesson_standards (lesson_id, standard_id) values ('c4b40728-8fdc-5807-b08f-32399d20ca5e', '899f9ab6-f971-5edc-8f58-cddb5ef1efda') on conflict do nothing;
insert into public.curriculum_lessons (id, library_id, sequence_index, source_lesson_code, title, objective) values ('c070529e-dd20-558d-9022-89f106d1ea24', '93d549d5-f6a7-5859-b16f-3cbf33972974', 75, '5.11', '5.11: Prisms Practice', 'Let’s calculate volumes of prisms and cylinders.') on conflict (library_id, sequence_index) do update set source_lesson_code = excluded.source_lesson_code, title = excluded.title, objective = excluded.objective;
insert into public.curriculum_lesson_standards (lesson_id, standard_id) values ('c070529e-dd20-558d-9022-89f106d1ea24', 'c748c02b-bbdb-5b7e-b966-4bb6c01c90ba') on conflict do nothing;
insert into public.curriculum_lesson_standards (lesson_id, standard_id) values ('c070529e-dd20-558d-9022-89f106d1ea24', '3002d85f-e21b-5650-9e0f-e304a93664d1') on conflict do nothing;
insert into public.curriculum_lesson_standards (lesson_id, standard_id) values ('c070529e-dd20-558d-9022-89f106d1ea24', '51ab23e0-0dff-519c-9e5f-7a55f0aa354c') on conflict do nothing;
insert into public.curriculum_lessons (id, library_id, sequence_index, source_lesson_code, title, objective) values ('f24b6ba2-e54f-526f-a2a0-bba05c35e316', 'bd790921-d355-59f7-bd5e-07d81adfac48', 75, '5.01', '5.01: Matching up to Data', 'Let’s describe how to transform graphs.') on conflict (library_id, sequence_index) do update set source_lesson_code = excluded.source_lesson_code, title = excluded.title, objective = excluded.objective;
insert into public.curriculum_lesson_standards (lesson_id, standard_id) values ('f24b6ba2-e54f-526f-a2a0-bba05c35e316', '444d2808-cd0e-5ecd-89da-9fcb58c9e9f8') on conflict do nothing;
insert into public.curriculum_lesson_standards (lesson_id, standard_id) values ('f24b6ba2-e54f-526f-a2a0-bba05c35e316', '20b7116d-a4af-55ca-b177-522b4f13c6f1') on conflict do nothing;
insert into public.curriculum_lessons (id, library_id, sequence_index, source_lesson_code, title, objective) values ('57a1d9dd-8bf2-502b-a6f2-b054eb45ffd1', '64d57898-02a0-553d-8da5-740f9d08f2b1', 76, '5.06', '5.06: Analyzing Graphs', 'Let''s compare situations where quantities change exponentially.') on conflict (library_id, sequence_index) do update set source_lesson_code = excluded.source_lesson_code, title = excluded.title, objective = excluded.objective;
insert into public.curriculum_lesson_standards (lesson_id, standard_id) values ('57a1d9dd-8bf2-502b-a6f2-b054eb45ffd1', '580c167e-beaa-5ddc-958d-8d39c7edd32f') on conflict do nothing;
insert into public.curriculum_lesson_standards (lesson_id, standard_id) values ('57a1d9dd-8bf2-502b-a6f2-b054eb45ffd1', 'b34b6c37-5991-510b-afdb-1343274bbbe0') on conflict do nothing;
insert into public.curriculum_lesson_standards (lesson_id, standard_id) values ('57a1d9dd-8bf2-502b-a6f2-b054eb45ffd1', 'a337895a-3a09-57c4-a135-672808d0cd90') on conflict do nothing;
insert into public.curriculum_lessons (id, library_id, sequence_index, source_lesson_code, title, objective) values ('d5dbe08e-a7db-53a3-8a2d-bcd8b2be7750', '93d549d5-f6a7-5859-b16f-3cbf33972974', 76, '5.12', '5.12: Prisms and Pyramids', 'Let’s describe relationships between pyramids and prisms.') on conflict (library_id, sequence_index) do update set source_lesson_code = excluded.source_lesson_code, title = excluded.title, objective = excluded.objective;
insert into public.curriculum_lesson_standards (lesson_id, standard_id) values ('d5dbe08e-a7db-53a3-8a2d-bcd8b2be7750', 'be670cbf-525e-5111-a482-0cd7e46fe227') on conflict do nothing;
insert into public.curriculum_lessons (id, library_id, sequence_index, source_lesson_code, title, objective) values ('b0a21510-8394-5dd1-9f37-759030a5de0d', 'bd790921-d355-59f7-bd5e-07d81adfac48', 76, '5.02', '5.02: Moving Functions', 'Let’s represent vertical and horizontal translations using function notation.') on conflict (library_id, sequence_index) do update set source_lesson_code = excluded.source_lesson_code, title = excluded.title, objective = excluded.objective;
insert into public.curriculum_lesson_standards (lesson_id, standard_id) values ('b0a21510-8394-5dd1-9f37-759030a5de0d', '444d2808-cd0e-5ecd-89da-9fcb58c9e9f8') on conflict do nothing;
insert into public.curriculum_lessons (id, library_id, sequence_index, source_lesson_code, title, objective) values ('46c2322b-86f1-537b-96c1-88ff482b8cb9', '64d57898-02a0-553d-8da5-740f9d08f2b1', 77, '5.07', '5.07: Using Negative Exponents', 'Let’s look more closely at exponential graphs and equations.') on conflict (library_id, sequence_index) do update set source_lesson_code = excluded.source_lesson_code, title = excluded.title, objective = excluded.objective;
insert into public.curriculum_lesson_standards (lesson_id, standard_id) values ('46c2322b-86f1-537b-96c1-88ff482b8cb9', '580c167e-beaa-5ddc-958d-8d39c7edd32f') on conflict do nothing;
insert into public.curriculum_lesson_standards (lesson_id, standard_id) values ('46c2322b-86f1-537b-96c1-88ff482b8cb9', '46f95a08-75f9-577c-bce7-206a3a3e0fdd') on conflict do nothing;
insert into public.curriculum_lesson_standards (lesson_id, standard_id) values ('46c2322b-86f1-537b-96c1-88ff482b8cb9', 'a337895a-3a09-57c4-a135-672808d0cd90') on conflict do nothing;
insert into public.curriculum_lesson_standards (lesson_id, standard_id) values ('46c2322b-86f1-537b-96c1-88ff482b8cb9', '0bda9c71-9a20-5f57-a64a-f8f5e0b3a3a5') on conflict do nothing;
insert into public.curriculum_lesson_standards (lesson_id, standard_id) values ('46c2322b-86f1-537b-96c1-88ff482b8cb9', '899f9ab6-f971-5edc-8f58-cddb5ef1efda') on conflict do nothing;
insert into public.curriculum_lesson_standards (lesson_id, standard_id) values ('46c2322b-86f1-537b-96c1-88ff482b8cb9', 'a98cb4cd-f15c-59e9-865d-68092c24edbe') on conflict do nothing;
insert into public.curriculum_lessons (id, library_id, sequence_index, source_lesson_code, title, objective) values ('6247f7c5-9e2a-5aa6-8cf3-334199877b4c', '93d549d5-f6a7-5859-b16f-3cbf33972974', 77, '5.13', '5.13: Building a Volume Formula for a Pyramid', 'Let’s create a formula for the volume of any pyramid or cone.') on conflict (library_id, sequence_index) do update set source_lesson_code = excluded.source_lesson_code, title = excluded.title, objective = excluded.objective;
insert into public.curriculum_lesson_standards (lesson_id, standard_id) values ('6247f7c5-9e2a-5aa6-8cf3-334199877b4c', 'be670cbf-525e-5111-a482-0cd7e46fe227') on conflict do nothing;
insert into public.curriculum_lessons (id, library_id, sequence_index, source_lesson_code, title, objective) values ('e1640e6f-c701-53b8-b6e7-ae87fb91594e', 'bd790921-d355-59f7-bd5e-07d81adfac48', 77, '5.03', '5.03: More Movement', 'Let’s translate graphs vertically and horizontally to match situations.') on conflict (library_id, sequence_index) do update set source_lesson_code = excluded.source_lesson_code, title = excluded.title, objective = excluded.objective;
insert into public.curriculum_lesson_standards (lesson_id, standard_id) values ('e1640e6f-c701-53b8-b6e7-ae87fb91594e', 'b34b6c37-5991-510b-afdb-1343274bbbe0') on conflict do nothing;
insert into public.curriculum_lesson_standards (lesson_id, standard_id) values ('e1640e6f-c701-53b8-b6e7-ae87fb91594e', '444d2808-cd0e-5ecd-89da-9fcb58c9e9f8') on conflict do nothing;
insert into public.curriculum_lesson_standards (lesson_id, standard_id) values ('e1640e6f-c701-53b8-b6e7-ae87fb91594e', '20b7116d-a4af-55ca-b177-522b4f13c6f1') on conflict do nothing;
insert into public.curriculum_lessons (id, library_id, sequence_index, source_lesson_code, title, objective) values ('0880286a-a323-521f-9acd-bf4dbc7e6f46', '64d57898-02a0-553d-8da5-740f9d08f2b1', 78, '5.08', '5.08: Exponential Situations as Functions', 'Let’s explore exponential functions.') on conflict (library_id, sequence_index) do update set source_lesson_code = excluded.source_lesson_code, title = excluded.title, objective = excluded.objective;
insert into public.curriculum_lesson_standards (lesson_id, standard_id) values ('0880286a-a323-521f-9acd-bf4dbc7e6f46', '9a18c506-7d8e-58b5-99c6-2fbdd63483ef') on conflict do nothing;
insert into public.curriculum_lesson_standards (lesson_id, standard_id) values ('0880286a-a323-521f-9acd-bf4dbc7e6f46', '103e6ce2-ea69-56c4-a5d7-f6bff6e106e1') on conflict do nothing;
insert into public.curriculum_lesson_standards (lesson_id, standard_id) values ('0880286a-a323-521f-9acd-bf4dbc7e6f46', '47e44c8b-18f0-5d17-b6a7-8fe08bdb482f') on conflict do nothing;
insert into public.curriculum_lesson_standards (lesson_id, standard_id) values ('0880286a-a323-521f-9acd-bf4dbc7e6f46', 'c69e1aff-08d3-5a37-9431-f7cf90e4f062') on conflict do nothing;
insert into public.curriculum_lesson_standards (lesson_id, standard_id) values ('0880286a-a323-521f-9acd-bf4dbc7e6f46', '9dc1a600-6e34-51a8-b001-ec4f4464320b') on conflict do nothing;
insert into public.curriculum_lesson_standards (lesson_id, standard_id) values ('0880286a-a323-521f-9acd-bf4dbc7e6f46', 'a98cb4cd-f15c-59e9-865d-68092c24edbe') on conflict do nothing;
insert into public.curriculum_lessons (id, library_id, sequence_index, source_lesson_code, title, objective) values ('a4d844e6-64bf-59a9-abd5-7aac8cec5896', '93d549d5-f6a7-5859-b16f-3cbf33972974', 78, '5.14', '5.14: Working with Pyramids', 'Let’s use the pyramid volume formula to solve problems.') on conflict (library_id, sequence_index) do update set source_lesson_code = excluded.source_lesson_code, title = excluded.title, objective = excluded.objective;
insert into public.curriculum_lesson_standards (lesson_id, standard_id) values ('a4d844e6-64bf-59a9-abd5-7aac8cec5896', 'c748c02b-bbdb-5b7e-b966-4bb6c01c90ba') on conflict do nothing;
insert into public.curriculum_lesson_standards (lesson_id, standard_id) values ('a4d844e6-64bf-59a9-abd5-7aac8cec5896', '6dac2afd-7729-5fea-aa1f-5403fe738a35') on conflict do nothing;
insert into public.curriculum_lessons (id, library_id, sequence_index, source_lesson_code, title, objective) values ('3f208119-d871-5afd-9c7e-15c65f401ae0', 'bd790921-d355-59f7-bd5e-07d81adfac48', 78, '5.04', '5.04: Reflecting Functions', 'Let’s reflect some graphs.') on conflict (library_id, sequence_index) do update set source_lesson_code = excluded.source_lesson_code, title = excluded.title, objective = excluded.objective;
insert into public.curriculum_lesson_standards (lesson_id, standard_id) values ('3f208119-d871-5afd-9c7e-15c65f401ae0', '444d2808-cd0e-5ecd-89da-9fcb58c9e9f8') on conflict do nothing;
insert into public.curriculum_lessons (id, library_id, sequence_index, source_lesson_code, title, objective) values ('f13f3e96-b1c2-5a7d-a47a-f2bb65705f1b', '64d57898-02a0-553d-8da5-740f9d08f2b1', 79, '5.09', '5.09: Interpreting Exponential Functions', 'Let’s find some meaningful ways to represent exponential functions.') on conflict (library_id, sequence_index) do update set source_lesson_code = excluded.source_lesson_code, title = excluded.title, objective = excluded.objective;
insert into public.curriculum_lesson_standards (lesson_id, standard_id) values ('f13f3e96-b1c2-5a7d-a47a-f2bb65705f1b', '3e509005-3f25-5af2-991e-2eddd46350b1') on conflict do nothing;
insert into public.curriculum_lesson_standards (lesson_id, standard_id) values ('f13f3e96-b1c2-5a7d-a47a-f2bb65705f1b', '9a18c506-7d8e-58b5-99c6-2fbdd63483ef') on conflict do nothing;
insert into public.curriculum_lesson_standards (lesson_id, standard_id) values ('f13f3e96-b1c2-5a7d-a47a-f2bb65705f1b', '47e44c8b-18f0-5d17-b6a7-8fe08bdb482f') on conflict do nothing;
insert into public.curriculum_lesson_standards (lesson_id, standard_id) values ('f13f3e96-b1c2-5a7d-a47a-f2bb65705f1b', '0bda9c71-9a20-5f57-a64a-f8f5e0b3a3a5') on conflict do nothing;
insert into public.curriculum_lesson_standards (lesson_id, standard_id) values ('f13f3e96-b1c2-5a7d-a47a-f2bb65705f1b', '9dc1a600-6e34-51a8-b001-ec4f4464320b') on conflict do nothing;
insert into public.curriculum_lessons (id, library_id, sequence_index, source_lesson_code, title, objective) values ('6324e842-b869-5ac4-adc2-8d06f2a3e6d9', '93d549d5-f6a7-5859-b16f-3cbf33972974', 79, '5.15', '5.15: Putting All the Solids Together', 'Let’s calculate volumes of prisms, cylinders, cones, and pyramids.') on conflict (library_id, sequence_index) do update set source_lesson_code = excluded.source_lesson_code, title = excluded.title, objective = excluded.objective;
insert into public.curriculum_lesson_standards (lesson_id, standard_id) values ('6324e842-b869-5ac4-adc2-8d06f2a3e6d9', 'c748c02b-bbdb-5b7e-b966-4bb6c01c90ba') on conflict do nothing;
insert into public.curriculum_lesson_standards (lesson_id, standard_id) values ('6324e842-b869-5ac4-adc2-8d06f2a3e6d9', '3002d85f-e21b-5650-9e0f-e304a93664d1') on conflict do nothing;
insert into public.curriculum_lessons (id, library_id, sequence_index, source_lesson_code, title, objective) values ('8fb503dd-aa50-5cc9-8a57-6df2a9caaace', 'bd790921-d355-59f7-bd5e-07d81adfac48', 79, '5.05', '5.05: Some Functions Have Symmetry', 'Let''s look at symmetry in graphs of functions') on conflict (library_id, sequence_index) do update set source_lesson_code = excluded.source_lesson_code, title = excluded.title, objective = excluded.objective;
insert into public.curriculum_lesson_standards (lesson_id, standard_id) values ('8fb503dd-aa50-5cc9-8a57-6df2a9caaace', '444d2808-cd0e-5ecd-89da-9fcb58c9e9f8') on conflict do nothing;
insert into public.curriculum_lesson_standards (lesson_id, standard_id) values ('8fb503dd-aa50-5cc9-8a57-6df2a9caaace', '2cfdce83-4c79-56f6-8bb0-d3adbac4ca9f') on conflict do nothing;
insert into public.curriculum_lessons (id, library_id, sequence_index, source_lesson_code, title, objective) values ('d1dafb41-1f9b-5db3-bcf6-ed6843c003a4', '64d57898-02a0-553d-8da5-740f9d08f2b1', 80, '5.10', '5.10: Looking at Rates of Change', 'Let''s calculate average rates of change for exponential functions.') on conflict (library_id, sequence_index) do update set source_lesson_code = excluded.source_lesson_code, title = excluded.title, objective = excluded.objective;
insert into public.curriculum_lesson_standards (lesson_id, standard_id) values ('d1dafb41-1f9b-5db3-bcf6-ed6843c003a4', 'be47d1be-bf17-5b3e-8cee-7a987f335b5d') on conflict do nothing;
insert into public.curriculum_lessons (id, library_id, sequence_index, source_lesson_code, title, objective) values ('44ee8697-1bce-5059-9400-7c31175ab611', '93d549d5-f6a7-5859-b16f-3cbf33972974', 80, '5.16', '5.16: Surface Area and Volume', 'Let’s use volume and surface area to solve problems.') on conflict (library_id, sequence_index) do update set source_lesson_code = excluded.source_lesson_code, title = excluded.title, objective = excluded.objective;
insert into public.curriculum_lesson_standards (lesson_id, standard_id) values ('44ee8697-1bce-5059-9400-7c31175ab611', 'c748c02b-bbdb-5b7e-b966-4bb6c01c90ba') on conflict do nothing;
insert into public.curriculum_lesson_standards (lesson_id, standard_id) values ('44ee8697-1bce-5059-9400-7c31175ab611', 'a1c88926-09ab-5121-a9f6-d5200abd7f34') on conflict do nothing;
insert into public.curriculum_lesson_standards (lesson_id, standard_id) values ('44ee8697-1bce-5059-9400-7c31175ab611', '6dac2afd-7729-5fea-aa1f-5403fe738a35') on conflict do nothing;
insert into public.curriculum_lessons (id, library_id, sequence_index, source_lesson_code, title, objective) values ('a76a02dc-3b15-57b3-9b6c-e921e725a8f5', 'bd790921-d355-59f7-bd5e-07d81adfac48', 80, '5.06', '5.06: Symmetry in Equations', 'Let’s use equations to decide if a function is even, odd, or neither.') on conflict (library_id, sequence_index) do update set source_lesson_code = excluded.source_lesson_code, title = excluded.title, objective = excluded.objective;
insert into public.curriculum_lesson_standards (lesson_id, standard_id) values ('a76a02dc-3b15-57b3-9b6c-e921e725a8f5', '444d2808-cd0e-5ecd-89da-9fcb58c9e9f8') on conflict do nothing;
insert into public.curriculum_lesson_standards (lesson_id, standard_id) values ('a76a02dc-3b15-57b3-9b6c-e921e725a8f5', '4c01ef0c-e303-534b-8bae-daff8d1cce25') on conflict do nothing;
insert into public.curriculum_lessons (id, library_id, sequence_index, source_lesson_code, title, objective) values ('a6dff521-f2d3-58a7-ad88-94c145611044', '64d57898-02a0-553d-8da5-740f9d08f2b1', 81, '5.11', '5.11: Modeling Exponential Behavior', 'Let’s use exponential functions to model real life situations.') on conflict (library_id, sequence_index) do update set source_lesson_code = excluded.source_lesson_code, title = excluded.title, objective = excluded.objective;
insert into public.curriculum_lesson_standards (lesson_id, standard_id) values ('a6dff521-f2d3-58a7-ad88-94c145611044', 'b34b6c37-5991-510b-afdb-1343274bbbe0') on conflict do nothing;
insert into public.curriculum_lesson_standards (lesson_id, standard_id) values ('a6dff521-f2d3-58a7-ad88-94c145611044', '9a18c506-7d8e-58b5-99c6-2fbdd63483ef') on conflict do nothing;
insert into public.curriculum_lesson_standards (lesson_id, standard_id) values ('a6dff521-f2d3-58a7-ad88-94c145611044', 'a337895a-3a09-57c4-a135-672808d0cd90') on conflict do nothing;
insert into public.curriculum_lesson_standards (lesson_id, standard_id) values ('a6dff521-f2d3-58a7-ad88-94c145611044', '47e44c8b-18f0-5d17-b6a7-8fe08bdb482f') on conflict do nothing;
insert into public.curriculum_lesson_standards (lesson_id, standard_id) values ('a6dff521-f2d3-58a7-ad88-94c145611044', '66228d02-f086-5471-9815-b707378d4887') on conflict do nothing;
insert into public.curriculum_lesson_standards (lesson_id, standard_id) values ('a6dff521-f2d3-58a7-ad88-94c145611044', '10830859-993a-5e79-9003-69e65e0dad48') on conflict do nothing;
insert into public.curriculum_lesson_standards (lesson_id, standard_id) values ('a6dff521-f2d3-58a7-ad88-94c145611044', '9dc1a600-6e34-51a8-b001-ec4f4464320b') on conflict do nothing;
insert into public.curriculum_lesson_standards (lesson_id, standard_id) values ('a6dff521-f2d3-58a7-ad88-94c145611044', '899f9ab6-f971-5edc-8f58-cddb5ef1efda') on conflict do nothing;
insert into public.curriculum_lesson_standards (lesson_id, standard_id) values ('a6dff521-f2d3-58a7-ad88-94c145611044', 'a98cb4cd-f15c-59e9-865d-68092c24edbe') on conflict do nothing;
insert into public.curriculum_lesson_standards (lesson_id, standard_id) values ('a6dff521-f2d3-58a7-ad88-94c145611044', '6760207f-af31-5c84-8699-0c07781b1206') on conflict do nothing;
insert into public.curriculum_lesson_standards (lesson_id, standard_id) values ('a6dff521-f2d3-58a7-ad88-94c145611044', '20b7116d-a4af-55ca-b177-522b4f13c6f1') on conflict do nothing;
insert into public.curriculum_lessons (id, library_id, sequence_index, source_lesson_code, title, objective) values ('9fafac9f-f26a-543e-b923-691b161782c1', '93d549d5-f6a7-5859-b16f-3cbf33972974', 81, '5.17', '5.17: Volume and Density', 'Let’s use volume and density to solve problems.') on conflict (library_id, sequence_index) do update set source_lesson_code = excluded.source_lesson_code, title = excluded.title, objective = excluded.objective;
insert into public.curriculum_lesson_standards (lesson_id, standard_id) values ('9fafac9f-f26a-543e-b923-691b161782c1', 'f7992d34-8468-5464-8ec5-121ea2b22f37') on conflict do nothing;
insert into public.curriculum_lesson_standards (lesson_id, standard_id) values ('9fafac9f-f26a-543e-b923-691b161782c1', 'a98cb4cd-f15c-59e9-865d-68092c24edbe') on conflict do nothing;
insert into public.curriculum_lessons (id, library_id, sequence_index, source_lesson_code, title, objective) values ('d53ea569-87ac-5565-b1c8-ae882b9e7ac8', 'bd790921-d355-59f7-bd5e-07d81adfac48', 81, '5.07', '5.07: Expressing Transformations of Functions Algebraically', 'Let’s express transformed functions algebraically.') on conflict (library_id, sequence_index) do update set source_lesson_code = excluded.source_lesson_code, title = excluded.title, objective = excluded.objective;
insert into public.curriculum_lesson_standards (lesson_id, standard_id) values ('d53ea569-87ac-5565-b1c8-ae882b9e7ac8', 'b34b6c37-5991-510b-afdb-1343274bbbe0') on conflict do nothing;
insert into public.curriculum_lesson_standards (lesson_id, standard_id) values ('d53ea569-87ac-5565-b1c8-ae882b9e7ac8', '444d2808-cd0e-5ecd-89da-9fcb58c9e9f8') on conflict do nothing;
insert into public.curriculum_lesson_standards (lesson_id, standard_id) values ('d53ea569-87ac-5565-b1c8-ae882b9e7ac8', '20b7116d-a4af-55ca-b177-522b4f13c6f1') on conflict do nothing;
insert into public.curriculum_lessons (id, library_id, sequence_index, source_lesson_code, title, objective) values ('0e826333-813d-51c9-a1fe-888b25ab0826', '64d57898-02a0-553d-8da5-740f9d08f2b1', 82, '5.12', '5.12: Reasoning about Exponential Graphs (Part 1)', 'Let’s study and compare equations and graphs of exponential functions.') on conflict (library_id, sequence_index) do update set source_lesson_code = excluded.source_lesson_code, title = excluded.title, objective = excluded.objective;
insert into public.curriculum_lesson_standards (lesson_id, standard_id) values ('0e826333-813d-51c9-a1fe-888b25ab0826', 'a337895a-3a09-57c4-a135-672808d0cd90') on conflict do nothing;
insert into public.curriculum_lesson_standards (lesson_id, standard_id) values ('0e826333-813d-51c9-a1fe-888b25ab0826', '899f9ab6-f971-5edc-8f58-cddb5ef1efda') on conflict do nothing;
insert into public.curriculum_lessons (id, library_id, sequence_index, source_lesson_code, title, objective) values ('1f0ab25e-5858-57eb-a38e-c8c396fb76db', '93d549d5-f6a7-5859-b16f-3cbf33972974', 82, '5.18', '5.18: Volume and Graphing', 'Let’s use volume and graphing to solve problems.') on conflict (library_id, sequence_index) do update set source_lesson_code = excluded.source_lesson_code, title = excluded.title, objective = excluded.objective;
insert into public.curriculum_lesson_standards (lesson_id, standard_id) values ('1f0ab25e-5858-57eb-a38e-c8c396fb76db', 'a755be9f-2332-552e-ada0-60951c433616') on conflict do nothing;
insert into public.curriculum_lesson_standards (lesson_id, standard_id) values ('1f0ab25e-5858-57eb-a38e-c8c396fb76db', 'a1c88926-09ab-5121-a9f6-d5200abd7f34') on conflict do nothing;
insert into public.curriculum_lesson_standards (lesson_id, standard_id) values ('1f0ab25e-5858-57eb-a38e-c8c396fb76db', '6dac2afd-7729-5fea-aa1f-5403fe738a35') on conflict do nothing;
insert into public.curriculum_lessons (id, library_id, sequence_index, source_lesson_code, title, objective) values ('3cbc4546-bfab-5556-81e3-4df7ea192821', 'bd790921-d355-59f7-bd5e-07d81adfac48', 82, '5.08', '5.08: Scaling the Outputs', 'Let’s stretch and squash some graphs.') on conflict (library_id, sequence_index) do update set source_lesson_code = excluded.source_lesson_code, title = excluded.title, objective = excluded.objective;
insert into public.curriculum_lesson_standards (lesson_id, standard_id) values ('3cbc4546-bfab-5556-81e3-4df7ea192821', 'b34b6c37-5991-510b-afdb-1343274bbbe0') on conflict do nothing;
insert into public.curriculum_lesson_standards (lesson_id, standard_id) values ('3cbc4546-bfab-5556-81e3-4df7ea192821', '444d2808-cd0e-5ecd-89da-9fcb58c9e9f8') on conflict do nothing;
insert into public.curriculum_lesson_standards (lesson_id, standard_id) values ('3cbc4546-bfab-5556-81e3-4df7ea192821', '20b7116d-a4af-55ca-b177-522b4f13c6f1') on conflict do nothing;
insert into public.curriculum_lessons (id, library_id, sequence_index, source_lesson_code, title, objective) values ('302af2b4-68d8-5e16-a03c-fb3fa73c3443', '64d57898-02a0-553d-8da5-740f9d08f2b1', 83, '5.13', '5.13: Reasoning about Exponential Graphs (Part 2)', 'Let’s investigate what we can learn from graphs that represent exponential functions.') on conflict (library_id, sequence_index) do update set source_lesson_code = excluded.source_lesson_code, title = excluded.title, objective = excluded.objective;
insert into public.curriculum_lesson_standards (lesson_id, standard_id) values ('302af2b4-68d8-5e16-a03c-fb3fa73c3443', 'a337895a-3a09-57c4-a135-672808d0cd90') on conflict do nothing;
insert into public.curriculum_lesson_standards (lesson_id, standard_id) values ('302af2b4-68d8-5e16-a03c-fb3fa73c3443', '9dc1a600-6e34-51a8-b001-ec4f4464320b') on conflict do nothing;
insert into public.curriculum_lesson_standards (lesson_id, standard_id) values ('302af2b4-68d8-5e16-a03c-fb3fa73c3443', '899f9ab6-f971-5edc-8f58-cddb5ef1efda') on conflict do nothing;
insert into public.curriculum_lessons (id, library_id, sequence_index, source_lesson_code, title, objective) values ('081043d2-ab5b-5bf0-95d2-6a67e3ce5470', '93d549d5-f6a7-5859-b16f-3cbf33972974', 83, '6.01', '6.01: Rigid Transformations in the Plane', 'Let’s try transformations with coordinates.') on conflict (library_id, sequence_index) do update set source_lesson_code = excluded.source_lesson_code, title = excluded.title, objective = excluded.objective;
insert into public.curriculum_lesson_standards (lesson_id, standard_id) values ('081043d2-ab5b-5bf0-95d2-6a67e3ce5470', 'e3d03512-ff75-56e9-9d1e-f5852423564f') on conflict do nothing;
insert into public.curriculum_lesson_standards (lesson_id, standard_id) values ('081043d2-ab5b-5bf0-95d2-6a67e3ce5470', 'bbec79f4-7e12-531d-9fab-22403d788d6d') on conflict do nothing;
insert into public.curriculum_lesson_standards (lesson_id, standard_id) values ('081043d2-ab5b-5bf0-95d2-6a67e3ce5470', '098cd8a2-5cb4-54ab-a673-f4288ede9a6d') on conflict do nothing;
insert into public.curriculum_lessons (id, library_id, sequence_index, source_lesson_code, title, objective) values ('000ef71a-c102-5ac5-b1c5-f8fcee56deea', 'bd790921-d355-59f7-bd5e-07d81adfac48', 83, '5.09', '5.09: Scaling the Inputs', 'Let’s use scale factors in different ways.') on conflict (library_id, sequence_index) do update set source_lesson_code = excluded.source_lesson_code, title = excluded.title, objective = excluded.objective;
insert into public.curriculum_lesson_standards (lesson_id, standard_id) values ('000ef71a-c102-5ac5-b1c5-f8fcee56deea', '444d2808-cd0e-5ecd-89da-9fcb58c9e9f8') on conflict do nothing;
insert into public.curriculum_lessons (id, library_id, sequence_index, source_lesson_code, title, objective) values ('6345c5e9-90ba-528e-ac2d-7a9667dd507f', '64d57898-02a0-553d-8da5-740f9d08f2b1', 84, '5.14', '5.14: Recalling Percent Change', 'Let''s find the result of changing a number by a percentage.') on conflict (library_id, sequence_index) do update set source_lesson_code = excluded.source_lesson_code, title = excluded.title, objective = excluded.objective;
insert into public.curriculum_lesson_standards (lesson_id, standard_id) values ('6345c5e9-90ba-528e-ac2d-7a9667dd507f', '9dc1a600-6e34-51a8-b001-ec4f4464320b') on conflict do nothing;
insert into public.curriculum_lessons (id, library_id, sequence_index, source_lesson_code, title, objective) values ('6750c4f0-0e80-539f-b700-ac4ad0c16c6f', '93d549d5-f6a7-5859-b16f-3cbf33972974', 84, '6.02', '6.02: Transformations as Functions', 'Let’s compare transformations to functions.') on conflict (library_id, sequence_index) do update set source_lesson_code = excluded.source_lesson_code, title = excluded.title, objective = excluded.objective;
insert into public.curriculum_lesson_standards (lesson_id, standard_id) values ('6750c4f0-0e80-539f-b700-ac4ad0c16c6f', 'e3d03512-ff75-56e9-9d1e-f5852423564f') on conflict do nothing;
insert into public.curriculum_lesson_standards (lesson_id, standard_id) values ('6750c4f0-0e80-539f-b700-ac4ad0c16c6f', 'bbec79f4-7e12-531d-9fab-22403d788d6d') on conflict do nothing;
insert into public.curriculum_lessons (id, library_id, sequence_index, source_lesson_code, title, objective) values ('6feca1a7-4c4b-51b7-b83c-66095bb67023', 'bd790921-d355-59f7-bd5e-07d81adfac48', 84, '5.10', '5.10: Combining Functions', 'Let’s make some new functions using other functions.') on conflict (library_id, sequence_index) do update set source_lesson_code = excluded.source_lesson_code, title = excluded.title, objective = excluded.objective;
insert into public.curriculum_lesson_standards (lesson_id, standard_id) values ('6feca1a7-4c4b-51b7-b83c-66095bb67023', 'c0a1a3bc-e876-5eb2-a76d-33659494e003') on conflict do nothing;
insert into public.curriculum_lesson_standards (lesson_id, standard_id) values ('6feca1a7-4c4b-51b7-b83c-66095bb67023', '2cfdce83-4c79-56f6-8bb0-d3adbac4ca9f') on conflict do nothing;
insert into public.curriculum_lessons (id, library_id, sequence_index, source_lesson_code, title, objective) values ('d944136b-9bc0-5172-91c7-f1ea7f017495', '64d57898-02a0-553d-8da5-740f9d08f2b1', 85, '5.15', '5.15: Functions Involving Percent Change', 'Let''s investigate what happens when we repeatedly apply a percent increase to a quantity.') on conflict (library_id, sequence_index) do update set source_lesson_code = excluded.source_lesson_code, title = excluded.title, objective = excluded.objective;
insert into public.curriculum_lesson_standards (lesson_id, standard_id) values ('d944136b-9bc0-5172-91c7-f1ea7f017495', 'b34b6c37-5991-510b-afdb-1343274bbbe0') on conflict do nothing;
insert into public.curriculum_lesson_standards (lesson_id, standard_id) values ('d944136b-9bc0-5172-91c7-f1ea7f017495', '1de220d0-93dd-5f4c-9d36-72ea0dae0d95') on conflict do nothing;
insert into public.curriculum_lesson_standards (lesson_id, standard_id) values ('d944136b-9bc0-5172-91c7-f1ea7f017495', 'be47d1be-bf17-5b3e-8cee-7a987f335b5d') on conflict do nothing;
insert into public.curriculum_lesson_standards (lesson_id, standard_id) values ('d944136b-9bc0-5172-91c7-f1ea7f017495', '0bda9c71-9a20-5f57-a64a-f8f5e0b3a3a5') on conflict do nothing;
insert into public.curriculum_lesson_standards (lesson_id, standard_id) values ('d944136b-9bc0-5172-91c7-f1ea7f017495', '9dc1a600-6e34-51a8-b001-ec4f4464320b') on conflict do nothing;
insert into public.curriculum_lessons (id, library_id, sequence_index, source_lesson_code, title, objective) values ('896835d9-1c0e-5faa-beac-8538526209c3', '93d549d5-f6a7-5859-b16f-3cbf33972974', 85, '6.03', '6.03: Types of Transformations', 'Let’s analyze transformations that produce congruent and similar figures.') on conflict (library_id, sequence_index) do update set source_lesson_code = excluded.source_lesson_code, title = excluded.title, objective = excluded.objective;
insert into public.curriculum_lesson_standards (lesson_id, standard_id) values ('896835d9-1c0e-5faa-beac-8538526209c3', 'e3d03512-ff75-56e9-9d1e-f5852423564f') on conflict do nothing;
insert into public.curriculum_lesson_standards (lesson_id, standard_id) values ('896835d9-1c0e-5faa-beac-8538526209c3', 'bbec79f4-7e12-531d-9fab-22403d788d6d') on conflict do nothing;
insert into public.curriculum_lesson_standards (lesson_id, standard_id) values ('896835d9-1c0e-5faa-beac-8538526209c3', '7c58a550-fbad-5955-ba14-d0231db4e93b') on conflict do nothing;
insert into public.curriculum_lesson_standards (lesson_id, standard_id) values ('896835d9-1c0e-5faa-beac-8538526209c3', '2582659a-3cad-515b-9e1d-2548485a9c69') on conflict do nothing;
insert into public.curriculum_lessons (id, library_id, sequence_index, source_lesson_code, title, objective) values ('124d1ae8-cc7d-542d-a3e3-8bc707f5ebad', 'bd790921-d355-59f7-bd5e-07d81adfac48', 85, '5.11', '5.11: Making a Model for Data', 'Let’s model with functions.') on conflict (library_id, sequence_index) do update set source_lesson_code = excluded.source_lesson_code, title = excluded.title, objective = excluded.objective;
insert into public.curriculum_lesson_standards (lesson_id, standard_id) values ('124d1ae8-cc7d-542d-a3e3-8bc707f5ebad', 'c0a1a3bc-e876-5eb2-a76d-33659494e003') on conflict do nothing;
insert into public.curriculum_lesson_standards (lesson_id, standard_id) values ('124d1ae8-cc7d-542d-a3e3-8bc707f5ebad', '444d2808-cd0e-5ecd-89da-9fcb58c9e9f8') on conflict do nothing;
insert into public.curriculum_lesson_standards (lesson_id, standard_id) values ('124d1ae8-cc7d-542d-a3e3-8bc707f5ebad', 'a337895a-3a09-57c4-a135-672808d0cd90') on conflict do nothing;
insert into public.curriculum_lesson_standards (lesson_id, standard_id) values ('124d1ae8-cc7d-542d-a3e3-8bc707f5ebad', '7eeb63f2-d5a9-52b4-8007-1235d36c27a3') on conflict do nothing;
insert into public.curriculum_lesson_standards (lesson_id, standard_id) values ('124d1ae8-cc7d-542d-a3e3-8bc707f5ebad', '20b7116d-a4af-55ca-b177-522b4f13c6f1') on conflict do nothing;
insert into public.curriculum_lessons (id, library_id, sequence_index, source_lesson_code, title, objective) values ('9bc9ecdb-c1c9-57db-8b3f-6f296310f3f3', '64d57898-02a0-553d-8da5-740f9d08f2b1', 86, '5.16', '5.16: Compounding Interest', 'Let''s explore different ways of repeatedly applying a percent increase.') on conflict (library_id, sequence_index) do update set source_lesson_code = excluded.source_lesson_code, title = excluded.title, objective = excluded.objective;
insert into public.curriculum_lesson_standards (lesson_id, standard_id) values ('9bc9ecdb-c1c9-57db-8b3f-6f296310f3f3', '1de220d0-93dd-5f4c-9d36-72ea0dae0d95') on conflict do nothing;
insert into public.curriculum_lessons (id, library_id, sequence_index, source_lesson_code, title, objective) values ('4730b922-8192-5ff6-bfc2-7f09c0306a90', '93d549d5-f6a7-5859-b16f-3cbf33972974', 86, '6.04', '6.04: Distances and Circles', 'Let’s build an equation for a circle.') on conflict (library_id, sequence_index) do update set source_lesson_code = excluded.source_lesson_code, title = excluded.title, objective = excluded.objective;
insert into public.curriculum_lesson_standards (lesson_id, standard_id) values ('4730b922-8192-5ff6-bfc2-7f09c0306a90', 'e461c168-56d7-5ab0-95c2-744140392dac') on conflict do nothing;
insert into public.curriculum_lesson_standards (lesson_id, standard_id) values ('4730b922-8192-5ff6-bfc2-7f09c0306a90', 'e28bef7f-9f6b-5e38-9041-82c530acbd3c') on conflict do nothing;
insert into public.curriculum_lesson_standards (lesson_id, standard_id) values ('4730b922-8192-5ff6-bfc2-7f09c0306a90', '89a258bf-86d5-5fc2-b983-802ac1b6b9d1') on conflict do nothing;
insert into public.curriculum_lessons (id, library_id, sequence_index, source_lesson_code, title, objective) values ('e6e9f370-838c-5f79-b1dd-e6a42cc176b2', 'bd790921-d355-59f7-bd5e-07d81adfac48', 86, '6.01', '6.01: Moving in Circles', 'Let’s think about moving in circles.') on conflict (library_id, sequence_index) do update set source_lesson_code = excluded.source_lesson_code, title = excluded.title, objective = excluded.objective;
insert into public.curriculum_lesson_standards (lesson_id, standard_id) values ('e6e9f370-838c-5f79-b1dd-e6a42cc176b2', '63f1c537-fe3e-582e-96c7-c2d532de73c2') on conflict do nothing;
insert into public.curriculum_lesson_standards (lesson_id, standard_id) values ('e6e9f370-838c-5f79-b1dd-e6a42cc176b2', '64eca81b-52f6-50cf-a4d9-928fe7537278') on conflict do nothing;
insert into public.curriculum_lessons (id, library_id, sequence_index, source_lesson_code, title, objective) values ('79805437-f8ce-5fb9-b4b7-623f1559f238', '64d57898-02a0-553d-8da5-740f9d08f2b1', 87, '5.17', '5.17: Different Compounding Intervals', 'Let''s find out what happens when we repeatedly apply the same percent increase at different intervals of time.') on conflict (library_id, sequence_index) do update set source_lesson_code = excluded.source_lesson_code, title = excluded.title, objective = excluded.objective;
insert into public.curriculum_lesson_standards (lesson_id, standard_id) values ('79805437-f8ce-5fb9-b4b7-623f1559f238', '3e509005-3f25-5af2-991e-2eddd46350b1') on conflict do nothing;
insert into public.curriculum_lesson_standards (lesson_id, standard_id) values ('79805437-f8ce-5fb9-b4b7-623f1559f238', '46f95a08-75f9-577c-bce7-206a3a3e0fdd') on conflict do nothing;
insert into public.curriculum_lesson_standards (lesson_id, standard_id) values ('79805437-f8ce-5fb9-b4b7-623f1559f238', '1de220d0-93dd-5f4c-9d36-72ea0dae0d95') on conflict do nothing;
insert into public.curriculum_lesson_standards (lesson_id, standard_id) values ('79805437-f8ce-5fb9-b4b7-623f1559f238', '9a18c506-7d8e-58b5-99c6-2fbdd63483ef') on conflict do nothing;
insert into public.curriculum_lesson_standards (lesson_id, standard_id) values ('79805437-f8ce-5fb9-b4b7-623f1559f238', '12d1dfda-5ddb-5b64-8f8b-6575308031a5') on conflict do nothing;
insert into public.curriculum_lessons (id, library_id, sequence_index, source_lesson_code, title, objective) values ('8ed29389-e302-5700-8769-b245146c8cc5', '93d549d5-f6a7-5859-b16f-3cbf33972974', 87, '6.05', '6.05: Squares and Circles', 'Let’s see how the distributive property can relate to equations of circles.') on conflict (library_id, sequence_index) do update set source_lesson_code = excluded.source_lesson_code, title = excluded.title, objective = excluded.objective;
insert into public.curriculum_lesson_standards (lesson_id, standard_id) values ('8ed29389-e302-5700-8769-b245146c8cc5', '23a11633-3171-5f6e-9f5a-35e5793fde71') on conflict do nothing;
insert into public.curriculum_lesson_standards (lesson_id, standard_id) values ('8ed29389-e302-5700-8769-b245146c8cc5', 'ad5e4718-1372-50ed-8acf-80132cb48de4') on conflict do nothing;
insert into public.curriculum_lesson_standards (lesson_id, standard_id) values ('8ed29389-e302-5700-8769-b245146c8cc5', 'e28bef7f-9f6b-5e38-9041-82c530acbd3c') on conflict do nothing;
insert into public.curriculum_lessons (id, library_id, sequence_index, source_lesson_code, title, objective) values ('26d3f182-2732-5e8a-b039-e21db2264a3f', 'bd790921-d355-59f7-bd5e-07d81adfac48', 87, '6.02', '6.02: Revisiting Right Triangles', 'Let’s recall and use some things we know about right triangles.') on conflict (library_id, sequence_index) do update set source_lesson_code = excluded.source_lesson_code, title = excluded.title, objective = excluded.objective;
insert into public.curriculum_lesson_standards (lesson_id, standard_id) values ('26d3f182-2732-5e8a-b039-e21db2264a3f', 'af69eb85-c130-54e9-b4a5-320a71fd08d3') on conflict do nothing;
insert into public.curriculum_lesson_standards (lesson_id, standard_id) values ('26d3f182-2732-5e8a-b039-e21db2264a3f', 'e1581ecc-e1af-5bce-80be-22b1ff7a0a1e') on conflict do nothing;
insert into public.curriculum_lessons (id, library_id, sequence_index, source_lesson_code, title, objective) values ('7ec43886-10e1-5689-aebe-09436d8da9ae', '64d57898-02a0-553d-8da5-740f9d08f2b1', 88, '5.18', '5.18: Expressed in Different Ways', 'Let''s write exponential expressions in different ways.') on conflict (library_id, sequence_index) do update set source_lesson_code = excluded.source_lesson_code, title = excluded.title, objective = excluded.objective;
insert into public.curriculum_lesson_standards (lesson_id, standard_id) values ('7ec43886-10e1-5689-aebe-09436d8da9ae', 'dbd89e06-36d2-55c5-b5ff-1761adb8e1bb') on conflict do nothing;
insert into public.curriculum_lesson_standards (lesson_id, standard_id) values ('7ec43886-10e1-5689-aebe-09436d8da9ae', 'ab2b4b37-2d21-59b0-81a9-c8bdcb0f089c') on conflict do nothing;
insert into public.curriculum_lesson_standards (lesson_id, standard_id) values ('7ec43886-10e1-5689-aebe-09436d8da9ae', '9a18c506-7d8e-58b5-99c6-2fbdd63483ef') on conflict do nothing;
insert into public.curriculum_lesson_standards (lesson_id, standard_id) values ('7ec43886-10e1-5689-aebe-09436d8da9ae', '4c01ef0c-e303-534b-8bae-daff8d1cce25') on conflict do nothing;
insert into public.curriculum_lesson_standards (lesson_id, standard_id) values ('7ec43886-10e1-5689-aebe-09436d8da9ae', '36e67746-399d-56ec-b3f4-08a9388f2b74') on conflict do nothing;
insert into public.curriculum_lessons (id, library_id, sequence_index, source_lesson_code, title, objective) values ('dd5ea72b-0c24-538a-8bd0-deefc2d35ad3', '93d549d5-f6a7-5859-b16f-3cbf33972974', 88, '6.06', '6.06: Completing the Square', 'Let’s rewrite equations to find the center and radius of a circle.') on conflict (library_id, sequence_index) do update set source_lesson_code = excluded.source_lesson_code, title = excluded.title, objective = excluded.objective;
insert into public.curriculum_lesson_standards (lesson_id, standard_id) values ('dd5ea72b-0c24-538a-8bd0-deefc2d35ad3', 'ad5e4718-1372-50ed-8acf-80132cb48de4') on conflict do nothing;
insert into public.curriculum_lesson_standards (lesson_id, standard_id) values ('dd5ea72b-0c24-538a-8bd0-deefc2d35ad3', 'e28bef7f-9f6b-5e38-9041-82c530acbd3c') on conflict do nothing;
insert into public.curriculum_lessons (id, library_id, sequence_index, source_lesson_code, title, objective) values ('f388ec01-e203-5e16-98ea-858ee9abba18', 'bd790921-d355-59f7-bd5e-07d81adfac48', 88, '6.03', '6.03: The Unit Circle (Part 1)', 'Let’s learn about the unit circle.') on conflict (library_id, sequence_index) do update set source_lesson_code = excluded.source_lesson_code, title = excluded.title, objective = excluded.objective;
insert into public.curriculum_lesson_standards (lesson_id, standard_id) values ('f388ec01-e203-5e16-98ea-858ee9abba18', '63f1c537-fe3e-582e-96c7-c2d532de73c2') on conflict do nothing;
insert into public.curriculum_lesson_standards (lesson_id, standard_id) values ('f388ec01-e203-5e16-98ea-858ee9abba18', '82dd275a-c3f3-5346-9455-a0ae0dfe7fb1') on conflict do nothing;
insert into public.curriculum_lesson_standards (lesson_id, standard_id) values ('f388ec01-e203-5e16-98ea-858ee9abba18', 'af69eb85-c130-54e9-b4a5-320a71fd08d3') on conflict do nothing;
insert into public.curriculum_lesson_standards (lesson_id, standard_id) values ('f388ec01-e203-5e16-98ea-858ee9abba18', 'e1581ecc-e1af-5bce-80be-22b1ff7a0a1e') on conflict do nothing;
insert into public.curriculum_lessons (id, library_id, sequence_index, source_lesson_code, title, objective) values ('2b51f8b4-a16c-50a4-a4f9-506cbf9733a1', '64d57898-02a0-553d-8da5-740f9d08f2b1', 89, '5.19', '5.19: Which Ones Changes Faster?', 'Let''s compare linear and exponential functions as they continue to increase.') on conflict (library_id, sequence_index) do update set source_lesson_code = excluded.source_lesson_code, title = excluded.title, objective = excluded.objective;
insert into public.curriculum_lesson_standards (lesson_id, standard_id) values ('2b51f8b4-a16c-50a4-a4f9-506cbf9733a1', '9a18c506-7d8e-58b5-99c6-2fbdd63483ef') on conflict do nothing;
insert into public.curriculum_lesson_standards (lesson_id, standard_id) values ('2b51f8b4-a16c-50a4-a4f9-506cbf9733a1', 'a337895a-3a09-57c4-a135-672808d0cd90') on conflict do nothing;
insert into public.curriculum_lesson_standards (lesson_id, standard_id) values ('2b51f8b4-a16c-50a4-a4f9-506cbf9733a1', '47e44c8b-18f0-5d17-b6a7-8fe08bdb482f') on conflict do nothing;
insert into public.curriculum_lesson_standards (lesson_id, standard_id) values ('2b51f8b4-a16c-50a4-a4f9-506cbf9733a1', '66228d02-f086-5471-9815-b707378d4887') on conflict do nothing;
insert into public.curriculum_lesson_standards (lesson_id, standard_id) values ('2b51f8b4-a16c-50a4-a4f9-506cbf9733a1', '9dc1a600-6e34-51a8-b001-ec4f4464320b') on conflict do nothing;
insert into public.curriculum_lesson_standards (lesson_id, standard_id) values ('2b51f8b4-a16c-50a4-a4f9-506cbf9733a1', '7e507fcb-24f0-5889-9aa3-ac8252ca0223') on conflict do nothing;
insert into public.curriculum_lessons (id, library_id, sequence_index, source_lesson_code, title, objective) values ('94ef16cd-a051-59de-85e2-f92cc732b2c9', '93d549d5-f6a7-5859-b16f-3cbf33972974', 89, '6.07', '6.07: Distances and Parabolas', 'Let’s analyze the set of points that are the same distance from a given point and a given line.') on conflict (library_id, sequence_index) do update set source_lesson_code = excluded.source_lesson_code, title = excluded.title, objective = excluded.objective;
insert into public.curriculum_lesson_standards (lesson_id, standard_id) values ('94ef16cd-a051-59de-85e2-f92cc732b2c9', 'c77d3118-e402-50f1-a043-67d9dcbcccd2') on conflict do nothing;
insert into public.curriculum_lesson_standards (lesson_id, standard_id) values ('94ef16cd-a051-59de-85e2-f92cc732b2c9', '89a258bf-86d5-5fc2-b983-802ac1b6b9d1') on conflict do nothing;
insert into public.curriculum_lessons (id, library_id, sequence_index, source_lesson_code, title, objective) values ('cce3419b-fc94-5b7a-a841-84e3daa7fdb7', 'bd790921-d355-59f7-bd5e-07d81adfac48', 89, '6.04', '6.04: The Unit Circle (Part 2)', 'Let’s look at angles and points on the unit circle.') on conflict (library_id, sequence_index) do update set source_lesson_code = excluded.source_lesson_code, title = excluded.title, objective = excluded.objective;
insert into public.curriculum_lesson_standards (lesson_id, standard_id) values ('cce3419b-fc94-5b7a-a841-84e3daa7fdb7', '63f1c537-fe3e-582e-96c7-c2d532de73c2') on conflict do nothing;
insert into public.curriculum_lesson_standards (lesson_id, standard_id) values ('cce3419b-fc94-5b7a-a841-84e3daa7fdb7', '82dd275a-c3f3-5346-9455-a0ae0dfe7fb1') on conflict do nothing;
insert into public.curriculum_lesson_standards (lesson_id, standard_id) values ('cce3419b-fc94-5b7a-a841-84e3daa7fdb7', 'af69eb85-c130-54e9-b4a5-320a71fd08d3') on conflict do nothing;
insert into public.curriculum_lessons (id, library_id, sequence_index, source_lesson_code, title, objective) values ('af5c8648-7621-5114-9f7b-2aedc16a3723', '64d57898-02a0-553d-8da5-740f9d08f2b1', 90, '5.20', '5.20: Changes over Equal Intervals', 'Let''s explore how linear and exponential functions change over equal intervals.') on conflict (library_id, sequence_index) do update set source_lesson_code = excluded.source_lesson_code, title = excluded.title, objective = excluded.objective;
insert into public.curriculum_lesson_standards (lesson_id, standard_id) values ('af5c8648-7621-5114-9f7b-2aedc16a3723', '928eb4af-c727-523d-8770-381670d6bd8e') on conflict do nothing;
insert into public.curriculum_lesson_standards (lesson_id, standard_id) values ('af5c8648-7621-5114-9f7b-2aedc16a3723', 'a705af5c-9c8f-5f3d-aa6f-38d3061f3f07') on conflict do nothing;
insert into public.curriculum_lesson_standards (lesson_id, standard_id) values ('af5c8648-7621-5114-9f7b-2aedc16a3723', '9dc1a600-6e34-51a8-b001-ec4f4464320b') on conflict do nothing;
insert into public.curriculum_lessons (id, library_id, sequence_index, source_lesson_code, title, objective) values ('f672b993-294f-51d3-8db2-d4bca853e3ad', '93d549d5-f6a7-5859-b16f-3cbf33972974', 90, '6.08', '6.08: Equations and Graphs', 'Let’s write an equation for a parabola.') on conflict (library_id, sequence_index) do update set source_lesson_code = excluded.source_lesson_code, title = excluded.title, objective = excluded.objective;
insert into public.curriculum_lesson_standards (lesson_id, standard_id) values ('f672b993-294f-51d3-8db2-d4bca853e3ad', '3e509005-3f25-5af2-991e-2eddd46350b1') on conflict do nothing;
insert into public.curriculum_lesson_standards (lesson_id, standard_id) values ('f672b993-294f-51d3-8db2-d4bca853e3ad', 'ad5e4718-1372-50ed-8acf-80132cb48de4') on conflict do nothing;
insert into public.curriculum_lesson_standards (lesson_id, standard_id) values ('f672b993-294f-51d3-8db2-d4bca853e3ad', 'c77d3118-e402-50f1-a043-67d9dcbcccd2') on conflict do nothing;
insert into public.curriculum_lessons (id, library_id, sequence_index, source_lesson_code, title, objective) values ('536db455-a142-527d-9fea-d86d4f9ac6fc', 'bd790921-d355-59f7-bd5e-07d81adfac48', 90, '6.05', '6.05: The Pythagorean Identity (Part 1)', 'Let’s learn more about cosine and sine.') on conflict (library_id, sequence_index) do update set source_lesson_code = excluded.source_lesson_code, title = excluded.title, objective = excluded.objective;
insert into public.curriculum_lesson_standards (lesson_id, standard_id) values ('536db455-a142-527d-9fea-d86d4f9ac6fc', '63f1c537-fe3e-582e-96c7-c2d532de73c2') on conflict do nothing;
insert into public.curriculum_lesson_standards (lesson_id, standard_id) values ('536db455-a142-527d-9fea-d86d4f9ac6fc', 'af69eb85-c130-54e9-b4a5-320a71fd08d3') on conflict do nothing;
insert into public.curriculum_lesson_standards (lesson_id, standard_id) values ('536db455-a142-527d-9fea-d86d4f9ac6fc', 'e1581ecc-e1af-5bce-80be-22b1ff7a0a1e') on conflict do nothing;
insert into public.curriculum_lessons (id, library_id, sequence_index, source_lesson_code, title, objective) values ('fea54e18-b5a3-5f4f-8456-5c51832f8b22', '64d57898-02a0-553d-8da5-740f9d08f2b1', 91, '5.21', '5.21: Predicting Populations', 'Let''s use linear and exponential models to represent and understand population changes.') on conflict (library_id, sequence_index) do update set source_lesson_code = excluded.source_lesson_code, title = excluded.title, objective = excluded.objective;
insert into public.curriculum_lesson_standards (lesson_id, standard_id) values ('fea54e18-b5a3-5f4f-8456-5c51832f8b22', '66228d02-f086-5471-9815-b707378d4887') on conflict do nothing;
insert into public.curriculum_lesson_standards (lesson_id, standard_id) values ('fea54e18-b5a3-5f4f-8456-5c51832f8b22', 'a705af5c-9c8f-5f3d-aa6f-38d3061f3f07') on conflict do nothing;
insert into public.curriculum_lesson_standards (lesson_id, standard_id) values ('fea54e18-b5a3-5f4f-8456-5c51832f8b22', '10830859-993a-5e79-9003-69e65e0dad48') on conflict do nothing;
insert into public.curriculum_lesson_standards (lesson_id, standard_id) values ('fea54e18-b5a3-5f4f-8456-5c51832f8b22', '9dc1a600-6e34-51a8-b001-ec4f4464320b') on conflict do nothing;
insert into public.curriculum_lesson_standards (lesson_id, standard_id) values ('fea54e18-b5a3-5f4f-8456-5c51832f8b22', '6760207f-af31-5c84-8699-0c07781b1206') on conflict do nothing;
insert into public.curriculum_lesson_standards (lesson_id, standard_id) values ('fea54e18-b5a3-5f4f-8456-5c51832f8b22', '20b7116d-a4af-55ca-b177-522b4f13c6f1') on conflict do nothing;
insert into public.curriculum_lessons (id, library_id, sequence_index, source_lesson_code, title, objective) values ('9d851c49-d41c-504a-965f-193f5c918970', '93d549d5-f6a7-5859-b16f-3cbf33972974', 91, '6.09', '6.09: Equations of Lines', 'Let’s investigate equations of lines.') on conflict (library_id, sequence_index) do update set source_lesson_code = excluded.source_lesson_code, title = excluded.title, objective = excluded.objective;
insert into public.curriculum_lesson_standards (lesson_id, standard_id) values ('9d851c49-d41c-504a-965f-193f5c918970', '3e509005-3f25-5af2-991e-2eddd46350b1') on conflict do nothing;
insert into public.curriculum_lesson_standards (lesson_id, standard_id) values ('9d851c49-d41c-504a-965f-193f5c918970', 'db6788d3-39e1-5317-82ef-d77c11817c69') on conflict do nothing;
insert into public.curriculum_lesson_standards (lesson_id, standard_id) values ('9d851c49-d41c-504a-965f-193f5c918970', '7fdc7825-9185-5651-b622-1bb1e703cf41') on conflict do nothing;
insert into public.curriculum_lessons (id, library_id, sequence_index, source_lesson_code, title, objective) values ('9073aaba-85ca-5241-86f3-0e100041dc52', 'bd790921-d355-59f7-bd5e-07d81adfac48', 91, '6.06', '6.06: The Pythagorean Identity (Part 2)', 'Let’s use the Pythagorean Identity.') on conflict (library_id, sequence_index) do update set source_lesson_code = excluded.source_lesson_code, title = excluded.title, objective = excluded.objective;
insert into public.curriculum_lesson_standards (lesson_id, standard_id) values ('9073aaba-85ca-5241-86f3-0e100041dc52', 'af69eb85-c130-54e9-b4a5-320a71fd08d3') on conflict do nothing;
insert into public.curriculum_lesson_standards (lesson_id, standard_id) values ('9073aaba-85ca-5241-86f3-0e100041dc52', 'e1581ecc-e1af-5bce-80be-22b1ff7a0a1e') on conflict do nothing;
insert into public.curriculum_lessons (id, library_id, sequence_index, source_lesson_code, title, objective) values ('e61beaa4-2511-5850-90ab-538072622d8a', '64d57898-02a0-553d-8da5-740f9d08f2b1', 92, '6.01', '6.01: A Different Kind of Change', 'Let’s find the rectangle with the greatest area.') on conflict (library_id, sequence_index) do update set source_lesson_code = excluded.source_lesson_code, title = excluded.title, objective = excluded.objective;
insert into public.curriculum_lesson_standards (lesson_id, standard_id) values ('e61beaa4-2511-5850-90ab-538072622d8a', '1de220d0-93dd-5f4c-9d36-72ea0dae0d95') on conflict do nothing;
insert into public.curriculum_lesson_standards (lesson_id, standard_id) values ('e61beaa4-2511-5850-90ab-538072622d8a', '2b210dd4-962f-5dea-9ac9-676db86b9f69') on conflict do nothing;
insert into public.curriculum_lessons (id, library_id, sequence_index, source_lesson_code, title, objective) values ('7931fd1f-1ee7-5e71-a1a9-4c0ac3d9fdc5', '93d549d5-f6a7-5859-b16f-3cbf33972974', 92, '6.10', '6.10: Parallel Lines in the Plane', 'Let’s investigate parallel lines in the coordinate plane.') on conflict (library_id, sequence_index) do update set source_lesson_code = excluded.source_lesson_code, title = excluded.title, objective = excluded.objective;
insert into public.curriculum_lesson_standards (lesson_id, standard_id) values ('7931fd1f-1ee7-5e71-a1a9-4c0ac3d9fdc5', '89a258bf-86d5-5fc2-b983-802ac1b6b9d1') on conflict do nothing;
insert into public.curriculum_lesson_standards (lesson_id, standard_id) values ('7931fd1f-1ee7-5e71-a1a9-4c0ac3d9fdc5', '7fdc7825-9185-5651-b622-1bb1e703cf41') on conflict do nothing;
insert into public.curriculum_lesson_standards (lesson_id, standard_id) values ('7931fd1f-1ee7-5e71-a1a9-4c0ac3d9fdc5', 'a98cb4cd-f15c-59e9-865d-68092c24edbe') on conflict do nothing;
insert into public.curriculum_lessons (id, library_id, sequence_index, source_lesson_code, title, objective) values ('1b6d2c4c-79dc-5491-914f-d56ec20540f5', 'bd790921-d355-59f7-bd5e-07d81adfac48', 92, '6.07', '6.07: Finding Unknown Coordinates on a Circle', 'Let’s find coordinates on a circle.') on conflict (library_id, sequence_index) do update set source_lesson_code = excluded.source_lesson_code, title = excluded.title, objective = excluded.objective;
insert into public.curriculum_lesson_standards (lesson_id, standard_id) values ('1b6d2c4c-79dc-5491-914f-d56ec20540f5', 'd5a70f86-7b09-5443-869e-6255544f7842') on conflict do nothing;
insert into public.curriculum_lesson_standards (lesson_id, standard_id) values ('1b6d2c4c-79dc-5491-914f-d56ec20540f5', 'b858fd71-587e-5663-9cfc-56b94d9bfdc3') on conflict do nothing;
insert into public.curriculum_lessons (id, library_id, sequence_index, source_lesson_code, title, objective) values ('66f4d77d-5870-5672-a1bf-c6c1e9d74136', '64d57898-02a0-553d-8da5-740f9d08f2b1', 93, '6.02', '6.02: How Does it Change?', 'Let’s describe some patterns of change.') on conflict (library_id, sequence_index) do update set source_lesson_code = excluded.source_lesson_code, title = excluded.title, objective = excluded.objective;
insert into public.curriculum_lesson_standards (lesson_id, standard_id) values ('66f4d77d-5870-5672-a1bf-c6c1e9d74136', '46f95a08-75f9-577c-bce7-206a3a3e0fdd') on conflict do nothing;
insert into public.curriculum_lesson_standards (lesson_id, standard_id) values ('66f4d77d-5870-5672-a1bf-c6c1e9d74136', 'ad5e4718-1372-50ed-8acf-80132cb48de4') on conflict do nothing;
insert into public.curriculum_lesson_standards (lesson_id, standard_id) values ('66f4d77d-5870-5672-a1bf-c6c1e9d74136', '1de220d0-93dd-5f4c-9d36-72ea0dae0d95') on conflict do nothing;
insert into public.curriculum_lessons (id, library_id, sequence_index, source_lesson_code, title, objective) values ('ef61353b-a6af-5fa5-92ce-ee39b4add62d', '93d549d5-f6a7-5859-b16f-3cbf33972974', 93, '6.11', '6.11: Perpendicular Lines in the Plane', 'Let’s analyze the slopes of perpendicular lines.') on conflict (library_id, sequence_index) do update set source_lesson_code = excluded.source_lesson_code, title = excluded.title, objective = excluded.objective;
insert into public.curriculum_lesson_standards (lesson_id, standard_id) values ('ef61353b-a6af-5fa5-92ce-ee39b4add62d', 'e3d03512-ff75-56e9-9d1e-f5852423564f') on conflict do nothing;
insert into public.curriculum_lesson_standards (lesson_id, standard_id) values ('ef61353b-a6af-5fa5-92ce-ee39b4add62d', '7fdc7825-9185-5651-b622-1bb1e703cf41') on conflict do nothing;
insert into public.curriculum_lesson_standards (lesson_id, standard_id) values ('ef61353b-a6af-5fa5-92ce-ee39b4add62d', 'a98cb4cd-f15c-59e9-865d-68092c24edbe') on conflict do nothing;
insert into public.curriculum_lessons (id, library_id, sequence_index, source_lesson_code, title, objective) values ('13d9f423-e445-5a37-9d01-d29f26bd0f75', 'bd790921-d355-59f7-bd5e-07d81adfac48', 93, '6.08', '6.08: Rising and Falling', 'Let’s study graphs that repeat.') on conflict (library_id, sequence_index) do update set source_lesson_code = excluded.source_lesson_code, title = excluded.title, objective = excluded.objective;
insert into public.curriculum_lesson_standards (lesson_id, standard_id) values ('13d9f423-e445-5a37-9d01-d29f26bd0f75', 'a337895a-3a09-57c4-a135-672808d0cd90') on conflict do nothing;
insert into public.curriculum_lesson_standards (lesson_id, standard_id) values ('13d9f423-e445-5a37-9d01-d29f26bd0f75', '2cfdce83-4c79-56f6-8bb0-d3adbac4ca9f') on conflict do nothing;
insert into public.curriculum_lesson_standards (lesson_id, standard_id) values ('13d9f423-e445-5a37-9d01-d29f26bd0f75', 'd5a70f86-7b09-5443-869e-6255544f7842') on conflict do nothing;
insert into public.curriculum_lessons (id, library_id, sequence_index, source_lesson_code, title, objective) values ('8a8c9e45-ff6d-59ea-9c66-64c8a8669681', '64d57898-02a0-553d-8da5-740f9d08f2b1', 94, '6.03', '6.03: Building Quadratic Functions from Geometric Patterns', 'Let’s describe some other geometric patterns.') on conflict (library_id, sequence_index) do update set source_lesson_code = excluded.source_lesson_code, title = excluded.title, objective = excluded.objective;
insert into public.curriculum_lesson_standards (lesson_id, standard_id) values ('8a8c9e45-ff6d-59ea-9c66-64c8a8669681', '46f95a08-75f9-577c-bce7-206a3a3e0fdd') on conflict do nothing;
insert into public.curriculum_lesson_standards (lesson_id, standard_id) values ('8a8c9e45-ff6d-59ea-9c66-64c8a8669681', '1de220d0-93dd-5f4c-9d36-72ea0dae0d95') on conflict do nothing;
insert into public.curriculum_lesson_standards (lesson_id, standard_id) values ('8a8c9e45-ff6d-59ea-9c66-64c8a8669681', '9a18c506-7d8e-58b5-99c6-2fbdd63483ef') on conflict do nothing;
insert into public.curriculum_lessons (id, library_id, sequence_index, source_lesson_code, title, objective) values ('4b2a9ce4-8036-58c8-ab3c-4c6c1ff86b86', '93d549d5-f6a7-5859-b16f-3cbf33972974', 94, '6.12', '6.12: It''s All on the Line', 'Let’s work with both parallel and perpendicular lines.') on conflict (library_id, sequence_index) do update set source_lesson_code = excluded.source_lesson_code, title = excluded.title, objective = excluded.objective;
insert into public.curriculum_lesson_standards (lesson_id, standard_id) values ('4b2a9ce4-8036-58c8-ab3c-4c6c1ff86b86', '580c167e-beaa-5ddc-958d-8d39c7edd32f') on conflict do nothing;
insert into public.curriculum_lesson_standards (lesson_id, standard_id) values ('4b2a9ce4-8036-58c8-ab3c-4c6c1ff86b86', 'ad9ee57e-8506-55f2-9952-977c3b9d1f59') on conflict do nothing;
insert into public.curriculum_lesson_standards (lesson_id, standard_id) values ('4b2a9ce4-8036-58c8-ab3c-4c6c1ff86b86', '7fdc7825-9185-5651-b622-1bb1e703cf41') on conflict do nothing;
insert into public.curriculum_lessons (id, library_id, sequence_index, source_lesson_code, title, objective) values ('efb2f8f1-bc98-5d1c-9863-3a3753e5ff13', 'bd790921-d355-59f7-bd5e-07d81adfac48', 94, '6.09', '6.09: Introduction to Trigonometric Functions', 'Let’s graph cosine and sine.') on conflict (library_id, sequence_index) do update set source_lesson_code = excluded.source_lesson_code, title = excluded.title, objective = excluded.objective;
insert into public.curriculum_lesson_standards (lesson_id, standard_id) values ('efb2f8f1-bc98-5d1c-9863-3a3753e5ff13', 'c69e1aff-08d3-5a37-9431-f7cf90e4f062') on conflict do nothing;
insert into public.curriculum_lesson_standards (lesson_id, standard_id) values ('efb2f8f1-bc98-5d1c-9863-3a3753e5ff13', '63f1c537-fe3e-582e-96c7-c2d532de73c2') on conflict do nothing;
insert into public.curriculum_lessons (id, library_id, sequence_index, source_lesson_code, title, objective) values ('d5bc0156-d5a8-57fa-87be-ab6276bc20cc', '64d57898-02a0-553d-8da5-740f9d08f2b1', 95, '6.04', '6.04: Comparing Quadratic and Exponential Functions', 'Let’s compare quadratic and exponential changes and see which one grows faster.') on conflict (library_id, sequence_index) do update set source_lesson_code = excluded.source_lesson_code, title = excluded.title, objective = excluded.objective;
insert into public.curriculum_lesson_standards (lesson_id, standard_id) values ('d5bc0156-d5a8-57fa-87be-ab6276bc20cc', '1de220d0-93dd-5f4c-9d36-72ea0dae0d95') on conflict do nothing;
insert into public.curriculum_lesson_standards (lesson_id, standard_id) values ('d5bc0156-d5a8-57fa-87be-ab6276bc20cc', '2cfdce83-4c79-56f6-8bb0-d3adbac4ca9f') on conflict do nothing;
insert into public.curriculum_lesson_standards (lesson_id, standard_id) values ('d5bc0156-d5a8-57fa-87be-ab6276bc20cc', '7e507fcb-24f0-5889-9aa3-ac8252ca0223') on conflict do nothing;
insert into public.curriculum_lessons (id, library_id, sequence_index, source_lesson_code, title, objective) values ('76217ea3-7a16-52c8-844c-3816d25b3322', '93d549d5-f6a7-5859-b16f-3cbf33972974', 95, '6.13', '6.13: Intersection Points', 'Let’s look at how circles and parabolas interact with lines.') on conflict (library_id, sequence_index) do update set source_lesson_code = excluded.source_lesson_code, title = excluded.title, objective = excluded.objective;
insert into public.curriculum_lesson_standards (lesson_id, standard_id) values ('76217ea3-7a16-52c8-844c-3816d25b3322', '6f729ade-7c4d-5e79-b415-87f138c22c0b') on conflict do nothing;
insert into public.curriculum_lesson_standards (lesson_id, standard_id) values ('76217ea3-7a16-52c8-844c-3816d25b3322', '7fdc7825-9185-5651-b622-1bb1e703cf41') on conflict do nothing;
insert into public.curriculum_lessons (id, library_id, sequence_index, source_lesson_code, title, objective) values ('b22e07aa-2841-5d2b-a9de-e9b5bd8d4a1f', 'bd790921-d355-59f7-bd5e-07d81adfac48', 95, '6.10', '6.10: Beyond 2π', 'Let’s go around a circle more than once.') on conflict (library_id, sequence_index) do update set source_lesson_code = excluded.source_lesson_code, title = excluded.title, objective = excluded.objective;
insert into public.curriculum_lesson_standards (lesson_id, standard_id) values ('b22e07aa-2841-5d2b-a9de-e9b5bd8d4a1f', 'af69eb85-c130-54e9-b4a5-320a71fd08d3') on conflict do nothing;
insert into public.curriculum_lesson_standards (lesson_id, standard_id) values ('b22e07aa-2841-5d2b-a9de-e9b5bd8d4a1f', 'd5a70f86-7b09-5443-869e-6255544f7842') on conflict do nothing;
insert into public.curriculum_lessons (id, library_id, sequence_index, source_lesson_code, title, objective) values ('f7541e3c-e5ce-5ca9-afef-7eba165ea69c', '64d57898-02a0-553d-8da5-740f9d08f2b1', 96, '6.05', '6.05: Building Quadratic Functions to Describe Situations', 'Let’s measure falling objects.') on conflict (library_id, sequence_index) do update set source_lesson_code = excluded.source_lesson_code, title = excluded.title, objective = excluded.objective;
insert into public.curriculum_lesson_standards (lesson_id, standard_id) values ('f7541e3c-e5ce-5ca9-afef-7eba165ea69c', 'b34b6c37-5991-510b-afdb-1343274bbbe0') on conflict do nothing;
insert into public.curriculum_lesson_standards (lesson_id, standard_id) values ('f7541e3c-e5ce-5ca9-afef-7eba165ea69c', '1de220d0-93dd-5f4c-9d36-72ea0dae0d95') on conflict do nothing;
insert into public.curriculum_lesson_standards (lesson_id, standard_id) values ('f7541e3c-e5ce-5ca9-afef-7eba165ea69c', '9a18c506-7d8e-58b5-99c6-2fbdd63483ef') on conflict do nothing;
insert into public.curriculum_lessons (id, library_id, sequence_index, source_lesson_code, title, objective) values ('b58cba28-f725-56e5-bdb4-a34ff763bdf8', '93d549d5-f6a7-5859-b16f-3cbf33972974', 96, '6.14', '6.14: Coordinate Proof', 'Let’s use coordinates to prove theorems and to compute perimeter and area.') on conflict (library_id, sequence_index) do update set source_lesson_code = excluded.source_lesson_code, title = excluded.title, objective = excluded.objective;
insert into public.curriculum_lesson_standards (lesson_id, standard_id) values ('b58cba28-f725-56e5-bdb4-a34ff763bdf8', '46eb9d40-c906-59a8-aef2-22b1c290395a') on conflict do nothing;
insert into public.curriculum_lesson_standards (lesson_id, standard_id) values ('b58cba28-f725-56e5-bdb4-a34ff763bdf8', '89a258bf-86d5-5fc2-b983-802ac1b6b9d1') on conflict do nothing;
insert into public.curriculum_lesson_standards (lesson_id, standard_id) values ('b58cba28-f725-56e5-bdb4-a34ff763bdf8', '7fdc7825-9185-5651-b622-1bb1e703cf41') on conflict do nothing;
insert into public.curriculum_lesson_standards (lesson_id, standard_id) values ('b58cba28-f725-56e5-bdb4-a34ff763bdf8', '7c58a550-fbad-5955-ba14-d0231db4e93b') on conflict do nothing;
insert into public.curriculum_lessons (id, library_id, sequence_index, source_lesson_code, title, objective) values ('24dd5d59-a0c4-597d-bb35-358c4bbddde2', 'bd790921-d355-59f7-bd5e-07d81adfac48', 96, '6.11', '6.11: Extending the Domain of Trigonometric Functions', 'Let’s think about the value of cosine and sine for all types of inputs.') on conflict (library_id, sequence_index) do update set source_lesson_code = excluded.source_lesson_code, title = excluded.title, objective = excluded.objective;
insert into public.curriculum_lesson_standards (lesson_id, standard_id) values ('24dd5d59-a0c4-597d-bb35-358c4bbddde2', 'af69eb85-c130-54e9-b4a5-320a71fd08d3') on conflict do nothing;
insert into public.curriculum_lessons (id, library_id, sequence_index, source_lesson_code, title, objective) values ('3b3d1706-08a0-5b69-8560-168b35b4816d', '64d57898-02a0-553d-8da5-740f9d08f2b1', 97, '6.06', '6.06: Building Quadratic Functions to Describe Situations (Part 2)', 'Let’s look at the objects being launched in the air.') on conflict (library_id, sequence_index) do update set source_lesson_code = excluded.source_lesson_code, title = excluded.title, objective = excluded.objective;
insert into public.curriculum_lesson_standards (lesson_id, standard_id) values ('3b3d1706-08a0-5b69-8560-168b35b4816d', 'b34b6c37-5991-510b-afdb-1343274bbbe0') on conflict do nothing;
insert into public.curriculum_lesson_standards (lesson_id, standard_id) values ('3b3d1706-08a0-5b69-8560-168b35b4816d', '1de220d0-93dd-5f4c-9d36-72ea0dae0d95') on conflict do nothing;
insert into public.curriculum_lesson_standards (lesson_id, standard_id) values ('3b3d1706-08a0-5b69-8560-168b35b4816d', '47e44c8b-18f0-5d17-b6a7-8fe08bdb482f') on conflict do nothing;
insert into public.curriculum_lesson_standards (lesson_id, standard_id) values ('3b3d1706-08a0-5b69-8560-168b35b4816d', '2cfdce83-4c79-56f6-8bb0-d3adbac4ca9f') on conflict do nothing;
insert into public.curriculum_lesson_standards (lesson_id, standard_id) values ('3b3d1706-08a0-5b69-8560-168b35b4816d', '694cf6ef-214e-58cf-a9db-30fb47f11b88') on conflict do nothing;
insert into public.curriculum_lessons (id, library_id, sequence_index, source_lesson_code, title, objective) values ('742caa44-849e-5ec2-b463-ffab64a1d398', '93d549d5-f6a7-5859-b16f-3cbf33972974', 97, '6.15', '6.15: Weighted Averages', 'Let’s split segments using averages and ratios.') on conflict (library_id, sequence_index) do update set source_lesson_code = excluded.source_lesson_code, title = excluded.title, objective = excluded.objective;
insert into public.curriculum_lesson_standards (lesson_id, standard_id) values ('742caa44-849e-5ec2-b463-ffab64a1d398', 'db6788d3-39e1-5317-82ef-d77c11817c69') on conflict do nothing;
insert into public.curriculum_lesson_standards (lesson_id, standard_id) values ('742caa44-849e-5ec2-b463-ffab64a1d398', 'e3d03512-ff75-56e9-9d1e-f5852423564f') on conflict do nothing;
insert into public.curriculum_lesson_standards (lesson_id, standard_id) values ('742caa44-849e-5ec2-b463-ffab64a1d398', '6d1ce99f-fd60-5832-9600-9e349d54d917') on conflict do nothing;
insert into public.curriculum_lessons (id, library_id, sequence_index, source_lesson_code, title, objective) values ('f9979276-f632-5b53-9b65-6d81aaab18a4', 'bd790921-d355-59f7-bd5e-07d81adfac48', 97, '6.12', '6.12: Tangent', 'Let’s learn more about tangent.') on conflict (library_id, sequence_index) do update set source_lesson_code = excluded.source_lesson_code, title = excluded.title, objective = excluded.objective;
insert into public.curriculum_lesson_standards (lesson_id, standard_id) values ('f9979276-f632-5b53-9b65-6d81aaab18a4', 'c69e1aff-08d3-5a37-9431-f7cf90e4f062') on conflict do nothing;
insert into public.curriculum_lesson_standards (lesson_id, standard_id) values ('f9979276-f632-5b53-9b65-6d81aaab18a4', 'af69eb85-c130-54e9-b4a5-320a71fd08d3') on conflict do nothing;
insert into public.curriculum_lessons (id, library_id, sequence_index, source_lesson_code, title, objective) values ('ecad2914-3b6d-5df5-b6cf-0d0bba8076a5', '64d57898-02a0-553d-8da5-740f9d08f2b1', 98, '6.07', '6.07: Building Quadratic Functions to Describe Situations (Part 3)', 'Let’s look at how to maximize revenue.') on conflict (library_id, sequence_index) do update set source_lesson_code = excluded.source_lesson_code, title = excluded.title, objective = excluded.objective;
insert into public.curriculum_lesson_standards (lesson_id, standard_id) values ('ecad2914-3b6d-5df5-b6cf-0d0bba8076a5', '1de220d0-93dd-5f4c-9d36-72ea0dae0d95') on conflict do nothing;
insert into public.curriculum_lesson_standards (lesson_id, standard_id) values ('ecad2914-3b6d-5df5-b6cf-0d0bba8076a5', '47e44c8b-18f0-5d17-b6a7-8fe08bdb482f') on conflict do nothing;
insert into public.curriculum_lesson_standards (lesson_id, standard_id) values ('ecad2914-3b6d-5df5-b6cf-0d0bba8076a5', '694cf6ef-214e-58cf-a9db-30fb47f11b88') on conflict do nothing;
insert into public.curriculum_lessons (id, library_id, sequence_index, source_lesson_code, title, objective) values ('f36a8538-42c2-58ff-b6c8-90d721fab3a9', '93d549d5-f6a7-5859-b16f-3cbf33972974', 98, '6.16', '6.16: Weighted Averages in a Triangle', 'Let’s partition special line segments in triangles.') on conflict (library_id, sequence_index) do update set source_lesson_code = excluded.source_lesson_code, title = excluded.title, objective = excluded.objective;
insert into public.curriculum_lesson_standards (lesson_id, standard_id) values ('f36a8538-42c2-58ff-b6c8-90d721fab3a9', 'c261b7b3-2e90-59fd-bb40-444103884763') on conflict do nothing;
insert into public.curriculum_lesson_standards (lesson_id, standard_id) values ('f36a8538-42c2-58ff-b6c8-90d721fab3a9', '89a258bf-86d5-5fc2-b983-802ac1b6b9d1') on conflict do nothing;
insert into public.curriculum_lesson_standards (lesson_id, standard_id) values ('f36a8538-42c2-58ff-b6c8-90d721fab3a9', '6d1ce99f-fd60-5832-9600-9e349d54d917') on conflict do nothing;
insert into public.curriculum_lesson_standards (lesson_id, standard_id) values ('f36a8538-42c2-58ff-b6c8-90d721fab3a9', 'a98cb4cd-f15c-59e9-865d-68092c24edbe') on conflict do nothing;
insert into public.curriculum_lessons (id, library_id, sequence_index, source_lesson_code, title, objective) values ('759b8669-4d7c-5fdb-b240-cef2372f0193', 'bd790921-d355-59f7-bd5e-07d81adfac48', 98, '6.13', '6.13: Amplitude and Midline', 'Let''s transform the graphs of trigonometric functions.') on conflict (library_id, sequence_index) do update set source_lesson_code = excluded.source_lesson_code, title = excluded.title, objective = excluded.objective;
insert into public.curriculum_lesson_standards (lesson_id, standard_id) values ('759b8669-4d7c-5fdb-b240-cef2372f0193', '0bda9c71-9a20-5f57-a64a-f8f5e0b3a3a5') on conflict do nothing;
insert into public.curriculum_lesson_standards (lesson_id, standard_id) values ('759b8669-4d7c-5fdb-b240-cef2372f0193', 'b858fd71-587e-5663-9cfc-56b94d9bfdc3') on conflict do nothing;
insert into public.curriculum_lessons (id, library_id, sequence_index, source_lesson_code, title, objective) values ('6da02127-1ed5-5805-b5e0-e0d12027f9b5', '64d57898-02a0-553d-8da5-740f9d08f2b1', 99, '6.08', '6.08: Equivalent Quadratic Expressions', 'Let’s use diagrams to help us rewrite quadratic expressions.') on conflict (library_id, sequence_index) do update set source_lesson_code = excluded.source_lesson_code, title = excluded.title, objective = excluded.objective;
insert into public.curriculum_lesson_standards (lesson_id, standard_id) values ('6da02127-1ed5-5805-b5e0-e0d12027f9b5', '3e509005-3f25-5af2-991e-2eddd46350b1') on conflict do nothing;
insert into public.curriculum_lesson_standards (lesson_id, standard_id) values ('6da02127-1ed5-5805-b5e0-e0d12027f9b5', '23a11633-3171-5f6e-9f5a-35e5793fde71') on conflict do nothing;
insert into public.curriculum_lesson_standards (lesson_id, standard_id) values ('6da02127-1ed5-5805-b5e0-e0d12027f9b5', 'ad5e4718-1372-50ed-8acf-80132cb48de4') on conflict do nothing;
insert into public.curriculum_lesson_standards (lesson_id, standard_id) values ('6da02127-1ed5-5805-b5e0-e0d12027f9b5', '4c01ef0c-e303-534b-8bae-daff8d1cce25') on conflict do nothing;
insert into public.curriculum_lessons (id, library_id, sequence_index, source_lesson_code, title, objective) values ('f0734f85-933d-5208-8ff8-cfaea5523ee8', '93d549d5-f6a7-5859-b16f-3cbf33972974', 99, '6.17', '6.17: Lines in Triangles', 'Let’s investigate more special segments in triangles.') on conflict (library_id, sequence_index) do update set source_lesson_code = excluded.source_lesson_code, title = excluded.title, objective = excluded.objective;
insert into public.curriculum_lesson_standards (lesson_id, standard_id) values ('f0734f85-933d-5208-8ff8-cfaea5523ee8', 'c261b7b3-2e90-59fd-bb40-444103884763') on conflict do nothing;
insert into public.curriculum_lesson_standards (lesson_id, standard_id) values ('f0734f85-933d-5208-8ff8-cfaea5523ee8', '89a258bf-86d5-5fc2-b983-802ac1b6b9d1') on conflict do nothing;
insert into public.curriculum_lesson_standards (lesson_id, standard_id) values ('f0734f85-933d-5208-8ff8-cfaea5523ee8', '7fdc7825-9185-5651-b622-1bb1e703cf41') on conflict do nothing;
insert into public.curriculum_lessons (id, library_id, sequence_index, source_lesson_code, title, objective) values ('9bd170f1-2b4c-5d5a-9469-9f849da65643', 'bd790921-d355-59f7-bd5e-07d81adfac48', 99, '6.14', '6.14: Transforming Trigonometric Functions', 'Let’s make lots of changes to the graphs of trigonometric functions.') on conflict (library_id, sequence_index) do update set source_lesson_code = excluded.source_lesson_code, title = excluded.title, objective = excluded.objective;
insert into public.curriculum_lesson_standards (lesson_id, standard_id) values ('9bd170f1-2b4c-5d5a-9469-9f849da65643', '0bda9c71-9a20-5f57-a64a-f8f5e0b3a3a5') on conflict do nothing;
insert into public.curriculum_lesson_standards (lesson_id, standard_id) values ('9bd170f1-2b4c-5d5a-9469-9f849da65643', 'd5a70f86-7b09-5443-869e-6255544f7842') on conflict do nothing;
insert into public.curriculum_lessons (id, library_id, sequence_index, source_lesson_code, title, objective) values ('ab9a4f41-f8b8-5122-8f0d-caaff67f014e', '64d57898-02a0-553d-8da5-740f9d08f2b1', 100, '6.09', '6.09: Standard Form and Factored Form', 'Let’s write quadratic expressions in different forms.') on conflict (library_id, sequence_index) do update set source_lesson_code = excluded.source_lesson_code, title = excluded.title, objective = excluded.objective;
insert into public.curriculum_lesson_standards (lesson_id, standard_id) values ('ab9a4f41-f8b8-5122-8f0d-caaff67f014e', '23a11633-3171-5f6e-9f5a-35e5793fde71') on conflict do nothing;
insert into public.curriculum_lesson_standards (lesson_id, standard_id) values ('ab9a4f41-f8b8-5122-8f0d-caaff67f014e', 'ad5e4718-1372-50ed-8acf-80132cb48de4') on conflict do nothing;
insert into public.curriculum_lesson_standards (lesson_id, standard_id) values ('ab9a4f41-f8b8-5122-8f0d-caaff67f014e', '4c01ef0c-e303-534b-8bae-daff8d1cce25') on conflict do nothing;
insert into public.curriculum_lessons (id, library_id, sequence_index, source_lesson_code, title, objective) values ('cd924dd6-8105-59ae-a0e1-d718ed3bf16a', '93d549d5-f6a7-5859-b16f-3cbf33972974', 100, '7.01', '7.01: Lines, Angles, and Curves', 'Let’s define some line segments and angles related to circles.') on conflict (library_id, sequence_index) do update set source_lesson_code = excluded.source_lesson_code, title = excluded.title, objective = excluded.objective;
insert into public.curriculum_lesson_standards (lesson_id, standard_id) values ('cd924dd6-8105-59ae-a0e1-d718ed3bf16a', '46eb9d40-c906-59a8-aef2-22b1c290395a') on conflict do nothing;
insert into public.curriculum_lesson_standards (lesson_id, standard_id) values ('cd924dd6-8105-59ae-a0e1-d718ed3bf16a', '2582659a-3cad-515b-9e1d-2548485a9c69') on conflict do nothing;
insert into public.curriculum_lessons (id, library_id, sequence_index, source_lesson_code, title, objective) values ('6e2ed53a-c128-5872-8890-4bcf578dcf27', 'bd790921-d355-59f7-bd5e-07d81adfac48', 100, '6.15', '6.15: Features of Trigonometric Graphs (Part 1)', 'Let’s compare graphs and equations of trigonometric functions.') on conflict (library_id, sequence_index) do update set source_lesson_code = excluded.source_lesson_code, title = excluded.title, objective = excluded.objective;
insert into public.curriculum_lesson_standards (lesson_id, standard_id) values ('6e2ed53a-c128-5872-8890-4bcf578dcf27', '444d2808-cd0e-5ecd-89da-9fcb58c9e9f8') on conflict do nothing;
insert into public.curriculum_lesson_standards (lesson_id, standard_id) values ('6e2ed53a-c128-5872-8890-4bcf578dcf27', 'a337895a-3a09-57c4-a135-672808d0cd90') on conflict do nothing;
insert into public.curriculum_lesson_standards (lesson_id, standard_id) values ('6e2ed53a-c128-5872-8890-4bcf578dcf27', '0bda9c71-9a20-5f57-a64a-f8f5e0b3a3a5') on conflict do nothing;
insert into public.curriculum_lessons (id, library_id, sequence_index, source_lesson_code, title, objective) values ('7eca67d0-444b-55e0-824c-23cd74f1d90c', '64d57898-02a0-553d-8da5-740f9d08f2b1', 101, '6.10', '6.10: Graphs of Functions in Standard and Factored Form', 'Let’s find out what quadratic expressions in standard and factored forms can reveal about the properties of their graphs.') on conflict (library_id, sequence_index) do update set source_lesson_code = excluded.source_lesson_code, title = excluded.title, objective = excluded.objective;
insert into public.curriculum_lesson_standards (lesson_id, standard_id) values ('7eca67d0-444b-55e0-824c-23cd74f1d90c', 'ad5e4718-1372-50ed-8acf-80132cb48de4') on conflict do nothing;
insert into public.curriculum_lessons (id, library_id, sequence_index, source_lesson_code, title, objective) values ('713b3ad8-f1f6-5fe4-b316-90be226eea1f', '93d549d5-f6a7-5859-b16f-3cbf33972974', 101, '7.02', '7.02: Inscribed Angles', 'Let’s analyze angles made from chords.') on conflict (library_id, sequence_index) do update set source_lesson_code = excluded.source_lesson_code, title = excluded.title, objective = excluded.objective;
insert into public.curriculum_lesson_standards (lesson_id, standard_id) values ('713b3ad8-f1f6-5fe4-b316-90be226eea1f', '46eb9d40-c906-59a8-aef2-22b1c290395a') on conflict do nothing;
insert into public.curriculum_lesson_standards (lesson_id, standard_id) values ('713b3ad8-f1f6-5fe4-b316-90be226eea1f', '2582659a-3cad-515b-9e1d-2548485a9c69') on conflict do nothing;
insert into public.curriculum_lessons (id, library_id, sequence_index, source_lesson_code, title, objective) values ('7cd9560e-6e73-5c00-a688-d1c28ecba914', 'bd790921-d355-59f7-bd5e-07d81adfac48', 101, '6.16', '6.16: Features of Trigonometric Graphs (Part 2)', 'Let''s explore a trigonometric function modeling a situation.') on conflict (library_id, sequence_index) do update set source_lesson_code = excluded.source_lesson_code, title = excluded.title, objective = excluded.objective;
insert into public.curriculum_lesson_standards (lesson_id, standard_id) values ('7cd9560e-6e73-5c00-a688-d1c28ecba914', '0bda9c71-9a20-5f57-a64a-f8f5e0b3a3a5') on conflict do nothing;
insert into public.curriculum_lesson_standards (lesson_id, standard_id) values ('7cd9560e-6e73-5c00-a688-d1c28ecba914', 'd5a70f86-7b09-5443-869e-6255544f7842') on conflict do nothing;
insert into public.curriculum_lesson_standards (lesson_id, standard_id) values ('7cd9560e-6e73-5c00-a688-d1c28ecba914', 'b858fd71-587e-5663-9cfc-56b94d9bfdc3') on conflict do nothing;
insert into public.curriculum_lessons (id, library_id, sequence_index, source_lesson_code, title, objective) values ('61ad80c4-0ae9-5ecd-a9ec-3dc769c9f4f2', '64d57898-02a0-553d-8da5-740f9d08f2b1', 102, '6.11', '6.11: Graphing from the Factored Form', 'Let’s graph some quadratic functions in factored form.') on conflict (library_id, sequence_index) do update set source_lesson_code = excluded.source_lesson_code, title = excluded.title, objective = excluded.objective;
insert into public.curriculum_lesson_standards (lesson_id, standard_id) values ('61ad80c4-0ae9-5ecd-a9ec-3dc769c9f4f2', '3e509005-3f25-5af2-991e-2eddd46350b1') on conflict do nothing;
insert into public.curriculum_lesson_standards (lesson_id, standard_id) values ('61ad80c4-0ae9-5ecd-a9ec-3dc769c9f4f2', '694cf6ef-214e-58cf-a9db-30fb47f11b88') on conflict do nothing;
insert into public.curriculum_lessons (id, library_id, sequence_index, source_lesson_code, title, objective) values ('2a961d3e-a438-56b9-be87-84592949621d', '93d549d5-f6a7-5859-b16f-3cbf33972974', 102, '7.03', '7.03: Tangent Lines', 'Let’s explore lines that intersect a circle in exactly 1 point.') on conflict (library_id, sequence_index) do update set source_lesson_code = excluded.source_lesson_code, title = excluded.title, objective = excluded.objective;
insert into public.curriculum_lesson_standards (lesson_id, standard_id) values ('2a961d3e-a438-56b9-be87-84592949621d', '46eb9d40-c906-59a8-aef2-22b1c290395a') on conflict do nothing;
insert into public.curriculum_lessons (id, library_id, sequence_index, source_lesson_code, title, objective) values ('31068acf-1077-5439-ab99-050d05f68abc', 'bd790921-d355-59f7-bd5e-07d81adfac48', 102, '6.17', '6.17: Comparing Transfomations', 'Let''s ask questions to figure out transformations of trigonometric functions.') on conflict (library_id, sequence_index) do update set source_lesson_code = excluded.source_lesson_code, title = excluded.title, objective = excluded.objective;
insert into public.curriculum_lesson_standards (lesson_id, standard_id) values ('31068acf-1077-5439-ab99-050d05f68abc', '444d2808-cd0e-5ecd-89da-9fcb58c9e9f8') on conflict do nothing;
insert into public.curriculum_lesson_standards (lesson_id, standard_id) values ('31068acf-1077-5439-ab99-050d05f68abc', '0bda9c71-9a20-5f57-a64a-f8f5e0b3a3a5') on conflict do nothing;
insert into public.curriculum_lessons (id, library_id, sequence_index, source_lesson_code, title, objective) values ('9b22bf33-c581-5745-ac50-b4042517d065', '64d57898-02a0-553d-8da5-740f9d08f2b1', 103, '6.12', '6.12: Graphing the Standard Form (Part 1)', 'Let’s see how the numbers in expressions like -3x^2 + 4 affect their graph.') on conflict (library_id, sequence_index) do update set source_lesson_code = excluded.source_lesson_code, title = excluded.title, objective = excluded.objective;
insert into public.curriculum_lesson_standards (lesson_id, standard_id) values ('9b22bf33-c581-5745-ac50-b4042517d065', '444d2808-cd0e-5ecd-89da-9fcb58c9e9f8') on conflict do nothing;
insert into public.curriculum_lesson_standards (lesson_id, standard_id) values ('9b22bf33-c581-5745-ac50-b4042517d065', '2cfdce83-4c79-56f6-8bb0-d3adbac4ca9f') on conflict do nothing;
insert into public.curriculum_lesson_standards (lesson_id, standard_id) values ('9b22bf33-c581-5745-ac50-b4042517d065', 'c69e1aff-08d3-5a37-9431-f7cf90e4f062') on conflict do nothing;
insert into public.curriculum_lesson_standards (lesson_id, standard_id) values ('9b22bf33-c581-5745-ac50-b4042517d065', '9dc1a600-6e34-51a8-b001-ec4f4464320b') on conflict do nothing;
insert into public.curriculum_lessons (id, library_id, sequence_index, source_lesson_code, title, objective) values ('8d5cffa7-dc28-5b4f-9a48-1c2b87e65b02', '93d549d5-f6a7-5859-b16f-3cbf33972974', 103, '7.04', '7.04: Quadrilaterals in Circles', 'Let’s investigate quadrilaterals that fit in a circle.') on conflict (library_id, sequence_index) do update set source_lesson_code = excluded.source_lesson_code, title = excluded.title, objective = excluded.objective;
insert into public.curriculum_lesson_standards (lesson_id, standard_id) values ('8d5cffa7-dc28-5b4f-9a48-1c2b87e65b02', '26645ddd-54e4-5396-a1e2-93d760f40bb1') on conflict do nothing;
insert into public.curriculum_lessons (id, library_id, sequence_index, source_lesson_code, title, objective) values ('1c4166fe-7240-5260-a76e-20159eed4c67', 'bd790921-d355-59f7-bd5e-07d81adfac48', 103, '6.18', '6.18: Modeling Circular Motion', 'Let''s use trigonometric functions to model circular motion.') on conflict (library_id, sequence_index) do update set source_lesson_code = excluded.source_lesson_code, title = excluded.title, objective = excluded.objective;
insert into public.curriculum_lesson_standards (lesson_id, standard_id) values ('1c4166fe-7240-5260-a76e-20159eed4c67', 'a337895a-3a09-57c4-a135-672808d0cd90') on conflict do nothing;
insert into public.curriculum_lesson_standards (lesson_id, standard_id) values ('1c4166fe-7240-5260-a76e-20159eed4c67', '0bda9c71-9a20-5f57-a64a-f8f5e0b3a3a5') on conflict do nothing;
insert into public.curriculum_lesson_standards (lesson_id, standard_id) values ('1c4166fe-7240-5260-a76e-20159eed4c67', '82dd275a-c3f3-5346-9455-a0ae0dfe7fb1') on conflict do nothing;
insert into public.curriculum_lesson_standards (lesson_id, standard_id) values ('1c4166fe-7240-5260-a76e-20159eed4c67', 'b858fd71-587e-5663-9cfc-56b94d9bfdc3') on conflict do nothing;
insert into public.curriculum_lesson_standards (lesson_id, standard_id) values ('1c4166fe-7240-5260-a76e-20159eed4c67', 'a98cb4cd-f15c-59e9-865d-68092c24edbe') on conflict do nothing;
insert into public.curriculum_lessons (id, library_id, sequence_index, source_lesson_code, title, objective) values ('34da7aeb-7601-5b6e-b2b2-6108b23edaa2', '64d57898-02a0-553d-8da5-740f9d08f2b1', 104, '6.13', '6.13: Graphing the Standard Form (Part 2)', 'Let’s change some other parts of a quadratic expression and see how they affect the graph.') on conflict (library_id, sequence_index) do update set source_lesson_code = excluded.source_lesson_code, title = excluded.title, objective = excluded.objective;
insert into public.curriculum_lesson_standards (lesson_id, standard_id) values ('34da7aeb-7601-5b6e-b2b2-6108b23edaa2', 'ad5e4718-1372-50ed-8acf-80132cb48de4') on conflict do nothing;
insert into public.curriculum_lesson_standards (lesson_id, standard_id) values ('34da7aeb-7601-5b6e-b2b2-6108b23edaa2', '444d2808-cd0e-5ecd-89da-9fcb58c9e9f8') on conflict do nothing;
insert into public.curriculum_lesson_standards (lesson_id, standard_id) values ('34da7aeb-7601-5b6e-b2b2-6108b23edaa2', 'c69e1aff-08d3-5a37-9431-f7cf90e4f062') on conflict do nothing;
insert into public.curriculum_lesson_standards (lesson_id, standard_id) values ('34da7aeb-7601-5b6e-b2b2-6108b23edaa2', '694cf6ef-214e-58cf-a9db-30fb47f11b88') on conflict do nothing;
insert into public.curriculum_lessons (id, library_id, sequence_index, source_lesson_code, title, objective) values ('8c92b84b-3eb4-551e-bbd1-194406ff6253', '93d549d5-f6a7-5859-b16f-3cbf33972974', 104, '7.05', '7.05: Triangles in Circles', 'Let’s see how perpendicular bisectors relate to circumscribed circles.') on conflict (library_id, sequence_index) do update set source_lesson_code = excluded.source_lesson_code, title = excluded.title, objective = excluded.objective;
insert into public.curriculum_lesson_standards (lesson_id, standard_id) values ('8c92b84b-3eb4-551e-bbd1-194406ff6253', '26645ddd-54e4-5396-a1e2-93d760f40bb1') on conflict do nothing;
insert into public.curriculum_lesson_standards (lesson_id, standard_id) values ('8c92b84b-3eb4-551e-bbd1-194406ff6253', 'c261b7b3-2e90-59fd-bb40-444103884763') on conflict do nothing;
insert into public.curriculum_lessons (id, library_id, sequence_index, source_lesson_code, title, objective) values ('eff74ae4-5f9c-53ba-be17-d091b0194ff5', 'bd790921-d355-59f7-bd5e-07d81adfac48', 104, '6.19', '6.19: Beyond Circles', 'Let''s use trigonometric functions to model data.') on conflict (library_id, sequence_index) do update set source_lesson_code = excluded.source_lesson_code, title = excluded.title, objective = excluded.objective;
insert into public.curriculum_lesson_standards (lesson_id, standard_id) values ('eff74ae4-5f9c-53ba-be17-d091b0194ff5', '0bda9c71-9a20-5f57-a64a-f8f5e0b3a3a5') on conflict do nothing;
insert into public.curriculum_lesson_standards (lesson_id, standard_id) values ('eff74ae4-5f9c-53ba-be17-d091b0194ff5', 'd5a70f86-7b09-5443-869e-6255544f7842') on conflict do nothing;
insert into public.curriculum_lesson_standards (lesson_id, standard_id) values ('eff74ae4-5f9c-53ba-be17-d091b0194ff5', 'b858fd71-587e-5663-9cfc-56b94d9bfdc3') on conflict do nothing;
insert into public.curriculum_lessons (id, library_id, sequence_index, source_lesson_code, title, objective) values ('b52abff4-8123-5947-939a-38f11274807c', '64d57898-02a0-553d-8da5-740f9d08f2b1', 105, '6.14', '6.14: Graphs That Represent Situations', 'Let’s examine graphs that represent the paths of objects being launched in the air.') on conflict (library_id, sequence_index) do update set source_lesson_code = excluded.source_lesson_code, title = excluded.title, objective = excluded.objective;
insert into public.curriculum_lesson_standards (lesson_id, standard_id) values ('b52abff4-8123-5947-939a-38f11274807c', '9a18c506-7d8e-58b5-99c6-2fbdd63483ef') on conflict do nothing;
insert into public.curriculum_lesson_standards (lesson_id, standard_id) values ('b52abff4-8123-5947-939a-38f11274807c', 'a337895a-3a09-57c4-a135-672808d0cd90') on conflict do nothing;
insert into public.curriculum_lesson_standards (lesson_id, standard_id) values ('b52abff4-8123-5947-939a-38f11274807c', '694cf6ef-214e-58cf-a9db-30fb47f11b88') on conflict do nothing;
insert into public.curriculum_lesson_standards (lesson_id, standard_id) values ('b52abff4-8123-5947-939a-38f11274807c', '4c01ef0c-e303-534b-8bae-daff8d1cce25') on conflict do nothing;
insert into public.curriculum_lesson_standards (lesson_id, standard_id) values ('b52abff4-8123-5947-939a-38f11274807c', 'a383cbb0-9f2b-5ec3-8488-5238cc2b320a') on conflict do nothing;
insert into public.curriculum_lessons (id, library_id, sequence_index, source_lesson_code, title, objective) values ('2ff72876-c6c2-52f2-af22-86f3f5cb4cea', '93d549d5-f6a7-5859-b16f-3cbf33972974', 105, '7.06', '7.06: A Special Point', 'Let’s see what we can learn about a triangle by watching how salt piles up on it.') on conflict (library_id, sequence_index) do update set source_lesson_code = excluded.source_lesson_code, title = excluded.title, objective = excluded.objective;
insert into public.curriculum_lesson_standards (lesson_id, standard_id) values ('2ff72876-c6c2-52f2-af22-86f3f5cb4cea', '26645ddd-54e4-5396-a1e2-93d760f40bb1') on conflict do nothing;
insert into public.curriculum_lesson_standards (lesson_id, standard_id) values ('2ff72876-c6c2-52f2-af22-86f3f5cb4cea', 'c261b7b3-2e90-59fd-bb40-444103884763') on conflict do nothing;
insert into public.curriculum_lesson_standards (lesson_id, standard_id) values ('2ff72876-c6c2-52f2-af22-86f3f5cb4cea', '6e6d26ae-d597-53d9-8eff-bee24f0f439c') on conflict do nothing;
insert into public.curriculum_lesson_standards (lesson_id, standard_id) values ('2ff72876-c6c2-52f2-af22-86f3f5cb4cea', '2582659a-3cad-515b-9e1d-2548485a9c69') on conflict do nothing;
insert into public.curriculum_lessons (id, library_id, sequence_index, source_lesson_code, title, objective) values ('abebb448-bb61-52b9-ac6f-9358e2604416', 'bd790921-d355-59f7-bd5e-07d81adfac48', 105, '7.01', '7.01: Being Skeptical', 'Let’s examine some ways people use statistics.') on conflict (library_id, sequence_index) do update set source_lesson_code = excluded.source_lesson_code, title = excluded.title, objective = excluded.objective;
insert into public.curriculum_lesson_standards (lesson_id, standard_id) values ('abebb448-bb61-52b9-ac6f-9358e2604416', 'be0ec2db-d454-57c8-80a7-521c316650fb') on conflict do nothing;
insert into public.curriculum_lesson_standards (lesson_id, standard_id) values ('abebb448-bb61-52b9-ac6f-9358e2604416', '27c67686-4af5-58d3-9f0c-3c7206ca42e1') on conflict do nothing;
insert into public.curriculum_lesson_standards (lesson_id, standard_id) values ('abebb448-bb61-52b9-ac6f-9358e2604416', '639da55b-232c-572d-838f-521b9b6e3469') on conflict do nothing;
insert into public.curriculum_lessons (id, library_id, sequence_index, source_lesson_code, title, objective) values ('c6697623-e125-52a1-b48e-9c232748ac5c', '64d57898-02a0-553d-8da5-740f9d08f2b1', 106, '6.15', '6.15: Vertex Form', 'Let’s find out about the vertex form.') on conflict (library_id, sequence_index) do update set source_lesson_code = excluded.source_lesson_code, title = excluded.title, objective = excluded.objective;
insert into public.curriculum_lesson_standards (lesson_id, standard_id) values ('c6697623-e125-52a1-b48e-9c232748ac5c', '444d2808-cd0e-5ecd-89da-9fcb58c9e9f8') on conflict do nothing;
insert into public.curriculum_lesson_standards (lesson_id, standard_id) values ('c6697623-e125-52a1-b48e-9c232748ac5c', '2cfdce83-4c79-56f6-8bb0-d3adbac4ca9f') on conflict do nothing;
insert into public.curriculum_lesson_standards (lesson_id, standard_id) values ('c6697623-e125-52a1-b48e-9c232748ac5c', '694cf6ef-214e-58cf-a9db-30fb47f11b88') on conflict do nothing;
insert into public.curriculum_lesson_standards (lesson_id, standard_id) values ('c6697623-e125-52a1-b48e-9c232748ac5c', '30abceb2-cb6d-55bf-a521-9f118ca70853') on conflict do nothing;
insert into public.curriculum_lessons (id, library_id, sequence_index, source_lesson_code, title, objective) values ('11ec8206-1491-5c6f-ad90-d0a0f678ec94', '93d549d5-f6a7-5859-b16f-3cbf33972974', 106, '7.07', '7.07: Circles in Triangles', 'Let’s construct the largest possible circle inside of a triangle.') on conflict (library_id, sequence_index) do update set source_lesson_code = excluded.source_lesson_code, title = excluded.title, objective = excluded.objective;
insert into public.curriculum_lesson_standards (lesson_id, standard_id) values ('11ec8206-1491-5c6f-ad90-d0a0f678ec94', '26645ddd-54e4-5396-a1e2-93d760f40bb1') on conflict do nothing;
insert into public.curriculum_lesson_standards (lesson_id, standard_id) values ('11ec8206-1491-5c6f-ad90-d0a0f678ec94', 'c261b7b3-2e90-59fd-bb40-444103884763') on conflict do nothing;
insert into public.curriculum_lessons (id, library_id, sequence_index, source_lesson_code, title, objective) values ('62c27e4d-a0a4-5eb2-a258-b120ba2a0784', 'bd790921-d355-59f7-bd5e-07d81adfac48', 106, '7.02', '7.02: Study Types', 'Let’s examine different kinds of studies.') on conflict (library_id, sequence_index) do update set source_lesson_code = excluded.source_lesson_code, title = excluded.title, objective = excluded.objective;
insert into public.curriculum_lesson_standards (lesson_id, standard_id) values ('62c27e4d-a0a4-5eb2-a258-b120ba2a0784', 'be0ec2db-d454-57c8-80a7-521c316650fb') on conflict do nothing;
insert into public.curriculum_lesson_standards (lesson_id, standard_id) values ('62c27e4d-a0a4-5eb2-a258-b120ba2a0784', '27c67686-4af5-58d3-9f0c-3c7206ca42e1') on conflict do nothing;
insert into public.curriculum_lesson_standards (lesson_id, standard_id) values ('62c27e4d-a0a4-5eb2-a258-b120ba2a0784', '639da55b-232c-572d-838f-521b9b6e3469') on conflict do nothing;
insert into public.curriculum_lessons (id, library_id, sequence_index, source_lesson_code, title, objective) values ('6af0286b-3807-5a4b-b0ef-450d902d0ff9', '64d57898-02a0-553d-8da5-740f9d08f2b1', 107, '6.16', '6.16: Graphing from the Vertex Form', 'Let’s graph equations in vertex form.') on conflict (library_id, sequence_index) do update set source_lesson_code = excluded.source_lesson_code, title = excluded.title, objective = excluded.objective;
insert into public.curriculum_lesson_standards (lesson_id, standard_id) values ('6af0286b-3807-5a4b-b0ef-450d902d0ff9', '2cfdce83-4c79-56f6-8bb0-d3adbac4ca9f') on conflict do nothing;
insert into public.curriculum_lesson_standards (lesson_id, standard_id) values ('6af0286b-3807-5a4b-b0ef-450d902d0ff9', '694cf6ef-214e-58cf-a9db-30fb47f11b88') on conflict do nothing;
insert into public.curriculum_lessons (id, library_id, sequence_index, source_lesson_code, title, objective) values ('2fd326cd-c30d-5537-90d3-e6128e5216ea', '93d549d5-f6a7-5859-b16f-3cbf33972974', 107, '7.08', '7.08: Arcs and Sectors', 'Let’s analyze portions of circles.') on conflict (library_id, sequence_index) do update set source_lesson_code = excluded.source_lesson_code, title = excluded.title, objective = excluded.objective;
insert into public.curriculum_lesson_standards (lesson_id, standard_id) values ('2fd326cd-c30d-5537-90d3-e6128e5216ea', 'dbd89e06-36d2-55c5-b5ff-1761adb8e1bb') on conflict do nothing;
insert into public.curriculum_lesson_standards (lesson_id, standard_id) values ('2fd326cd-c30d-5537-90d3-e6128e5216ea', '2bd0def9-aed6-5bbc-bd0e-2b39ec813ead') on conflict do nothing;
insert into public.curriculum_lesson_standards (lesson_id, standard_id) values ('2fd326cd-c30d-5537-90d3-e6128e5216ea', '847d47c0-e235-59c4-8323-30b1e893bfe2') on conflict do nothing;
insert into public.curriculum_lesson_standards (lesson_id, standard_id) values ('2fd326cd-c30d-5537-90d3-e6128e5216ea', 'be670cbf-525e-5111-a482-0cd7e46fe227') on conflict do nothing;
insert into public.curriculum_lessons (id, library_id, sequence_index, source_lesson_code, title, objective) values ('85718653-d4c1-54cb-b486-5c1b548fa33b', 'bd790921-d355-59f7-bd5e-07d81adfac48', 107, '7.03', '7.03: Randomness in Groups', 'Let’s explore why randomness is important in studies.') on conflict (library_id, sequence_index) do update set source_lesson_code = excluded.source_lesson_code, title = excluded.title, objective = excluded.objective;
insert into public.curriculum_lesson_standards (lesson_id, standard_id) values ('85718653-d4c1-54cb-b486-5c1b548fa33b', 'be0ec2db-d454-57c8-80a7-521c316650fb') on conflict do nothing;
insert into public.curriculum_lesson_standards (lesson_id, standard_id) values ('85718653-d4c1-54cb-b486-5c1b548fa33b', '27c67686-4af5-58d3-9f0c-3c7206ca42e1') on conflict do nothing;
insert into public.curriculum_lessons (id, library_id, sequence_index, source_lesson_code, title, objective) values ('ec781f7f-ac5d-55ab-bc61-aa2e5ed77fce', '64d57898-02a0-553d-8da5-740f9d08f2b1', 108, '6.17', '6.17: Changing the Vertex', 'Let’s write new quadratic equations in vertex form to produce certain graphs.') on conflict (library_id, sequence_index) do update set source_lesson_code = excluded.source_lesson_code, title = excluded.title, objective = excluded.objective;
insert into public.curriculum_lesson_standards (lesson_id, standard_id) values ('ec781f7f-ac5d-55ab-bc61-aa2e5ed77fce', '444d2808-cd0e-5ecd-89da-9fcb58c9e9f8') on conflict do nothing;
insert into public.curriculum_lesson_standards (lesson_id, standard_id) values ('ec781f7f-ac5d-55ab-bc61-aa2e5ed77fce', '2cfdce83-4c79-56f6-8bb0-d3adbac4ca9f') on conflict do nothing;
insert into public.curriculum_lesson_standards (lesson_id, standard_id) values ('ec781f7f-ac5d-55ab-bc61-aa2e5ed77fce', '694cf6ef-214e-58cf-a9db-30fb47f11b88') on conflict do nothing;
insert into public.curriculum_lessons (id, library_id, sequence_index, source_lesson_code, title, objective) values ('771bf200-988a-5fe1-aea7-727215a5f954', '93d549d5-f6a7-5859-b16f-3cbf33972974', 108, '7.09', '7.09: Part to Whole', 'Let’s see what we can figure out about a circle if we’re given information about a sector of the circle.') on conflict (library_id, sequence_index) do update set source_lesson_code = excluded.source_lesson_code, title = excluded.title, objective = excluded.objective;
insert into public.curriculum_lesson_standards (lesson_id, standard_id) values ('771bf200-988a-5fe1-aea7-727215a5f954', '2bd0def9-aed6-5bbc-bd0e-2b39ec813ead') on conflict do nothing;
insert into public.curriculum_lesson_standards (lesson_id, standard_id) values ('771bf200-988a-5fe1-aea7-727215a5f954', '847d47c0-e235-59c4-8323-30b1e893bfe2') on conflict do nothing;
insert into public.curriculum_lessons (id, library_id, sequence_index, source_lesson_code, title, objective) values ('53b615cd-fbd9-518f-971f-bd0438dcf6e0', 'bd790921-d355-59f7-bd5e-07d81adfac48', 108, '7.04', '7.04: Describing Distributions', 'Let’s remember what standard deviation means, and discuss distributions.') on conflict (library_id, sequence_index) do update set source_lesson_code = excluded.source_lesson_code, title = excluded.title, objective = excluded.objective;
insert into public.curriculum_lesson_standards (lesson_id, standard_id) values ('53b615cd-fbd9-518f-971f-bd0438dcf6e0', 'e0a6c451-efe8-557a-a91e-45636fbda265') on conflict do nothing;
insert into public.curriculum_lesson_standards (lesson_id, standard_id) values ('53b615cd-fbd9-518f-971f-bd0438dcf6e0', 'e07ec716-e0b1-516c-b141-975763676ccd') on conflict do nothing;
insert into public.curriculum_lessons (id, library_id, sequence_index, source_lesson_code, title, objective) values ('b5b98a69-6b6c-55b2-bfee-31754777b73f', '64d57898-02a0-553d-8da5-740f9d08f2b1', 109, '7.01', '7.01: Finding Unknown Inputs', 'Let’s find some new equations to solve.') on conflict (library_id, sequence_index) do update set source_lesson_code = excluded.source_lesson_code, title = excluded.title, objective = excluded.objective;
insert into public.curriculum_lesson_standards (lesson_id, standard_id) values ('b5b98a69-6b6c-55b2-bfee-31754777b73f', '6addac54-a167-58ed-a09d-dd3d3e36c69b') on conflict do nothing;
insert into public.curriculum_lesson_standards (lesson_id, standard_id) values ('b5b98a69-6b6c-55b2-bfee-31754777b73f', '3f5b2e0e-527b-5299-a7a4-6a9b514c610c') on conflict do nothing;
insert into public.curriculum_lessons (id, library_id, sequence_index, source_lesson_code, title, objective) values ('a943ffb4-2a8c-5a96-a734-6f6e052883ad', '93d549d5-f6a7-5859-b16f-3cbf33972974', 109, '7.10', '7.10: Angles, Arcs, and Radii', 'Let’s analyze relationships between arc lengths, radii, and central angles.') on conflict (library_id, sequence_index) do update set source_lesson_code = excluded.source_lesson_code, title = excluded.title, objective = excluded.objective;
insert into public.curriculum_lesson_standards (lesson_id, standard_id) values ('a943ffb4-2a8c-5a96-a734-6f6e052883ad', '847d47c0-e235-59c4-8323-30b1e893bfe2') on conflict do nothing;
insert into public.curriculum_lesson_standards (lesson_id, standard_id) values ('a943ffb4-2a8c-5a96-a734-6f6e052883ad', 'be670cbf-525e-5111-a482-0cd7e46fe227') on conflict do nothing;
insert into public.curriculum_lessons (id, library_id, sequence_index, source_lesson_code, title, objective) values ('7d73bac7-02d0-5973-a797-24bbc58cdbac', 'bd790921-d355-59f7-bd5e-07d81adfac48', 109, '7.05', '7.05: Normal Distributions', 'Let’s investigate a specific type of distribution called a normal distribution.') on conflict (library_id, sequence_index) do update set source_lesson_code = excluded.source_lesson_code, title = excluded.title, objective = excluded.objective;
insert into public.curriculum_lesson_standards (lesson_id, standard_id) values ('7d73bac7-02d0-5973-a797-24bbc58cdbac', 'e0a6c451-efe8-557a-a91e-45636fbda265') on conflict do nothing;
insert into public.curriculum_lesson_standards (lesson_id, standard_id) values ('7d73bac7-02d0-5973-a797-24bbc58cdbac', 'e07ec716-e0b1-516c-b141-975763676ccd') on conflict do nothing;
insert into public.curriculum_lesson_standards (lesson_id, standard_id) values ('7d73bac7-02d0-5973-a797-24bbc58cdbac', '82d9da7f-e5cf-5f59-bff6-73eee43c33d4') on conflict do nothing;
insert into public.curriculum_lessons (id, library_id, sequence_index, source_lesson_code, title, objective) values ('e3d14436-d0c8-566b-a11e-2dc330d516e5', '64d57898-02a0-553d-8da5-740f9d08f2b1', 110, '7.02', '7.02: When and Why Do We Write Quadratic Equations?', 'Let’s try to solve some quadratic equations.') on conflict (library_id, sequence_index) do update set source_lesson_code = excluded.source_lesson_code, title = excluded.title, objective = excluded.objective;
insert into public.curriculum_lesson_standards (lesson_id, standard_id) values ('e3d14436-d0c8-566b-a11e-2dc330d516e5', '6addac54-a167-58ed-a09d-dd3d3e36c69b') on conflict do nothing;
insert into public.curriculum_lesson_standards (lesson_id, standard_id) values ('e3d14436-d0c8-566b-a11e-2dc330d516e5', '24863cb1-94fd-522d-a8a6-0c62f6525c29') on conflict do nothing;
insert into public.curriculum_lessons (id, library_id, sequence_index, source_lesson_code, title, objective) values ('f4426d21-56d5-5b1b-893a-12c7479fc717', '93d549d5-f6a7-5859-b16f-3cbf33972974', 110, '7.11', '7.11: A New Way to Measure Angles', 'Let’s look at a new way to measure angles.') on conflict (library_id, sequence_index) do update set source_lesson_code = excluded.source_lesson_code, title = excluded.title, objective = excluded.objective;
insert into public.curriculum_lesson_standards (lesson_id, standard_id) values ('f4426d21-56d5-5b1b-893a-12c7479fc717', 'dbd89e06-36d2-55c5-b5ff-1761adb8e1bb') on conflict do nothing;
insert into public.curriculum_lesson_standards (lesson_id, standard_id) values ('f4426d21-56d5-5b1b-893a-12c7479fc717', '847d47c0-e235-59c4-8323-30b1e893bfe2') on conflict do nothing;
insert into public.curriculum_lessons (id, library_id, sequence_index, source_lesson_code, title, objective) values ('20c22c04-ba82-50dc-a7fe-694df1c97b9f', 'bd790921-d355-59f7-bd5e-07d81adfac48', 110, '7.06', '7.06: Area in Histograms', 'Let’s find proportions of data in certain intervals.') on conflict (library_id, sequence_index) do update set source_lesson_code = excluded.source_lesson_code, title = excluded.title, objective = excluded.objective;
insert into public.curriculum_lesson_standards (lesson_id, standard_id) values ('20c22c04-ba82-50dc-a7fe-694df1c97b9f', '7c58a550-fbad-5955-ba14-d0231db4e93b') on conflict do nothing;
insert into public.curriculum_lesson_standards (lesson_id, standard_id) values ('20c22c04-ba82-50dc-a7fe-694df1c97b9f', 'e0a6c451-efe8-557a-a91e-45636fbda265') on conflict do nothing;
insert into public.curriculum_lesson_standards (lesson_id, standard_id) values ('20c22c04-ba82-50dc-a7fe-694df1c97b9f', '82d9da7f-e5cf-5f59-bff6-73eee43c33d4') on conflict do nothing;
insert into public.curriculum_lessons (id, library_id, sequence_index, source_lesson_code, title, objective) values ('eaf45bf4-f26a-5ba2-b165-060e5f465ac1', '64d57898-02a0-553d-8da5-740f9d08f2b1', 111, '7.03', '7.03: Solving Quadratic Equations by Reasoning', 'Let’s find solutions to quadratic equations.') on conflict (library_id, sequence_index) do update set source_lesson_code = excluded.source_lesson_code, title = excluded.title, objective = excluded.objective;
insert into public.curriculum_lesson_standards (lesson_id, standard_id) values ('eaf45bf4-f26a-5ba2-b165-060e5f465ac1', 'd697ada1-4280-5815-a8cb-e522ee0f188b') on conflict do nothing;
insert into public.curriculum_lesson_standards (lesson_id, standard_id) values ('eaf45bf4-f26a-5ba2-b165-060e5f465ac1', 'ce105238-22be-5e37-bbe3-beb7c9453384') on conflict do nothing;
insert into public.curriculum_lessons (id, library_id, sequence_index, source_lesson_code, title, objective) values ('711aad8e-d532-58df-8768-21fbdf683266', '93d549d5-f6a7-5859-b16f-3cbf33972974', 111, '7.12', '7.12: Radian Sense', 'Let’s get a sense for the sizes of angles measured in radians.') on conflict (library_id, sequence_index) do update set source_lesson_code = excluded.source_lesson_code, title = excluded.title, objective = excluded.objective;
insert into public.curriculum_lesson_standards (lesson_id, standard_id) values ('711aad8e-d532-58df-8768-21fbdf683266', '847d47c0-e235-59c4-8323-30b1e893bfe2') on conflict do nothing;
insert into public.curriculum_lessons (id, library_id, sequence_index, source_lesson_code, title, objective) values ('78ba420e-1ea6-560c-b081-6d0aa3f82f7c', 'bd790921-d355-59f7-bd5e-07d81adfac48', 111, '7.07', '7.07: Areas Under a Normal Curve', 'Let’s use the normal distribution to estimate the proportion of data values falling within given intervals.') on conflict (library_id, sequence_index) do update set source_lesson_code = excluded.source_lesson_code, title = excluded.title, objective = excluded.objective;
insert into public.curriculum_lesson_standards (lesson_id, standard_id) values ('78ba420e-1ea6-560c-b081-6d0aa3f82f7c', '82d9da7f-e5cf-5f59-bff6-73eee43c33d4') on conflict do nothing;
insert into public.curriculum_lessons (id, library_id, sequence_index, source_lesson_code, title, objective) values ('da83932c-9356-5524-904c-2c57eeb87956', '64d57898-02a0-553d-8da5-740f9d08f2b1', 112, '7.04', '7.04: Solving Quadratic Equations with the Zero Product Property', 'Let’s find solutions to equations that contain products that equal zero.') on conflict (library_id, sequence_index) do update set source_lesson_code = excluded.source_lesson_code, title = excluded.title, objective = excluded.objective;
insert into public.curriculum_lesson_standards (lesson_id, standard_id) values ('da83932c-9356-5524-904c-2c57eeb87956', '6addac54-a167-58ed-a09d-dd3d3e36c69b') on conflict do nothing;
insert into public.curriculum_lesson_standards (lesson_id, standard_id) values ('da83932c-9356-5524-904c-2c57eeb87956', '24863cb1-94fd-522d-a8a6-0c62f6525c29') on conflict do nothing;
insert into public.curriculum_lesson_standards (lesson_id, standard_id) values ('da83932c-9356-5524-904c-2c57eeb87956', 'ce105238-22be-5e37-bbe3-beb7c9453384') on conflict do nothing;
insert into public.curriculum_lesson_standards (lesson_id, standard_id) values ('da83932c-9356-5524-904c-2c57eeb87956', 'ad5e4718-1372-50ed-8acf-80132cb48de4') on conflict do nothing;
insert into public.curriculum_lessons (id, library_id, sequence_index, source_lesson_code, title, objective) values ('14cebc87-b69b-527e-986d-a54e8310e1fc', '93d549d5-f6a7-5859-b16f-3cbf33972974', 112, '7.13', '7.13: Using Radians', 'Let’s see how radians can help us calculate sector areas and arc lengths.') on conflict (library_id, sequence_index) do update set source_lesson_code = excluded.source_lesson_code, title = excluded.title, objective = excluded.objective;
insert into public.curriculum_lesson_standards (lesson_id, standard_id) values ('14cebc87-b69b-527e-986d-a54e8310e1fc', '580c167e-beaa-5ddc-958d-8d39c7edd32f') on conflict do nothing;
insert into public.curriculum_lesson_standards (lesson_id, standard_id) values ('14cebc87-b69b-527e-986d-a54e8310e1fc', '46f95a08-75f9-577c-bce7-206a3a3e0fdd') on conflict do nothing;
insert into public.curriculum_lesson_standards (lesson_id, standard_id) values ('14cebc87-b69b-527e-986d-a54e8310e1fc', '847d47c0-e235-59c4-8323-30b1e893bfe2') on conflict do nothing;
insert into public.curriculum_lessons (id, library_id, sequence_index, source_lesson_code, title, objective) values ('2a4e1e60-ea26-5683-9783-df5e460ab609', 'bd790921-d355-59f7-bd5e-07d81adfac48', 112, '7.08', '7.08: Not Always Ideal', 'Let’s see how closely data matches expectations.') on conflict (library_id, sequence_index) do update set source_lesson_code = excluded.source_lesson_code, title = excluded.title, objective = excluded.objective;
insert into public.curriculum_lesson_standards (lesson_id, standard_id) values ('2a4e1e60-ea26-5683-9783-df5e460ab609', '04ba4e0d-28cc-51c2-9991-079c714d70c7') on conflict do nothing;
insert into public.curriculum_lessons (id, library_id, sequence_index, source_lesson_code, title, objective) values ('b21f7cd0-22c3-5d5c-b0a3-c90eca5c45c8', '64d57898-02a0-553d-8da5-740f9d08f2b1', 113, '7.05', '7.05: How Many Solutions?', 'Let’s use graphs to investigate quadratic equations that have two solutions, one solution, or no solutions.') on conflict (library_id, sequence_index) do update set source_lesson_code = excluded.source_lesson_code, title = excluded.title, objective = excluded.objective;
insert into public.curriculum_lesson_standards (lesson_id, standard_id) values ('b21f7cd0-22c3-5d5c-b0a3-c90eca5c45c8', 'd697ada1-4280-5815-a8cb-e522ee0f188b') on conflict do nothing;
insert into public.curriculum_lesson_standards (lesson_id, standard_id) values ('b21f7cd0-22c3-5d5c-b0a3-c90eca5c45c8', '24863cb1-94fd-522d-a8a6-0c62f6525c29') on conflict do nothing;
insert into public.curriculum_lesson_standards (lesson_id, standard_id) values ('b21f7cd0-22c3-5d5c-b0a3-c90eca5c45c8', 'ce105238-22be-5e37-bbe3-beb7c9453384') on conflict do nothing;
insert into public.curriculum_lesson_standards (lesson_id, standard_id) values ('b21f7cd0-22c3-5d5c-b0a3-c90eca5c45c8', '4409521f-7239-5106-9fbc-f0b4043d8b95') on conflict do nothing;
insert into public.curriculum_lesson_standards (lesson_id, standard_id) values ('b21f7cd0-22c3-5d5c-b0a3-c90eca5c45c8', 'f5aea4e2-4414-56c3-85a2-fd07de6be86c') on conflict do nothing;
insert into public.curriculum_lessons (id, library_id, sequence_index, source_lesson_code, title, objective) values ('1b741c69-32b4-56c2-a5f1-a250d5e2f8d6', '93d549d5-f6a7-5859-b16f-3cbf33972974', 113, '7.14', '7.14: Putting It All Together', 'Let’s use geometry to solve problems.') on conflict (library_id, sequence_index) do update set source_lesson_code = excluded.source_lesson_code, title = excluded.title, objective = excluded.objective;
insert into public.curriculum_lesson_standards (lesson_id, standard_id) values ('1b741c69-32b4-56c2-a5f1-a250d5e2f8d6', '46eb9d40-c906-59a8-aef2-22b1c290395a') on conflict do nothing;
insert into public.curriculum_lesson_standards (lesson_id, standard_id) values ('1b741c69-32b4-56c2-a5f1-a250d5e2f8d6', '26645ddd-54e4-5396-a1e2-93d760f40bb1') on conflict do nothing;
insert into public.curriculum_lesson_standards (lesson_id, standard_id) values ('1b741c69-32b4-56c2-a5f1-a250d5e2f8d6', '2bd0def9-aed6-5bbc-bd0e-2b39ec813ead') on conflict do nothing;
insert into public.curriculum_lesson_standards (lesson_id, standard_id) values ('1b741c69-32b4-56c2-a5f1-a250d5e2f8d6', '6dac2afd-7729-5fea-aa1f-5403fe738a35') on conflict do nothing;
insert into public.curriculum_lesson_standards (lesson_id, standard_id) values ('1b741c69-32b4-56c2-a5f1-a250d5e2f8d6', '51ab23e0-0dff-519c-9e5f-7a55f0aa354c') on conflict do nothing;
insert into public.curriculum_lessons (id, library_id, sequence_index, source_lesson_code, title, objective) values ('bfc2ee67-5703-59cd-8ff4-308ecb5569a7', 'bd790921-d355-59f7-bd5e-07d81adfac48', 113, '7.09', '7.09: Variability in Samples', 'Let’s explore how samples can be different.') on conflict (library_id, sequence_index) do update set source_lesson_code = excluded.source_lesson_code, title = excluded.title, objective = excluded.objective;
insert into public.curriculum_lesson_standards (lesson_id, standard_id) values ('bfc2ee67-5703-59cd-8ff4-308ecb5569a7', '0830820e-87de-564f-ac81-b048e336b97d') on conflict do nothing;
insert into public.curriculum_lessons (id, library_id, sequence_index, source_lesson_code, title, objective) values ('5c1efd9e-6249-5f0d-9d39-9a99abb04ecf', '64d57898-02a0-553d-8da5-740f9d08f2b1', 114, '7.06', '7.06: Rewriting Quadratic Expressions in Factored Form', 'Let’s write expressions in factored form.') on conflict (library_id, sequence_index) do update set source_lesson_code = excluded.source_lesson_code, title = excluded.title, objective = excluded.objective;
insert into public.curriculum_lesson_standards (lesson_id, standard_id) values ('5c1efd9e-6249-5f0d-9d39-9a99abb04ecf', 'ce105238-22be-5e37-bbe3-beb7c9453384') on conflict do nothing;
insert into public.curriculum_lesson_standards (lesson_id, standard_id) values ('5c1efd9e-6249-5f0d-9d39-9a99abb04ecf', '23a11633-3171-5f6e-9f5a-35e5793fde71') on conflict do nothing;
insert into public.curriculum_lesson_standards (lesson_id, standard_id) values ('5c1efd9e-6249-5f0d-9d39-9a99abb04ecf', '014ae85d-0221-52f5-b6e9-f38167711cb3') on conflict do nothing;
insert into public.curriculum_lessons (id, library_id, sequence_index, source_lesson_code, title, objective) values ('c406ff07-8461-5226-b602-19a5482f1638', '93d549d5-f6a7-5859-b16f-3cbf33972974', 114, '8.01', '8.01: Up to Chance', 'Let’s explore chance.') on conflict (library_id, sequence_index) do update set source_lesson_code = excluded.source_lesson_code, title = excluded.title, objective = excluded.objective;
insert into public.curriculum_lesson_standards (lesson_id, standard_id) values ('c406ff07-8461-5226-b602-19a5482f1638', '54d9e7c4-1927-58af-a452-144dba81d49f') on conflict do nothing;
insert into public.curriculum_lessons (id, library_id, sequence_index, source_lesson_code, title, objective) values ('cce10cae-a0fc-52ae-a33e-9d427303cea8', 'bd790921-d355-59f7-bd5e-07d81adfac48', 114, '7.10', '7.10: Estimating Proportions from Samples', 'Let’s estimate population proportions with some data.') on conflict (library_id, sequence_index) do update set source_lesson_code = excluded.source_lesson_code, title = excluded.title, objective = excluded.objective;
insert into public.curriculum_lesson_standards (lesson_id, standard_id) values ('cce10cae-a0fc-52ae-a33e-9d427303cea8', '0830820e-87de-564f-ac81-b048e336b97d') on conflict do nothing;
insert into public.curriculum_lesson_standards (lesson_id, standard_id) values ('cce10cae-a0fc-52ae-a33e-9d427303cea8', '639da55b-232c-572d-838f-521b9b6e3469') on conflict do nothing;
insert into public.curriculum_lessons (id, library_id, sequence_index, source_lesson_code, title, objective) values ('159b43f5-dfa7-534b-9384-537858fe0973', '64d57898-02a0-553d-8da5-740f9d08f2b1', 115, '7.07', '7.07: Rewriting Quadratic Expressions in Factored Form (Part 2)', 'Let’s write some more expressions in factored form.') on conflict (library_id, sequence_index) do update set source_lesson_code = excluded.source_lesson_code, title = excluded.title, objective = excluded.objective;
insert into public.curriculum_lesson_standards (lesson_id, standard_id) values ('159b43f5-dfa7-534b-9384-537858fe0973', 'ce105238-22be-5e37-bbe3-beb7c9453384') on conflict do nothing;
insert into public.curriculum_lesson_standards (lesson_id, standard_id) values ('159b43f5-dfa7-534b-9384-537858fe0973', '23a11633-3171-5f6e-9f5a-35e5793fde71') on conflict do nothing;
insert into public.curriculum_lesson_standards (lesson_id, standard_id) values ('159b43f5-dfa7-534b-9384-537858fe0973', '014ae85d-0221-52f5-b6e9-f38167711cb3') on conflict do nothing;
insert into public.curriculum_lessons (id, library_id, sequence_index, source_lesson_code, title, objective) values ('574f679b-d1a6-5de7-8eb1-324688accb78', '93d549d5-f6a7-5859-b16f-3cbf33972974', 115, '8.02', '8.02: Playing with Probability', 'Let’s explore probability') on conflict (library_id, sequence_index) do update set source_lesson_code = excluded.source_lesson_code, title = excluded.title, objective = excluded.objective;
insert into public.curriculum_lesson_standards (lesson_id, standard_id) values ('574f679b-d1a6-5de7-8eb1-324688accb78', '54d9e7c4-1927-58af-a452-144dba81d49f') on conflict do nothing;
insert into public.curriculum_lessons (id, library_id, sequence_index, source_lesson_code, title, objective) values ('e198c3d1-e503-5b39-81fc-17dcbf5738f2', 'bd790921-d355-59f7-bd5e-07d81adfac48', 115, '7.11', '7.11: Reducing Margin of Error', 'Let’s estimate population proportions and explore margin of error.') on conflict (library_id, sequence_index) do update set source_lesson_code = excluded.source_lesson_code, title = excluded.title, objective = excluded.objective;
insert into public.curriculum_lesson_standards (lesson_id, standard_id) values ('e198c3d1-e503-5b39-81fc-17dcbf5738f2', '0830820e-87de-564f-ac81-b048e336b97d') on conflict do nothing;
insert into public.curriculum_lessons (id, library_id, sequence_index, source_lesson_code, title, objective) values ('c5cccc5d-e5f9-5a6b-ae45-80c1f10b54ac', '64d57898-02a0-553d-8da5-740f9d08f2b1', 116, '7.08', '7.08: Rewriting Quadratic Expressions in Factored Form (Part 3)', 'Let’s look closely at some special kinds of factors.') on conflict (library_id, sequence_index) do update set source_lesson_code = excluded.source_lesson_code, title = excluded.title, objective = excluded.objective;
insert into public.curriculum_lesson_standards (lesson_id, standard_id) values ('c5cccc5d-e5f9-5a6b-ae45-80c1f10b54ac', 'ce105238-22be-5e37-bbe3-beb7c9453384') on conflict do nothing;
insert into public.curriculum_lesson_standards (lesson_id, standard_id) values ('c5cccc5d-e5f9-5a6b-ae45-80c1f10b54ac', '23a11633-3171-5f6e-9f5a-35e5793fde71') on conflict do nothing;
insert into public.curriculum_lesson_standards (lesson_id, standard_id) values ('c5cccc5d-e5f9-5a6b-ae45-80c1f10b54ac', '014ae85d-0221-52f5-b6e9-f38167711cb3') on conflict do nothing;
insert into public.curriculum_lessons (id, library_id, sequence_index, source_lesson_code, title, objective) values ('e4252068-b11c-5950-9604-e3e6de6f87e6', '93d549d5-f6a7-5859-b16f-3cbf33972974', 116, '8.03', '8.03: Sample Spaces', 'Let’s look closer at sample spaces.') on conflict (library_id, sequence_index) do update set source_lesson_code = excluded.source_lesson_code, title = excluded.title, objective = excluded.objective;
insert into public.curriculum_lesson_standards (lesson_id, standard_id) values ('e4252068-b11c-5950-9604-e3e6de6f87e6', '54d9e7c4-1927-58af-a452-144dba81d49f') on conflict do nothing;
insert into public.curriculum_lesson_standards (lesson_id, standard_id) values ('e4252068-b11c-5950-9604-e3e6de6f87e6', 'f8cbe9f8-8f83-575e-8210-f0c87efa151a') on conflict do nothing;
insert into public.curriculum_lessons (id, library_id, sequence_index, source_lesson_code, title, objective) values ('5316f515-d426-57a4-aeaf-bb991783a744', 'bd790921-d355-59f7-bd5e-07d81adfac48', 116, '7.12', '7.12: Estimating a Population Mean', 'Let’s estimate population means using sample data.') on conflict (library_id, sequence_index) do update set source_lesson_code = excluded.source_lesson_code, title = excluded.title, objective = excluded.objective;
insert into public.curriculum_lesson_standards (lesson_id, standard_id) values ('5316f515-d426-57a4-aeaf-bb991783a744', '0830820e-87de-564f-ac81-b048e336b97d') on conflict do nothing;
insert into public.curriculum_lessons (id, library_id, sequence_index, source_lesson_code, title, objective) values ('872e555e-5f36-5b6c-86cf-ef246989ce53', '64d57898-02a0-553d-8da5-740f9d08f2b1', 117, '7.09', '7.09: Solving Quadratic Equations by Using Factored Form', 'Let’s solve some quadratic equations that before now we could only solve by graphing.') on conflict (library_id, sequence_index) do update set source_lesson_code = excluded.source_lesson_code, title = excluded.title, objective = excluded.objective;
insert into public.curriculum_lesson_standards (lesson_id, standard_id) values ('872e555e-5f36-5b6c-86cf-ef246989ce53', '24863cb1-94fd-522d-a8a6-0c62f6525c29') on conflict do nothing;
insert into public.curriculum_lesson_standards (lesson_id, standard_id) values ('872e555e-5f36-5b6c-86cf-ef246989ce53', 'ce105238-22be-5e37-bbe3-beb7c9453384') on conflict do nothing;
insert into public.curriculum_lesson_standards (lesson_id, standard_id) values ('872e555e-5f36-5b6c-86cf-ef246989ce53', '014ae85d-0221-52f5-b6e9-f38167711cb3') on conflict do nothing;
insert into public.curriculum_lessons (id, library_id, sequence_index, source_lesson_code, title, objective) values ('698fd61a-173e-505f-a87a-5cb72bd4bd39', '93d549d5-f6a7-5859-b16f-3cbf33972974', 117, '8.04', '8.04: Tables of Relative Frequencies', 'Let’s use tables to organize probabilities.') on conflict (library_id, sequence_index) do update set source_lesson_code = excluded.source_lesson_code, title = excluded.title, objective = excluded.objective;
insert into public.curriculum_lesson_standards (lesson_id, standard_id) values ('698fd61a-173e-505f-a87a-5cb72bd4bd39', 'ebd14688-cea6-56ee-9a98-ea0356884cba') on conflict do nothing;
insert into public.curriculum_lesson_standards (lesson_id, standard_id) values ('698fd61a-173e-505f-a87a-5cb72bd4bd39', '71232dba-b380-5d99-b944-b1cd1804e87a') on conflict do nothing;
insert into public.curriculum_lessons (id, library_id, sequence_index, source_lesson_code, title, objective) values ('98aa0799-3d9e-5e10-882b-33c596a11c67', 'bd790921-d355-59f7-bd5e-07d81adfac48', 117, '7.13', '7.13: Expirimenting', 'Let’s do an experiment.') on conflict (library_id, sequence_index) do update set source_lesson_code = excluded.source_lesson_code, title = excluded.title, objective = excluded.objective;
insert into public.curriculum_lesson_standards (lesson_id, standard_id) values ('98aa0799-3d9e-5e10-882b-33c596a11c67', '27c67686-4af5-58d3-9f0c-3c7206ca42e1') on conflict do nothing;
insert into public.curriculum_lesson_standards (lesson_id, standard_id) values ('98aa0799-3d9e-5e10-882b-33c596a11c67', '701d6d06-aa67-5737-8dcc-16e0ca782415') on conflict do nothing;
insert into public.curriculum_lesson_standards (lesson_id, standard_id) values ('98aa0799-3d9e-5e10-882b-33c596a11c67', '639da55b-232c-572d-838f-521b9b6e3469') on conflict do nothing;
insert into public.curriculum_lessons (id, library_id, sequence_index, source_lesson_code, title, objective) values ('dd94efc1-c035-5d02-855e-7ab60e2dc45b', '64d57898-02a0-553d-8da5-740f9d08f2b1', 118, '7.10', '7.10: Rewriting Quadratic Expressions in Factored Form (Part 4)', 'Let’s transform more-complicated quadratic expressions into the factored form.') on conflict (library_id, sequence_index) do update set source_lesson_code = excluded.source_lesson_code, title = excluded.title, objective = excluded.objective;
insert into public.curriculum_lesson_standards (lesson_id, standard_id) values ('dd94efc1-c035-5d02-855e-7ab60e2dc45b', 'ce105238-22be-5e37-bbe3-beb7c9453384') on conflict do nothing;
insert into public.curriculum_lesson_standards (lesson_id, standard_id) values ('dd94efc1-c035-5d02-855e-7ab60e2dc45b', '4409521f-7239-5106-9fbc-f0b4043d8b95') on conflict do nothing;
insert into public.curriculum_lesson_standards (lesson_id, standard_id) values ('dd94efc1-c035-5d02-855e-7ab60e2dc45b', '3e509005-3f25-5af2-991e-2eddd46350b1') on conflict do nothing;
insert into public.curriculum_lesson_standards (lesson_id, standard_id) values ('dd94efc1-c035-5d02-855e-7ab60e2dc45b', '23a11633-3171-5f6e-9f5a-35e5793fde71') on conflict do nothing;
insert into public.curriculum_lesson_standards (lesson_id, standard_id) values ('dd94efc1-c035-5d02-855e-7ab60e2dc45b', '014ae85d-0221-52f5-b6e9-f38167711cb3') on conflict do nothing;
insert into public.curriculum_lesson_standards (lesson_id, standard_id) values ('dd94efc1-c035-5d02-855e-7ab60e2dc45b', 'a337895a-3a09-57c4-a135-672808d0cd90') on conflict do nothing;
insert into public.curriculum_lessons (id, library_id, sequence_index, source_lesson_code, title, objective) values ('3f628c82-3250-53a8-b34d-1d6310c422bb', '93d549d5-f6a7-5859-b16f-3cbf33972974', 118, '8.05', '8.05: Combining Events', 'Let’s look at ways to describe events composed of other events.') on conflict (library_id, sequence_index) do update set source_lesson_code = excluded.source_lesson_code, title = excluded.title, objective = excluded.objective;
insert into public.curriculum_lesson_standards (lesson_id, standard_id) values ('3f628c82-3250-53a8-b34d-1d6310c422bb', '54d9e7c4-1927-58af-a452-144dba81d49f') on conflict do nothing;
insert into public.curriculum_lesson_standards (lesson_id, standard_id) values ('3f628c82-3250-53a8-b34d-1d6310c422bb', 'f8cbe9f8-8f83-575e-8210-f0c87efa151a') on conflict do nothing;
insert into public.curriculum_lessons (id, library_id, sequence_index, source_lesson_code, title, objective) values ('97aaa6da-b6da-5c1f-b351-66caa9469741', 'bd790921-d355-59f7-bd5e-07d81adfac48', 118, '7.14', '7.14: Using Normal Distributions for Experiment Analysis', 'Let''s determine when the results from an experiment are significant.') on conflict (library_id, sequence_index) do update set source_lesson_code = excluded.source_lesson_code, title = excluded.title, objective = excluded.objective;
insert into public.curriculum_lesson_standards (lesson_id, standard_id) values ('97aaa6da-b6da-5c1f-b351-66caa9469741', '701d6d06-aa67-5737-8dcc-16e0ca782415') on conflict do nothing;
insert into public.curriculum_lesson_standards (lesson_id, standard_id) values ('97aaa6da-b6da-5c1f-b351-66caa9469741', '82d9da7f-e5cf-5f59-bff6-73eee43c33d4') on conflict do nothing;
insert into public.curriculum_lessons (id, library_id, sequence_index, source_lesson_code, title, objective) values ('94052e9e-d944-5425-9b56-70e172665115', '64d57898-02a0-553d-8da5-740f9d08f2b1', 119, '7.11', '7.11: What are Perfect Squares?', 'Let’s see how perfect squares make some equations easier to solve.') on conflict (library_id, sequence_index) do update set source_lesson_code = excluded.source_lesson_code, title = excluded.title, objective = excluded.objective;
insert into public.curriculum_lesson_standards (lesson_id, standard_id) values ('94052e9e-d944-5425-9b56-70e172665115', 'd7354a51-95af-5986-89b7-be89e96e634f') on conflict do nothing;
insert into public.curriculum_lesson_standards (lesson_id, standard_id) values ('94052e9e-d944-5425-9b56-70e172665115', 'ce105238-22be-5e37-bbe3-beb7c9453384') on conflict do nothing;
insert into public.curriculum_lesson_standards (lesson_id, standard_id) values ('94052e9e-d944-5425-9b56-70e172665115', '23a11633-3171-5f6e-9f5a-35e5793fde71') on conflict do nothing;
insert into public.curriculum_lessons (id, library_id, sequence_index, source_lesson_code, title, objective) values ('23e18b5e-0aa1-5d27-a345-d89797485347', '93d549d5-f6a7-5859-b16f-3cbf33972974', 119, '8.06', '8.06: The Additioin Rule', 'Let’s learn about and use the addition rule.') on conflict (library_id, sequence_index) do update set source_lesson_code = excluded.source_lesson_code, title = excluded.title, objective = excluded.objective;
insert into public.curriculum_lesson_standards (lesson_id, standard_id) values ('23e18b5e-0aa1-5d27-a345-d89797485347', 'bcf4c42d-90a7-5701-a43f-f2740caf6f43') on conflict do nothing;
insert into public.curriculum_lessons (id, library_id, sequence_index, source_lesson_code, title, objective) values ('3b0e0166-71ed-55b6-8435-2062ebbb2e07', 'bd790921-d355-59f7-bd5e-07d81adfac48', 119, '7.15', '7.15: Questioning Experimenting', 'Let''s ask the right questions to analyze data from an experiment.') on conflict (library_id, sequence_index) do update set source_lesson_code = excluded.source_lesson_code, title = excluded.title, objective = excluded.objective;
insert into public.curriculum_lesson_standards (lesson_id, standard_id) values ('3b0e0166-71ed-55b6-8435-2062ebbb2e07', '701d6d06-aa67-5737-8dcc-16e0ca782415') on conflict do nothing;
insert into public.curriculum_lesson_standards (lesson_id, standard_id) values ('3b0e0166-71ed-55b6-8435-2062ebbb2e07', '82d9da7f-e5cf-5f59-bff6-73eee43c33d4') on conflict do nothing;
insert into public.curriculum_lessons (id, library_id, sequence_index, source_lesson_code, title, objective) values ('f4b43295-fa06-5556-9a3e-90f4da3765f4', '64d57898-02a0-553d-8da5-740f9d08f2b1', 120, '7.12', '7.12: Completing the Square (Part 1)', 'Let’s learn a new method for solving quadratic equations.') on conflict (library_id, sequence_index) do update set source_lesson_code = excluded.source_lesson_code, title = excluded.title, objective = excluded.objective;
insert into public.curriculum_lesson_standards (lesson_id, standard_id) values ('f4b43295-fa06-5556-9a3e-90f4da3765f4', 'd7354a51-95af-5986-89b7-be89e96e634f') on conflict do nothing;
insert into public.curriculum_lesson_standards (lesson_id, standard_id) values ('f4b43295-fa06-5556-9a3e-90f4da3765f4', 'ce105238-22be-5e37-bbe3-beb7c9453384') on conflict do nothing;
insert into public.curriculum_lesson_standards (lesson_id, standard_id) values ('f4b43295-fa06-5556-9a3e-90f4da3765f4', '3e509005-3f25-5af2-991e-2eddd46350b1') on conflict do nothing;
insert into public.curriculum_lesson_standards (lesson_id, standard_id) values ('f4b43295-fa06-5556-9a3e-90f4da3765f4', '23a11633-3171-5f6e-9f5a-35e5793fde71') on conflict do nothing;
insert into public.curriculum_lessons (id, library_id, sequence_index, source_lesson_code, title, objective) values ('efb86c05-ade9-50ca-986a-349550cf27b5', '93d549d5-f6a7-5859-b16f-3cbf33972974', 120, '8.07', '8.07: Related Events', 'Let’s see how events are related.') on conflict (library_id, sequence_index) do update set source_lesson_code = excluded.source_lesson_code, title = excluded.title, objective = excluded.objective;
insert into public.curriculum_lesson_standards (lesson_id, standard_id) values ('efb86c05-ade9-50ca-986a-349550cf27b5', 'f8cbe9f8-8f83-575e-8210-f0c87efa151a') on conflict do nothing;
insert into public.curriculum_lesson_standards (lesson_id, standard_id) values ('efb86c05-ade9-50ca-986a-349550cf27b5', 'ebd14688-cea6-56ee-9a98-ea0356884cba') on conflict do nothing;
insert into public.curriculum_lesson_standards (lesson_id, standard_id) values ('efb86c05-ade9-50ca-986a-349550cf27b5', '0cb9ea0e-9524-583c-8491-cc0467bb6621') on conflict do nothing;
insert into public.curriculum_lessons (id, library_id, sequence_index, source_lesson_code, title, objective) values ('0c88483a-d73a-5640-b0af-076c6f76ff23', 'bd790921-d355-59f7-bd5e-07d81adfac48', 120, '7.16', '7.16: Heart Rates', 'Let’s collect and analyze data.') on conflict (library_id, sequence_index) do update set source_lesson_code = excluded.source_lesson_code, title = excluded.title, objective = excluded.objective;
insert into public.curriculum_lesson_standards (lesson_id, standard_id) values ('0c88483a-d73a-5640-b0af-076c6f76ff23', '701d6d06-aa67-5737-8dcc-16e0ca782415') on conflict do nothing;
insert into public.curriculum_lessons (id, library_id, sequence_index, source_lesson_code, title, objective) values ('42bc51c0-a2f6-5e6f-bd06-455970d6a1d6', '64d57898-02a0-553d-8da5-740f9d08f2b1', 121, '7.13', '7.13: Completing the Square (Part 2)', 'Let’s solve some harder quadratic equations.') on conflict (library_id, sequence_index) do update set source_lesson_code = excluded.source_lesson_code, title = excluded.title, objective = excluded.objective;
insert into public.curriculum_lesson_standards (lesson_id, standard_id) values ('42bc51c0-a2f6-5e6f-bd06-455970d6a1d6', 'e7afbadc-98a4-562b-ae47-1e96c2084ad2') on conflict do nothing;
insert into public.curriculum_lesson_standards (lesson_id, standard_id) values ('42bc51c0-a2f6-5e6f-bd06-455970d6a1d6', 'ce105238-22be-5e37-bbe3-beb7c9453384') on conflict do nothing;
insert into public.curriculum_lessons (id, library_id, sequence_index, source_lesson_code, title, objective) values ('95a8d715-6919-5be4-b6b2-48e81f137d35', '93d549d5-f6a7-5859-b16f-3cbf33972974', 121, '8.08', '8.08: Conditional Probability', 'Let’s examine conditional probability.') on conflict (library_id, sequence_index) do update set source_lesson_code = excluded.source_lesson_code, title = excluded.title, objective = excluded.objective;
insert into public.curriculum_lesson_standards (lesson_id, standard_id) values ('95a8d715-6919-5be4-b6b2-48e81f137d35', '22351271-9563-5904-9d73-bae5f8c484f9') on conflict do nothing;
insert into public.curriculum_lesson_standards (lesson_id, standard_id) values ('95a8d715-6919-5be4-b6b2-48e81f137d35', '93155b8f-6e11-533c-9c78-9745f4831cae') on conflict do nothing;
insert into public.curriculum_lessons (id, library_id, sequence_index, source_lesson_code, title, objective) values ('22235a34-7238-5b6b-8a09-4831cff7ea15', '64d57898-02a0-553d-8da5-740f9d08f2b1', 122, '7.14', '7.14: Completing the Square (Part 3)', 'Let’s complete the square for some more complicated expressions.') on conflict (library_id, sequence_index) do update set source_lesson_code = excluded.source_lesson_code, title = excluded.title, objective = excluded.objective;
insert into public.curriculum_lesson_standards (lesson_id, standard_id) values ('22235a34-7238-5b6b-8a09-4831cff7ea15', 'd7354a51-95af-5986-89b7-be89e96e634f') on conflict do nothing;
insert into public.curriculum_lesson_standards (lesson_id, standard_id) values ('22235a34-7238-5b6b-8a09-4831cff7ea15', 'ce105238-22be-5e37-bbe3-beb7c9453384') on conflict do nothing;
insert into public.curriculum_lesson_standards (lesson_id, standard_id) values ('22235a34-7238-5b6b-8a09-4831cff7ea15', '23a11633-3171-5f6e-9f5a-35e5793fde71') on conflict do nothing;
insert into public.curriculum_lessons (id, library_id, sequence_index, source_lesson_code, title, objective) values ('f4ecd04c-9854-5538-bc75-7e80684bb22d', '93d549d5-f6a7-5859-b16f-3cbf33972974', 122, '8.09', '8.09: Using Tables for Conditional Probability', 'Let’s use tables to estimate conditional probabilities.') on conflict (library_id, sequence_index) do update set source_lesson_code = excluded.source_lesson_code, title = excluded.title, objective = excluded.objective;
insert into public.curriculum_lesson_standards (lesson_id, standard_id) values ('f4ecd04c-9854-5538-bc75-7e80684bb22d', 'ebd14688-cea6-56ee-9a98-ea0356884cba') on conflict do nothing;
insert into public.curriculum_lessons (id, library_id, sequence_index, source_lesson_code, title, objective) values ('73fce5bf-f80f-579c-b510-9db5f630e399', '64d57898-02a0-553d-8da5-740f9d08f2b1', 123, '7.15', '7.15: Quadratic Equations with Irrational Solutions', 'Let’s find exact solutions to quadratic equations even if the solutions are irrational.') on conflict (library_id, sequence_index) do update set source_lesson_code = excluded.source_lesson_code, title = excluded.title, objective = excluded.objective;
insert into public.curriculum_lesson_standards (lesson_id, standard_id) values ('73fce5bf-f80f-579c-b510-9db5f630e399', 'd7354a51-95af-5986-89b7-be89e96e634f') on conflict do nothing;
insert into public.curriculum_lesson_standards (lesson_id, standard_id) values ('73fce5bf-f80f-579c-b510-9db5f630e399', 'ce105238-22be-5e37-bbe3-beb7c9453384') on conflict do nothing;
insert into public.curriculum_lesson_standards (lesson_id, standard_id) values ('73fce5bf-f80f-579c-b510-9db5f630e399', '4409521f-7239-5106-9fbc-f0b4043d8b95') on conflict do nothing;
insert into public.curriculum_lesson_standards (lesson_id, standard_id) values ('73fce5bf-f80f-579c-b510-9db5f630e399', '3c99f3a7-c1dd-51d8-b508-d3f614890371') on conflict do nothing;
insert into public.curriculum_lessons (id, library_id, sequence_index, source_lesson_code, title, objective) values ('22d778a0-07cf-50a2-8619-c3aeec71421f', '93d549d5-f6a7-5859-b16f-3cbf33972974', 123, '8.10', '8.10: Using Probability to Determine Whether Events Are Independent', 'Let’s take a closer look at dependent and independent events.') on conflict (library_id, sequence_index) do update set source_lesson_code = excluded.source_lesson_code, title = excluded.title, objective = excluded.objective;
insert into public.curriculum_lesson_standards (lesson_id, standard_id) values ('22d778a0-07cf-50a2-8619-c3aeec71421f', 'f8cbe9f8-8f83-575e-8210-f0c87efa151a') on conflict do nothing;
insert into public.curriculum_lesson_standards (lesson_id, standard_id) values ('22d778a0-07cf-50a2-8619-c3aeec71421f', '22351271-9563-5904-9d73-bae5f8c484f9') on conflict do nothing;
insert into public.curriculum_lesson_standards (lesson_id, standard_id) values ('22d778a0-07cf-50a2-8619-c3aeec71421f', 'ebd14688-cea6-56ee-9a98-ea0356884cba') on conflict do nothing;
insert into public.curriculum_lesson_standards (lesson_id, standard_id) values ('22d778a0-07cf-50a2-8619-c3aeec71421f', '0cb9ea0e-9524-583c-8491-cc0467bb6621') on conflict do nothing;
insert into public.curriculum_lessons (id, library_id, sequence_index, source_lesson_code, title, objective) values ('a987ed2a-a574-50eb-806a-96e70a799a0b', '64d57898-02a0-553d-8da5-740f9d08f2b1', 124, '7.16', '7.16: The Quadratic Formula', 'Let’s learn a formula for finding solutions to quadratic equations.') on conflict (library_id, sequence_index) do update set source_lesson_code = excluded.source_lesson_code, title = excluded.title, objective = excluded.objective;
insert into public.curriculum_lesson_standards (lesson_id, standard_id) values ('a987ed2a-a574-50eb-806a-96e70a799a0b', 'ce105238-22be-5e37-bbe3-beb7c9453384') on conflict do nothing;
insert into public.curriculum_lesson_standards (lesson_id, standard_id) values ('a987ed2a-a574-50eb-806a-96e70a799a0b', '3e509005-3f25-5af2-991e-2eddd46350b1') on conflict do nothing;
insert into public.curriculum_lessons (id, library_id, sequence_index, source_lesson_code, title, objective) values ('e9677b32-4169-5e0e-ad3d-16e0d4430cca', '93d549d5-f6a7-5859-b16f-3cbf33972974', 124, '8.11', '8.11: Probabilities in Games', 'Let’s use probability with games.') on conflict (library_id, sequence_index) do update set source_lesson_code = excluded.source_lesson_code, title = excluded.title, objective = excluded.objective;
insert into public.curriculum_lesson_standards (lesson_id, standard_id) values ('e9677b32-4169-5e0e-ad3d-16e0d4430cca', 'f8cbe9f8-8f83-575e-8210-f0c87efa151a') on conflict do nothing;
insert into public.curriculum_lesson_standards (lesson_id, standard_id) values ('e9677b32-4169-5e0e-ad3d-16e0d4430cca', '22351271-9563-5904-9d73-bae5f8c484f9') on conflict do nothing;
insert into public.curriculum_lesson_standards (lesson_id, standard_id) values ('e9677b32-4169-5e0e-ad3d-16e0d4430cca', '0cb9ea0e-9524-583c-8491-cc0467bb6621') on conflict do nothing;
insert into public.curriculum_lesson_standards (lesson_id, standard_id) values ('e9677b32-4169-5e0e-ad3d-16e0d4430cca', '93155b8f-6e11-533c-9c78-9745f4831cae') on conflict do nothing;
insert into public.curriculum_lessons (id, library_id, sequence_index, source_lesson_code, title, objective) values ('8d22902a-cac4-56f5-9b11-11d96d705bef', '64d57898-02a0-553d-8da5-740f9d08f2b1', 125, '7.17', '7.17: Applying the Quadratic Formula (Part 1)', 'Let’s use the quadratic formula to solve some problems.') on conflict (library_id, sequence_index) do update set source_lesson_code = excluded.source_lesson_code, title = excluded.title, objective = excluded.objective;
insert into public.curriculum_lesson_standards (lesson_id, standard_id) values ('8d22902a-cac4-56f5-9b11-11d96d705bef', '6addac54-a167-58ed-a09d-dd3d3e36c69b') on conflict do nothing;
insert into public.curriculum_lesson_standards (lesson_id, standard_id) values ('8d22902a-cac4-56f5-9b11-11d96d705bef', 'e7afbadc-98a4-562b-ae47-1e96c2084ad2') on conflict do nothing;
insert into public.curriculum_lesson_standards (lesson_id, standard_id) values ('8d22902a-cac4-56f5-9b11-11d96d705bef', '24863cb1-94fd-522d-a8a6-0c62f6525c29') on conflict do nothing;
insert into public.curriculum_lesson_standards (lesson_id, standard_id) values ('8d22902a-cac4-56f5-9b11-11d96d705bef', 'ce105238-22be-5e37-bbe3-beb7c9453384') on conflict do nothing;
insert into public.curriculum_lesson_standards (lesson_id, standard_id) values ('8d22902a-cac4-56f5-9b11-11d96d705bef', '47e44c8b-18f0-5d17-b6a7-8fe08bdb482f') on conflict do nothing;
insert into public.curriculum_lessons (id, library_id, sequence_index, source_lesson_code, title, objective) values ('16f85043-f695-54d9-8a20-783ae40d6993', '64d57898-02a0-553d-8da5-740f9d08f2b1', 126, '7.18', '7.18: Applying the Quadratic Formula (Part 2)', 'Let’s use the quadratic formula and solve quadratic equations with care.') on conflict (library_id, sequence_index) do update set source_lesson_code = excluded.source_lesson_code, title = excluded.title, objective = excluded.objective;
insert into public.curriculum_lesson_standards (lesson_id, standard_id) values ('16f85043-f695-54d9-8a20-783ae40d6993', '6addac54-a167-58ed-a09d-dd3d3e36c69b') on conflict do nothing;
insert into public.curriculum_lesson_standards (lesson_id, standard_id) values ('16f85043-f695-54d9-8a20-783ae40d6993', 'ce105238-22be-5e37-bbe3-beb7c9453384') on conflict do nothing;
insert into public.curriculum_lesson_standards (lesson_id, standard_id) values ('16f85043-f695-54d9-8a20-783ae40d6993', '9a18c506-7d8e-58b5-99c6-2fbdd63483ef') on conflict do nothing;
insert into public.curriculum_lessons (id, library_id, sequence_index, source_lesson_code, title, objective) values ('7863ff85-4924-5a05-8065-29f06b25bc13', '64d57898-02a0-553d-8da5-740f9d08f2b1', 127, '7.19', '7.19: Deriving the Quadratic Formula', 'Let’s find out where the quadratic formula comes from.') on conflict (library_id, sequence_index) do update set source_lesson_code = excluded.source_lesson_code, title = excluded.title, objective = excluded.objective;
insert into public.curriculum_lesson_standards (lesson_id, standard_id) values ('7863ff85-4924-5a05-8065-29f06b25bc13', 'd7354a51-95af-5986-89b7-be89e96e634f') on conflict do nothing;
insert into public.curriculum_lesson_standards (lesson_id, standard_id) values ('7863ff85-4924-5a05-8065-29f06b25bc13', '23a11633-3171-5f6e-9f5a-35e5793fde71') on conflict do nothing;
insert into public.curriculum_lessons (id, library_id, sequence_index, source_lesson_code, title, objective) values ('cc0fa649-5366-57ec-af8d-649182976d32', '64d57898-02a0-553d-8da5-740f9d08f2b1', 128, '7.20', '7.20: Rational and Irrational Solutions', 'Let’s consider the kinds of numbers we get when solving quadratic equations.') on conflict (library_id, sequence_index) do update set source_lesson_code = excluded.source_lesson_code, title = excluded.title, objective = excluded.objective;
insert into public.curriculum_lesson_standards (lesson_id, standard_id) values ('cc0fa649-5366-57ec-af8d-649182976d32', 'ce105238-22be-5e37-bbe3-beb7c9453384') on conflict do nothing;
insert into public.curriculum_lesson_standards (lesson_id, standard_id) values ('cc0fa649-5366-57ec-af8d-649182976d32', '694cf6ef-214e-58cf-a9db-30fb47f11b88') on conflict do nothing;
insert into public.curriculum_lesson_standards (lesson_id, standard_id) values ('cc0fa649-5366-57ec-af8d-649182976d32', '57553475-e8c0-5d07-a6a2-49ce76a57534') on conflict do nothing;
insert into public.curriculum_lessons (id, library_id, sequence_index, source_lesson_code, title, objective) values ('ebd783dd-0fab-5d01-9402-cbe6ac2bdad8', '64d57898-02a0-553d-8da5-740f9d08f2b1', 129, '7.21', '7.21: Sums and Products of Rational and Irrational Numbers', 'Let’s make convincing arguments about why the sums and products of rational and irrational numbers are always certain kinds of numbers.') on conflict (library_id, sequence_index) do update set source_lesson_code = excluded.source_lesson_code, title = excluded.title, objective = excluded.objective;
insert into public.curriculum_lesson_standards (lesson_id, standard_id) values ('ebd783dd-0fab-5d01-9402-cbe6ac2bdad8', 'ce105238-22be-5e37-bbe3-beb7c9453384') on conflict do nothing;
insert into public.curriculum_lesson_standards (lesson_id, standard_id) values ('ebd783dd-0fab-5d01-9402-cbe6ac2bdad8', '3c99f3a7-c1dd-51d8-b508-d3f614890371') on conflict do nothing;
insert into public.curriculum_lesson_standards (lesson_id, standard_id) values ('ebd783dd-0fab-5d01-9402-cbe6ac2bdad8', '57553475-e8c0-5d07-a6a2-49ce76a57534') on conflict do nothing;
insert into public.curriculum_lessons (id, library_id, sequence_index, source_lesson_code, title, objective) values ('7e66382e-79bc-5c9d-8746-32918b662108', '64d57898-02a0-553d-8da5-740f9d08f2b1', 130, '7.22', '7.22: Rewriting Quadratic Expressions in Vertex Form', 'Let’s see what else completing the square can help us do.') on conflict (library_id, sequence_index) do update set source_lesson_code = excluded.source_lesson_code, title = excluded.title, objective = excluded.objective;
insert into public.curriculum_lesson_standards (lesson_id, standard_id) values ('7e66382e-79bc-5c9d-8746-32918b662108', '23a11633-3171-5f6e-9f5a-35e5793fde71') on conflict do nothing;
insert into public.curriculum_lesson_standards (lesson_id, standard_id) values ('7e66382e-79bc-5c9d-8746-32918b662108', 'ad5e4718-1372-50ed-8acf-80132cb48de4') on conflict do nothing;
insert into public.curriculum_lesson_standards (lesson_id, standard_id) values ('7e66382e-79bc-5c9d-8746-32918b662108', 'feea7e4d-357d-5af0-8a7a-cf5677264152') on conflict do nothing;
insert into public.curriculum_lesson_standards (lesson_id, standard_id) values ('7e66382e-79bc-5c9d-8746-32918b662108', '2cfdce83-4c79-56f6-8bb0-d3adbac4ca9f') on conflict do nothing;
insert into public.curriculum_lessons (id, library_id, sequence_index, source_lesson_code, title, objective) values ('1d1e5e49-576c-59af-a5cc-019e06c66032', '64d57898-02a0-553d-8da5-740f9d08f2b1', 131, '7.23', '7.23: Using Quadratic Expressions in Vertex Form to Solve Problems', 'Let’s find the maximum or minimum value of a quadratic function.') on conflict (library_id, sequence_index) do update set source_lesson_code = excluded.source_lesson_code, title = excluded.title, objective = excluded.objective;
insert into public.curriculum_lesson_standards (lesson_id, standard_id) values ('1d1e5e49-576c-59af-a5cc-019e06c66032', 'feea7e4d-357d-5af0-8a7a-cf5677264152') on conflict do nothing;
insert into public.curriculum_lesson_standards (lesson_id, standard_id) values ('1d1e5e49-576c-59af-a5cc-019e06c66032', '2cfdce83-4c79-56f6-8bb0-d3adbac4ca9f') on conflict do nothing;
insert into public.curriculum_lesson_standards (lesson_id, standard_id) values ('1d1e5e49-576c-59af-a5cc-019e06c66032', 'a383cbb0-9f2b-5ec3-8488-5238cc2b320a') on conflict do nothing;
insert into public.curriculum_lessons (id, library_id, sequence_index, source_lesson_code, title, objective) values ('e8c326e9-e4d4-57d4-aa64-67a876d6b6a7', '64d57898-02a0-553d-8da5-740f9d08f2b1', 132, '7.24', '7.24: Using Quadratic Equations to Model Situations and Solve Problems', 'Let’s analyze a situation modeled by a quadratic equation.') on conflict (library_id, sequence_index) do update set source_lesson_code = excluded.source_lesson_code, title = excluded.title, objective = excluded.objective;
insert into public.curriculum_lesson_standards (lesson_id, standard_id) values ('e8c326e9-e4d4-57d4-aa64-67a876d6b6a7', 'ce105238-22be-5e37-bbe3-beb7c9453384') on conflict do nothing;
insert into public.curriculum_lesson_standards (lesson_id, standard_id) values ('e8c326e9-e4d4-57d4-aa64-67a876d6b6a7', '6f729ade-7c4d-5e79-b415-87f138c22c0b') on conflict do nothing;
insert into public.curriculum_lesson_standards (lesson_id, standard_id) values ('e8c326e9-e4d4-57d4-aa64-67a876d6b6a7', '30abceb2-cb6d-55bf-a521-9f118ca70853') on conflict do nothing;
insert into public.curriculum_lessons (id, library_id, sequence_index, source_lesson_code, title, objective) values ('fce1bd0c-8100-5b4d-ac70-e62152060bfd', 'ee1aa8ee-fb37-5488-95c2-42ff926265cb', 1, '1.01', '1.01: Equations That Describe Patterns', 'Let''s use equations to represent growing patterns.') on conflict (library_id, sequence_index) do update set source_lesson_code = excluded.source_lesson_code, title = excluded.title, objective = excluded.objective;
insert into public.curriculum_lesson_standards (lesson_id, standard_id) values ('fce1bd0c-8100-5b4d-ac70-e62152060bfd', '46f95a08-75f9-577c-bce7-206a3a3e0fdd') on conflict do nothing;
insert into public.curriculum_lesson_standards (lesson_id, standard_id) values ('fce1bd0c-8100-5b4d-ac70-e62152060bfd', 'db6788d3-39e1-5317-82ef-d77c11817c69') on conflict do nothing;
insert into public.curriculum_lessons (id, library_id, sequence_index, source_lesson_code, title, objective) values ('a31c2300-3012-5329-a880-df9f583f04d0', '42512171-9c1e-537b-b13c-9799aca71579', 1, '1.01', '1.01: Creating Definitions', 'Let''s write precise definitions for geometric figures.') on conflict (library_id, sequence_index) do update set source_lesson_code = excluded.source_lesson_code, title = excluded.title, objective = excluded.objective;
insert into public.curriculum_lesson_standards (lesson_id, standard_id) values ('a31c2300-3012-5329-a880-df9f583f04d0', 'e461c168-56d7-5ab0-95c2-744140392dac') on conflict do nothing;
insert into public.curriculum_lessons (id, library_id, sequence_index, source_lesson_code, title, objective) values ('53cbc9e4-33a0-50e8-a628-41f5c63a5e4f', '23d72045-7343-560e-a028-5105320ad19d', 1, '1.01', '1.01: Recursive Sequences', 'Let''s find terms using previous values in sequences.') on conflict (library_id, sequence_index) do update set source_lesson_code = excluded.source_lesson_code, title = excluded.title, objective = excluded.objective;
insert into public.curriculum_lesson_standards (lesson_id, standard_id) values ('53cbc9e4-33a0-50e8-a628-41f5c63a5e4f', '8d30376e-7e30-5f6c-b555-7cff4baf59ca') on conflict do nothing;
insert into public.curriculum_lesson_standards (lesson_id, standard_id) values ('53cbc9e4-33a0-50e8-a628-41f5c63a5e4f', '5b321759-3cf0-5f3b-9248-5a876f9491e8') on conflict do nothing;
insert into public.curriculum_lessons (id, library_id, sequence_index, source_lesson_code, title, objective) values ('0d341f4f-e1d1-5821-b2d6-3616c7942eec', 'b2429d1b-0327-5182-b112-d953d3213527', 1, '1.01', '1.01: Functions and Function Notation', 'Let''s use notation to describe input-output relationships.') on conflict (library_id, sequence_index) do update set source_lesson_code = excluded.source_lesson_code, title = excluded.title, objective = excluded.objective;
insert into public.curriculum_lesson_standards (lesson_id, standard_id) values ('0d341f4f-e1d1-5821-b2d6-3616c7942eec', '17e798db-7bf1-506b-b291-090794bf7660') on conflict do nothing;
insert into public.curriculum_lesson_standards (lesson_id, standard_id) values ('0d341f4f-e1d1-5821-b2d6-3616c7942eec', 'd7f75b33-9b75-5671-a69d-716e99bd3ade') on conflict do nothing;
insert into public.curriculum_lesson_standards (lesson_id, standard_id) values ('0d341f4f-e1d1-5821-b2d6-3616c7942eec', 'ae6c82b5-befc-572c-a874-856620095f54') on conflict do nothing;
insert into public.curriculum_lessons (id, library_id, sequence_index, source_lesson_code, title, objective) values ('6366462a-5444-5f23-b150-02b0852a2620', 'ebcdd3cd-bf22-5699-a207-1b3d8351b4c7', 1, '1.01', '1.01: Change at an Instant', 'Let''s explore the concept of instantaneous change.') on conflict (library_id, sequence_index) do update set source_lesson_code = excluded.source_lesson_code, title = excluded.title, objective = excluded.objective;
insert into public.curriculum_lesson_standards (lesson_id, standard_id) values ('6366462a-5444-5f23-b150-02b0852a2620', '17e798db-7bf1-506b-b291-090794bf7660') on conflict do nothing;
insert into public.curriculum_lesson_standards (lesson_id, standard_id) values ('6366462a-5444-5f23-b150-02b0852a2620', 'cecaafca-f4d7-5ac9-803b-86d851d970d8') on conflict do nothing;
insert into public.curriculum_lessons (id, library_id, sequence_index, source_lesson_code, title, objective) values ('801d0dc1-e6b1-531b-a3f1-8205df949dbb', '3db67302-f293-5cab-95c6-32c38c3d1ae5', 1, '1.01', '1.01: First Day of AP Stats', 'Let''s explore the world of statistical questions.') on conflict (library_id, sequence_index) do update set source_lesson_code = excluded.source_lesson_code, title = excluded.title, objective = excluded.objective;
insert into public.curriculum_lesson_standards (lesson_id, standard_id) values ('801d0dc1-e6b1-531b-a3f1-8205df949dbb', '17e798db-7bf1-506b-b291-090794bf7660') on conflict do nothing;
insert into public.curriculum_lesson_standards (lesson_id, standard_id) values ('801d0dc1-e6b1-531b-a3f1-8205df949dbb', 'c3da5051-4fbb-579b-9da6-99742e9cab29') on conflict do nothing;
insert into public.curriculum_lessons (id, library_id, sequence_index, source_lesson_code, title, objective) values ('0bbf9e2f-79de-5fae-8616-e5866fddb387', 'ee1aa8ee-fb37-5488-95c2-42ff926265cb', 2, '1.02', '1.02: Describing Arithmetic Patterns', 'Let''s find rules for constant addition patterns.') on conflict (library_id, sequence_index) do update set source_lesson_code = excluded.source_lesson_code, title = excluded.title, objective = excluded.objective;
insert into public.curriculum_lesson_standards (lesson_id, standard_id) values ('0bbf9e2f-79de-5fae-8616-e5866fddb387', 'e9a83826-07a1-51ac-8d89-1b343d46bbc8') on conflict do nothing;
insert into public.curriculum_lessons (id, library_id, sequence_index, source_lesson_code, title, objective) values ('ebee03b8-0b81-5aab-8028-a6e0b4572a97', '42512171-9c1e-537b-b13c-9799aca71579', 2, '1.02', '1.02: Inductive Reasoning', 'Let''s use patterns to make mathematical conjectures.') on conflict (library_id, sequence_index) do update set source_lesson_code = excluded.source_lesson_code, title = excluded.title, objective = excluded.objective;
insert into public.curriculum_lesson_standards (lesson_id, standard_id) values ('ebee03b8-0b81-5aab-8028-a6e0b4572a97', '6e6d26ae-d597-53d9-8eff-bee24f0f439c') on conflict do nothing;
insert into public.curriculum_lessons (id, library_id, sequence_index, source_lesson_code, title, objective) values ('bc62027a-dc37-5b82-bfb8-6c3779c9323a', '23d72045-7343-560e-a028-5105320ad19d', 2, '1.02', '1.02: Applications of Arithmetic Sequences', 'Let''s solve real problems with constant addition patterns.') on conflict (library_id, sequence_index) do update set source_lesson_code = excluded.source_lesson_code, title = excluded.title, objective = excluded.objective;
insert into public.curriculum_lesson_standards (lesson_id, standard_id) values ('bc62027a-dc37-5b82-bfb8-6c3779c9323a', 'b34b6c37-5991-510b-afdb-1343274bbbe0') on conflict do nothing;
insert into public.curriculum_lesson_standards (lesson_id, standard_id) values ('bc62027a-dc37-5b82-bfb8-6c3779c9323a', '9dc1a600-6e34-51a8-b001-ec4f4464320b') on conflict do nothing;
insert into public.curriculum_lessons (id, library_id, sequence_index, source_lesson_code, title, objective) values ('35203221-ca95-5d4a-b3d0-7b112aa02c7b', 'b2429d1b-0327-5182-b112-d953d3213527', 2, '1.02', '1.02: Interpreting Graphs of Functions', 'Let''s analyze key features of function graphs.') on conflict (library_id, sequence_index) do update set source_lesson_code = excluded.source_lesson_code, title = excluded.title, objective = excluded.objective;
insert into public.curriculum_lesson_standards (lesson_id, standard_id) values ('35203221-ca95-5d4a-b3d0-7b112aa02c7b', '17e798db-7bf1-506b-b291-090794bf7660') on conflict do nothing;
insert into public.curriculum_lesson_standards (lesson_id, standard_id) values ('35203221-ca95-5d4a-b3d0-7b112aa02c7b', '8840f43d-f324-581c-a3c0-aef3911ab433') on conflict do nothing;
insert into public.curriculum_lesson_standards (lesson_id, standard_id) values ('35203221-ca95-5d4a-b3d0-7b112aa02c7b', 'a7b1cc61-ab4f-5977-be96-2562eb7aa7bb') on conflict do nothing;
insert into public.curriculum_lesson_standards (lesson_id, standard_id) values ('35203221-ca95-5d4a-b3d0-7b112aa02c7b', '18b326c9-edf0-5cc3-bfb2-83ac12d2ec40') on conflict do nothing;
insert into public.curriculum_lessons (id, library_id, sequence_index, source_lesson_code, title, objective) values ('0ce39ea4-349d-5bc1-98ee-3af39c2ff9a7', 'ebcdd3cd-bf22-5699-a207-1b3d8351b4c7', 2, '1.02', '1.02: Defining Limits', 'Let''s understand what values a function approaches.') on conflict (library_id, sequence_index) do update set source_lesson_code = excluded.source_lesson_code, title = excluded.title, objective = excluded.objective;
insert into public.curriculum_lesson_standards (lesson_id, standard_id) values ('0ce39ea4-349d-5bc1-98ee-3af39c2ff9a7', '8840f43d-f324-581c-a3c0-aef3911ab433') on conflict do nothing;
insert into public.curriculum_lesson_standards (lesson_id, standard_id) values ('0ce39ea4-349d-5bc1-98ee-3af39c2ff9a7', 'd7f75b33-9b75-5671-a69d-716e99bd3ade') on conflict do nothing;
insert into public.curriculum_lessons (id, library_id, sequence_index, source_lesson_code, title, objective) values ('1460470c-d7b9-52f7-bd82-8dd7b1df6d80', '3db67302-f293-5cab-95c6-32c38c3d1ae5', 2, '1.02', '1.02: Analyzing Categorical Data', 'Let''s calculate marginal and joint frequencies.') on conflict (library_id, sequence_index) do update set source_lesson_code = excluded.source_lesson_code, title = excluded.title, objective = excluded.objective;
insert into public.curriculum_lesson_standards (lesson_id, standard_id) values ('1460470c-d7b9-52f7-bd82-8dd7b1df6d80', '03906234-d966-52a8-81e7-2b813274578d') on conflict do nothing;
insert into public.curriculum_lesson_standards (lesson_id, standard_id) values ('1460470c-d7b9-52f7-bd82-8dd7b1df6d80', '9a52b07b-7136-57ac-95f1-507c977f0565') on conflict do nothing;
insert into public.curriculum_lessons (id, library_id, sequence_index, source_lesson_code, title, objective) values ('8749674d-1024-5cfc-9fd0-d05da17c7af5', 'ee1aa8ee-fb37-5488-95c2-42ff926265cb', 3, '1.03', '1.03: Making Use of Structure', 'Let''s analyze how patterns are built mathematically.') on conflict (library_id, sequence_index) do update set source_lesson_code = excluded.source_lesson_code, title = excluded.title, objective = excluded.objective;
insert into public.curriculum_lesson_standards (lesson_id, standard_id) values ('8749674d-1024-5cfc-9fd0-d05da17c7af5', 'e9a83826-07a1-51ac-8d89-1b343d46bbc8') on conflict do nothing;
insert into public.curriculum_lesson_standards (lesson_id, standard_id) values ('8749674d-1024-5cfc-9fd0-d05da17c7af5', '6addac54-a167-58ed-a09d-dd3d3e36c69b') on conflict do nothing;
insert into public.curriculum_lessons (id, library_id, sequence_index, source_lesson_code, title, objective) values ('64242a8c-830f-501c-add2-b6070b423025', '42512171-9c1e-537b-b13c-9799aca71579', 3, '1.03', '1.03: Conditional Statements', 'Let''s write and analyze "if-then" logic statements.') on conflict (library_id, sequence_index) do update set source_lesson_code = excluded.source_lesson_code, title = excluded.title, objective = excluded.objective;
insert into public.curriculum_lesson_standards (lesson_id, standard_id) values ('64242a8c-830f-501c-add2-b6070b423025', '6e6d26ae-d597-53d9-8eff-bee24f0f439c') on conflict do nothing;
insert into public.curriculum_lessons (id, library_id, sequence_index, source_lesson_code, title, objective) values ('577d34a2-1a73-59ac-b488-ce28d2088366', '23d72045-7343-560e-a028-5105320ad19d', 3, '1.03', '1.03: Sum of an Arithmetic Sequence', 'Let''s calculate the total of an arithmetic series.') on conflict (library_id, sequence_index) do update set source_lesson_code = excluded.source_lesson_code, title = excluded.title, objective = excluded.objective;
insert into public.curriculum_lesson_standards (lesson_id, standard_id) values ('577d34a2-1a73-59ac-b488-ce28d2088366', '2be4aa66-95af-5441-a060-e98f189ae51f') on conflict do nothing;
insert into public.curriculum_lessons (id, library_id, sequence_index, source_lesson_code, title, objective) values ('4a89df57-232a-5256-9e67-63076d0d7656', 'b2429d1b-0327-5182-b112-d953d3213527', 3, '1.03', '1.03: Concavity', 'Let''s describe how the rate of change changes.') on conflict (library_id, sequence_index) do update set source_lesson_code = excluded.source_lesson_code, title = excluded.title, objective = excluded.objective;
insert into public.curriculum_lesson_standards (lesson_id, standard_id) values ('4a89df57-232a-5256-9e67-63076d0d7656', '03906234-d966-52a8-81e7-2b813274578d') on conflict do nothing;
insert into public.curriculum_lesson_standards (lesson_id, standard_id) values ('4a89df57-232a-5256-9e67-63076d0d7656', 'a7b1cc61-ab4f-5977-be96-2562eb7aa7bb') on conflict do nothing;
insert into public.curriculum_lesson_standards (lesson_id, standard_id) values ('4a89df57-232a-5256-9e67-63076d0d7656', 'cecaafca-f4d7-5ac9-803b-86d851d970d8') on conflict do nothing;
insert into public.curriculum_lessons (id, library_id, sequence_index, source_lesson_code, title, objective) values ('80f9436d-a5f3-5380-9c65-e28e90f3ccc0', 'ebcdd3cd-bf22-5699-a207-1b3d8351b4c7', 3, '1.02', '1.02: Defining Limits (Part 2)', 'Let''s find limits from graphs and tables.') on conflict (library_id, sequence_index) do update set source_lesson_code = excluded.source_lesson_code, title = excluded.title, objective = excluded.objective;
insert into public.curriculum_lesson_standards (lesson_id, standard_id) values ('80f9436d-a5f3-5380-9c65-e28e90f3ccc0', '03906234-d966-52a8-81e7-2b813274578d') on conflict do nothing;
insert into public.curriculum_lesson_standards (lesson_id, standard_id) values ('80f9436d-a5f3-5380-9c65-e28e90f3ccc0', '18b326c9-edf0-5cc3-bfb2-83ac12d2ec40') on conflict do nothing;
insert into public.curriculum_lessons (id, library_id, sequence_index, source_lesson_code, title, objective) values ('26ba08c1-3cd6-5707-9abc-434779979a2d', '3db67302-f293-5cab-95c6-32c38c3d1ae5', 3, '1.03', '1.03: Representing Categorical Data', 'Let''s create bar charts and segmented bar charts.') on conflict (library_id, sequence_index) do update set source_lesson_code = excluded.source_lesson_code, title = excluded.title, objective = excluded.objective;
insert into public.curriculum_lesson_standards (lesson_id, standard_id) values ('26ba08c1-3cd6-5707-9abc-434779979a2d', 'fb62922a-9e6a-5e31-90af-15127e8cd57d') on conflict do nothing;
insert into public.curriculum_lesson_standards (lesson_id, standard_id) values ('26ba08c1-3cd6-5707-9abc-434779979a2d', '9a52b07b-7136-57ac-95f1-507c977f0565') on conflict do nothing;
insert into public.curriculum_lessons (id, library_id, sequence_index, source_lesson_code, title, objective) values ('02a645cf-e2c3-5ba5-a125-4356289042c8', 'ee1aa8ee-fb37-5488-95c2-42ff926265cb', 4, 'Review 1.01-1.03', 'Review 1.01-1.03', 'Let''s review equations and arithmetic patterns.') on conflict (library_id, sequence_index) do update set source_lesson_code = excluded.source_lesson_code, title = excluded.title, objective = excluded.objective;
insert into public.curriculum_lessons (id, library_id, sequence_index, source_lesson_code, title, objective) values ('9e60849c-a1b1-5676-bec1-877ac903238e', '42512171-9c1e-537b-b13c-9799aca71579', 4, 'Review 1.01-1.03', 'Review 1.01-1.03', 'Let''s review definitions, patterns, and conditional logic.') on conflict (library_id, sequence_index) do update set source_lesson_code = excluded.source_lesson_code, title = excluded.title, objective = excluded.objective;
insert into public.curriculum_lessons (id, library_id, sequence_index, source_lesson_code, title, objective) values ('fd42d438-790e-5996-8366-e1a7173307fd', '23d72045-7343-560e-a028-5105320ad19d', 4, '1.04', '1.04: Applications of Geometric Sequences', 'Let''s use multiplication patterns to solve growth problems.') on conflict (library_id, sequence_index) do update set source_lesson_code = excluded.source_lesson_code, title = excluded.title, objective = excluded.objective;
insert into public.curriculum_lesson_standards (lesson_id, standard_id) values ('fd42d438-790e-5996-8366-e1a7173307fd', 'b34b6c37-5991-510b-afdb-1343274bbbe0') on conflict do nothing;
insert into public.curriculum_lesson_standards (lesson_id, standard_id) values ('fd42d438-790e-5996-8366-e1a7173307fd', '9dc1a600-6e34-51a8-b001-ec4f4464320b') on conflict do nothing;
insert into public.curriculum_lessons (id, library_id, sequence_index, source_lesson_code, title, objective) values ('6ea38b08-60c9-5eda-8d40-96e4031ecff7', 'b2429d1b-0327-5182-b112-d953d3213527', 4, 'Review 1.01-1.03', 'Review 1.01-1.03', 'Let''s review notation, graphs, and concavity concepts.') on conflict (library_id, sequence_index) do update set source_lesson_code = excluded.source_lesson_code, title = excluded.title, objective = excluded.objective;
insert into public.curriculum_lessons (id, library_id, sequence_index, source_lesson_code, title, objective) values ('ad62adf1-600b-5f4b-ad14-01cbbe9f6c02', 'ebcdd3cd-bf22-5699-a207-1b3d8351b4c7', 4, '1.03', '1.03: Analyzing Function Behavior using Limits', 'Let''s describe asymptotes using limit notation.') on conflict (library_id, sequence_index) do update set source_lesson_code = excluded.source_lesson_code, title = excluded.title, objective = excluded.objective;
insert into public.curriculum_lesson_standards (lesson_id, standard_id) values ('ad62adf1-600b-5f4b-ad14-01cbbe9f6c02', '667e8bfa-5fa9-5681-8eda-a2b5b7f84fe6') on conflict do nothing;
insert into public.curriculum_lesson_standards (lesson_id, standard_id) values ('ad62adf1-600b-5f4b-ad14-01cbbe9f6c02', '074d7e0e-8a94-5551-b888-9a3742e587de') on conflict do nothing;
insert into public.curriculum_lesson_standards (lesson_id, standard_id) values ('ad62adf1-600b-5f4b-ad14-01cbbe9f6c02', '8d76e06d-e9ae-5bd9-a898-00d6b1850cac') on conflict do nothing;
insert into public.curriculum_lessons (id, library_id, sequence_index, source_lesson_code, title, objective) values ('5e94285d-5b1d-5af8-986d-dc844d13ca6c', '3db67302-f293-5cab-95c6-32c38c3d1ae5', 4, 'Review 1.01-1.03', 'Review 1.01-1.03', 'Let''s review data types and categorical displays.') on conflict (library_id, sequence_index) do update set source_lesson_code = excluded.source_lesson_code, title = excluded.title, objective = excluded.objective;
insert into public.curriculum_lessons (id, library_id, sequence_index, source_lesson_code, title, objective) values ('d6f12a35-0c4b-53de-86fd-109cfa41deed', 'ee1aa8ee-fb37-5488-95c2-42ff926265cb', 5, '1.04', '1.04: Writing Explicit Rules for Patterns', 'Let''s write rules for any pattern term.') on conflict (library_id, sequence_index) do update set source_lesson_code = excluded.source_lesson_code, title = excluded.title, objective = excluded.objective;
insert into public.curriculum_lesson_standards (lesson_id, standard_id) values ('d6f12a35-0c4b-53de-86fd-109cfa41deed', 'e9a83826-07a1-51ac-8d89-1b343d46bbc8') on conflict do nothing;
insert into public.curriculum_lesson_standards (lesson_id, standard_id) values ('d6f12a35-0c4b-53de-86fd-109cfa41deed', '6addac54-a167-58ed-a09d-dd3d3e36c69b') on conflict do nothing;
insert into public.curriculum_lessons (id, library_id, sequence_index, source_lesson_code, title, objective) values ('dc5ad26e-c26c-55b0-9b37-ddf8807327e5', '42512171-9c1e-537b-b13c-9799aca71579', 5, '1.04', '1.04: What is Deductive Reasoning?', 'Let''s use facts and logic to reach conclusions.') on conflict (library_id, sequence_index) do update set source_lesson_code = excluded.source_lesson_code, title = excluded.title, objective = excluded.objective;
insert into public.curriculum_lesson_standards (lesson_id, standard_id) values ('dc5ad26e-c26c-55b0-9b37-ddf8807327e5', '6e6d26ae-d597-53d9-8eff-bee24f0f439c') on conflict do nothing;
insert into public.curriculum_lessons (id, library_id, sequence_index, source_lesson_code, title, objective) values ('061cc6aa-3e3f-53fc-a33c-799a648cd015', '23d72045-7343-560e-a028-5105320ad19d', 5, 'Review 1.01-1.04', 'Review 1.01-1.04', 'Let''s review arithmetic and geometric sequence patterns.') on conflict (library_id, sequence_index) do update set source_lesson_code = excluded.source_lesson_code, title = excluded.title, objective = excluded.objective;
insert into public.curriculum_lessons (id, library_id, sequence_index, source_lesson_code, title, objective) values ('679e398e-8a14-5eee-b68e-a5c155353157', 'b2429d1b-0327-5182-b112-d953d3213527', 5, '1.04', '1.04: Rates of Change', 'Let''s calculate average rates over specific intervals.') on conflict (library_id, sequence_index) do update set source_lesson_code = excluded.source_lesson_code, title = excluded.title, objective = excluded.objective;
insert into public.curriculum_lesson_standards (lesson_id, standard_id) values ('679e398e-8a14-5eee-b68e-a5c155353157', '8840f43d-f324-581c-a3c0-aef3911ab433') on conflict do nothing;
insert into public.curriculum_lesson_standards (lesson_id, standard_id) values ('679e398e-8a14-5eee-b68e-a5c155353157', '03906234-d966-52a8-81e7-2b813274578d') on conflict do nothing;
insert into public.curriculum_lesson_standards (lesson_id, standard_id) values ('679e398e-8a14-5eee-b68e-a5c155353157', 'cecaafca-f4d7-5ac9-803b-86d851d970d8') on conflict do nothing;
insert into public.curriculum_lessons (id, library_id, sequence_index, source_lesson_code, title, objective) values ('daaf8a5d-3aa6-5fe0-a5ac-c394922bf430', 'ebcdd3cd-bf22-5699-a207-1b3d8351b4c7', 5, '1.04', '1.04: Limits at Infinity', 'Let''s find the end behavior of functions.') on conflict (library_id, sequence_index) do update set source_lesson_code = excluded.source_lesson_code, title = excluded.title, objective = excluded.objective;
insert into public.curriculum_lesson_standards (lesson_id, standard_id) values ('daaf8a5d-3aa6-5fe0-a5ac-c394922bf430', '074d7e0e-8a94-5551-b888-9a3742e587de') on conflict do nothing;
insert into public.curriculum_lesson_standards (lesson_id, standard_id) values ('daaf8a5d-3aa6-5fe0-a5ac-c394922bf430', '8d76e06d-e9ae-5bd9-a898-00d6b1850cac') on conflict do nothing;
insert into public.curriculum_lessons (id, library_id, sequence_index, source_lesson_code, title, objective) values ('e6629cbc-b258-5826-8c67-e1014ecd3c5c', '3db67302-f293-5cab-95c6-32c38c3d1ae5', 5, '1.04', '1.04: Describing Quantitative Data', 'Let''s describe shape, center, and spread.') on conflict (library_id, sequence_index) do update set source_lesson_code = excluded.source_lesson_code, title = excluded.title, objective = excluded.objective;
insert into public.curriculum_lesson_standards (lesson_id, standard_id) values ('e6629cbc-b258-5826-8c67-e1014ecd3c5c', '10b2c35a-52e9-5728-b618-82e774299bfc') on conflict do nothing;
insert into public.curriculum_lesson_standards (lesson_id, standard_id) values ('e6629cbc-b258-5826-8c67-e1014ecd3c5c', '46b52422-ba01-5b4a-93e3-1074059bc2d4') on conflict do nothing;
insert into public.curriculum_lesson_standards (lesson_id, standard_id) values ('e6629cbc-b258-5826-8c67-e1014ecd3c5c', 'c3da5051-4fbb-579b-9da6-99742e9cab29') on conflict do nothing;
insert into public.curriculum_lesson_standards (lesson_id, standard_id) values ('e6629cbc-b258-5826-8c67-e1014ecd3c5c', '171d2935-46d9-59ee-b786-3abdc27e66b9') on conflict do nothing;
insert into public.curriculum_lesson_standards (lesson_id, standard_id) values ('e6629cbc-b258-5826-8c67-e1014ecd3c5c', '946e68bd-013a-5282-b410-4220b284b900') on conflict do nothing;
insert into public.curriculum_lessons (id, library_id, sequence_index, source_lesson_code, title, objective) values ('76edd87a-a9fd-5d40-8f97-16c71cc5bc1f', 'ee1aa8ee-fb37-5488-95c2-42ff926265cb', 6, '1.05', '1.05: Patterns and Equivalent Expressions', 'Let''s show different expressions can be equal.') on conflict (library_id, sequence_index) do update set source_lesson_code = excluded.source_lesson_code, title = excluded.title, objective = excluded.objective;
insert into public.curriculum_lesson_standards (lesson_id, standard_id) values ('76edd87a-a9fd-5d40-8f97-16c71cc5bc1f', 'ad9ee57e-8506-55f2-9952-977c3b9d1f59') on conflict do nothing;
insert into public.curriculum_lesson_standards (lesson_id, standard_id) values ('76edd87a-a9fd-5d40-8f97-16c71cc5bc1f', 'e9a83826-07a1-51ac-8d89-1b343d46bbc8') on conflict do nothing;
insert into public.curriculum_lessons (id, library_id, sequence_index, source_lesson_code, title, objective) values ('e58f39e6-dde9-5220-8b2f-63f21b28596b', '42512171-9c1e-537b-b13c-9799aca71579', 6, '1.05', '1.05: Using Deductive Reasoning', 'Let''s apply logical laws to geometric problems.') on conflict (library_id, sequence_index) do update set source_lesson_code = excluded.source_lesson_code, title = excluded.title, objective = excluded.objective;
insert into public.curriculum_lesson_standards (lesson_id, standard_id) values ('e58f39e6-dde9-5220-8b2f-63f21b28596b', '6e6d26ae-d597-53d9-8eff-bee24f0f439c') on conflict do nothing;
insert into public.curriculum_lessons (id, library_id, sequence_index, source_lesson_code, title, objective) values ('510048c7-92e0-5fba-aa05-d36413ce0b7b', '23d72045-7343-560e-a028-5105320ad19d', 6, '1.05', '1.05: Linear Relationships', 'Let''s analyze relationships with a constant rate change.') on conflict (library_id, sequence_index) do update set source_lesson_code = excluded.source_lesson_code, title = excluded.title, objective = excluded.objective;
insert into public.curriculum_lesson_standards (lesson_id, standard_id) values ('510048c7-92e0-5fba-aa05-d36413ce0b7b', '66228d02-f086-5471-9815-b707378d4887') on conflict do nothing;
insert into public.curriculum_lesson_standards (lesson_id, standard_id) values ('510048c7-92e0-5fba-aa05-d36413ce0b7b', '580c167e-beaa-5ddc-958d-8d39c7edd32f') on conflict do nothing;
insert into public.curriculum_lessons (id, library_id, sequence_index, source_lesson_code, title, objective) values ('a8218084-fe0e-512f-a434-53d4ef54a131', 'b2429d1b-0327-5182-b112-d953d3213527', 6, '1.05', '1.05: Change in Linear Functions', 'Let''s explore constant rates in linear relationships.') on conflict (library_id, sequence_index) do update set source_lesson_code = excluded.source_lesson_code, title = excluded.title, objective = excluded.objective;
insert into public.curriculum_lesson_standards (lesson_id, standard_id) values ('a8218084-fe0e-512f-a434-53d4ef54a131', 'fb62922a-9e6a-5e31-90af-15127e8cd57d') on conflict do nothing;
insert into public.curriculum_lesson_standards (lesson_id, standard_id) values ('a8218084-fe0e-512f-a434-53d4ef54a131', 'aaef51ac-b03b-503f-b287-6dd891753fb0') on conflict do nothing;
insert into public.curriculum_lesson_standards (lesson_id, standard_id) values ('a8218084-fe0e-512f-a434-53d4ef54a131', '80bf2dee-5eb8-50d1-9bc9-9df4b44133af') on conflict do nothing;
insert into public.curriculum_lessons (id, library_id, sequence_index, source_lesson_code, title, objective) values ('cdf0b809-e300-589f-807e-04009a343e1d', 'ebcdd3cd-bf22-5699-a207-1b3d8351b4c7', 6, '1.05', '1.05: Tools for Evaluating Limits Analytically', 'Let''s solve limits using algebraic properties.') on conflict (library_id, sequence_index) do update set source_lesson_code = excluded.source_lesson_code, title = excluded.title, objective = excluded.objective;
insert into public.curriculum_lesson_standards (lesson_id, standard_id) values ('cdf0b809-e300-589f-807e-04009a343e1d', 'fb62922a-9e6a-5e31-90af-15127e8cd57d') on conflict do nothing;
insert into public.curriculum_lesson_standards (lesson_id, standard_id) values ('cdf0b809-e300-589f-807e-04009a343e1d', '10b2c35a-52e9-5728-b618-82e774299bfc') on conflict do nothing;
insert into public.curriculum_lesson_standards (lesson_id, standard_id) values ('cdf0b809-e300-589f-807e-04009a343e1d', '46b52422-ba01-5b4a-93e3-1074059bc2d4') on conflict do nothing;
insert into public.curriculum_lesson_standards (lesson_id, standard_id) values ('cdf0b809-e300-589f-807e-04009a343e1d', 'f0c3f195-6864-5de7-815b-07b74373e8e1') on conflict do nothing;
insert into public.curriculum_lessons (id, library_id, sequence_index, source_lesson_code, title, objective) values ('4c676639-6955-5dec-a559-244036bd96c1', '3db67302-f293-5cab-95c6-32c38c3d1ae5', 6, '1.05', '1.05: Measuring Variability', 'Let''s calculate standard deviation and interquartile range.') on conflict (library_id, sequence_index) do update set source_lesson_code = excluded.source_lesson_code, title = excluded.title, objective = excluded.objective;
insert into public.curriculum_lesson_standards (lesson_id, standard_id) values ('4c676639-6955-5dec-a559-244036bd96c1', 'c6af98c0-2092-5fa3-b37b-e1832654007d') on conflict do nothing;
insert into public.curriculum_lesson_standards (lesson_id, standard_id) values ('4c676639-6955-5dec-a559-244036bd96c1', '171d2935-46d9-59ee-b786-3abdc27e66b9') on conflict do nothing;
insert into public.curriculum_lessons (id, library_id, sequence_index, source_lesson_code, title, objective) values ('8eaea812-9536-5ddf-bf8e-7f093b177188', 'ee1aa8ee-fb37-5488-95c2-42ff926265cb', 7, '1.06', '1.06: Describing Geometric Patterns', 'Let''s explore patterns that grow by multiplication.') on conflict (library_id, sequence_index) do update set source_lesson_code = excluded.source_lesson_code, title = excluded.title, objective = excluded.objective;
insert into public.curriculum_lesson_standards (lesson_id, standard_id) values ('8eaea812-9536-5ddf-bf8e-7f093b177188', 'e9a83826-07a1-51ac-8d89-1b343d46bbc8') on conflict do nothing;
insert into public.curriculum_lesson_standards (lesson_id, standard_id) values ('8eaea812-9536-5ddf-bf8e-7f093b177188', '6addac54-a167-58ed-a09d-dd3d3e36c69b') on conflict do nothing;
insert into public.curriculum_lessons (id, library_id, sequence_index, source_lesson_code, title, objective) values ('631feb42-36d4-50cc-b2b6-98bb84561385', '42512171-9c1e-537b-b13c-9799aca71579', 7, '1.06', '1.06: Visual Reasoning', 'Let''s solve puzzles using spatial and logical thinking.') on conflict (library_id, sequence_index) do update set source_lesson_code = excluded.source_lesson_code, title = excluded.title, objective = excluded.objective;
insert into public.curriculum_lesson_standards (lesson_id, standard_id) values ('631feb42-36d4-50cc-b2b6-98bb84561385', 'e461c168-56d7-5ab0-95c2-744140392dac') on conflict do nothing;
insert into public.curriculum_lessons (id, library_id, sequence_index, source_lesson_code, title, objective) values ('6e1be701-d1e6-581e-baac-0fc0134d927c', '23d72045-7343-560e-a028-5105320ad19d', 7, '1.06', '1.06: Point-Slope Form of a Line', 'Let''s write equations using slope and one point.') on conflict (library_id, sequence_index) do update set source_lesson_code = excluded.source_lesson_code, title = excluded.title, objective = excluded.objective;
insert into public.curriculum_lesson_standards (lesson_id, standard_id) values ('6e1be701-d1e6-581e-baac-0fc0134d927c', '580c167e-beaa-5ddc-958d-8d39c7edd32f') on conflict do nothing;
insert into public.curriculum_lesson_standards (lesson_id, standard_id) values ('6e1be701-d1e6-581e-baac-0fc0134d927c', 'c69e1aff-08d3-5a37-9431-f7cf90e4f062') on conflict do nothing;
insert into public.curriculum_lessons (id, library_id, sequence_index, source_lesson_code, title, objective) values ('1ded3c1f-8f41-5b06-8e06-fa03882831d4', 'b2429d1b-0327-5182-b112-d953d3213527', 7, '1.06', '1.06: Change in Quadratic Functions', 'Let''s analyze linear rates of change in quadratics.') on conflict (library_id, sequence_index) do update set source_lesson_code = excluded.source_lesson_code, title = excluded.title, objective = excluded.objective;
insert into public.curriculum_lesson_standards (lesson_id, standard_id) values ('1ded3c1f-8f41-5b06-8e06-fa03882831d4', '10b2c35a-52e9-5728-b618-82e774299bfc') on conflict do nothing;
insert into public.curriculum_lesson_standards (lesson_id, standard_id) values ('1ded3c1f-8f41-5b06-8e06-fa03882831d4', '21378457-1ca0-5c07-b802-253b11c1b53b') on conflict do nothing;
insert into public.curriculum_lessons (id, library_id, sequence_index, source_lesson_code, title, objective) values ('6545fec6-f535-517a-8cc3-db38eb35b3f6', 'ebcdd3cd-bf22-5699-a207-1b3d8351b4c7', 7, 'Review 1.01-1.05', 'Review 1.01-1.05', 'Let''s review limit definitions and analytical tools.') on conflict (library_id, sequence_index) do update set source_lesson_code = excluded.source_lesson_code, title = excluded.title, objective = excluded.objective;
insert into public.curriculum_lessons (id, library_id, sequence_index, source_lesson_code, title, objective) values ('b2e6f49f-783f-51e2-b8e0-6293f0a423c0', '3db67302-f293-5cab-95c6-32c38c3d1ae5', 7, '1.06', '1.06: Comparing Quantitative Data', 'Let''s compare multiple distributions using boxplots.') on conflict (library_id, sequence_index) do update set source_lesson_code = excluded.source_lesson_code, title = excluded.title, objective = excluded.objective;
insert into public.curriculum_lesson_standards (lesson_id, standard_id) values ('b2e6f49f-783f-51e2-b8e0-6293f0a423c0', '663d1677-6c62-52e2-b165-142d7f2d8a23') on conflict do nothing;
insert into public.curriculum_lesson_standards (lesson_id, standard_id) values ('b2e6f49f-783f-51e2-b8e0-6293f0a423c0', '7c6e84ac-211f-550e-889b-088a89e3bc90') on conflict do nothing;
insert into public.curriculum_lesson_standards (lesson_id, standard_id) values ('b2e6f49f-783f-51e2-b8e0-6293f0a423c0', 'c3da5051-4fbb-579b-9da6-99742e9cab29') on conflict do nothing;
insert into public.curriculum_lesson_standards (lesson_id, standard_id) values ('b2e6f49f-783f-51e2-b8e0-6293f0a423c0', '171d2935-46d9-59ee-b786-3abdc27e66b9') on conflict do nothing;
insert into public.curriculum_lessons (id, library_id, sequence_index, source_lesson_code, title, objective) values ('21e198a3-9287-5bdf-8ce7-131c62501449', 'ee1aa8ee-fb37-5488-95c2-42ff926265cb', 8, '1.07', '1.07: Connecting Patterns Across Multiple Representations', 'Let''s link graphs, tables, and equations together.') on conflict (library_id, sequence_index) do update set source_lesson_code = excluded.source_lesson_code, title = excluded.title, objective = excluded.objective;
insert into public.curriculum_lesson_standards (lesson_id, standard_id) values ('21e198a3-9287-5bdf-8ce7-131c62501449', 'e9a83826-07a1-51ac-8d89-1b343d46bbc8') on conflict do nothing;
insert into public.curriculum_lesson_standards (lesson_id, standard_id) values ('21e198a3-9287-5bdf-8ce7-131c62501449', '6addac54-a167-58ed-a09d-dd3d3e36c69b') on conflict do nothing;
insert into public.curriculum_lessons (id, library_id, sequence_index, source_lesson_code, title, objective) values ('330739d7-f4d7-5036-bdc4-0c10161fefb9', '42512171-9c1e-537b-b13c-9799aca71579', 8, '2.01', '2.01: Points, Lines, Segments, and Rays', 'Let''s identify the basic building blocks of geometry.') on conflict (library_id, sequence_index) do update set source_lesson_code = excluded.source_lesson_code, title = excluded.title, objective = excluded.objective;
insert into public.curriculum_lesson_standards (lesson_id, standard_id) values ('330739d7-f4d7-5036-bdc4-0c10161fefb9', 'e461c168-56d7-5ab0-95c2-744140392dac') on conflict do nothing;
insert into public.curriculum_lessons (id, library_id, sequence_index, source_lesson_code, title, objective) values ('219844f0-4599-5168-a7af-6dbf6e9c8698', '23d72045-7343-560e-a028-5105320ad19d', 8, '1.07', '1.07: Standard Form of a Linear Equation', 'Let''s use Ax + By = C to model scenarios.') on conflict (library_id, sequence_index) do update set source_lesson_code = excluded.source_lesson_code, title = excluded.title, objective = excluded.objective;
insert into public.curriculum_lesson_standards (lesson_id, standard_id) values ('219844f0-4599-5168-a7af-6dbf6e9c8698', '580c167e-beaa-5ddc-958d-8d39c7edd32f') on conflict do nothing;
insert into public.curriculum_lesson_standards (lesson_id, standard_id) values ('219844f0-4599-5168-a7af-6dbf6e9c8698', 'c69e1aff-08d3-5a37-9431-f7cf90e4f062') on conflict do nothing;
insert into public.curriculum_lessons (id, library_id, sequence_index, source_lesson_code, title, objective) values ('5df2b052-3c2d-54ed-8948-0a0c4a2cda3a', 'b2429d1b-0327-5182-b112-d953d3213527', 8, 'Review 1.04-1.06', 'Review 1.04-1.06', 'Let''s review various types of functional change.') on conflict (library_id, sequence_index) do update set source_lesson_code = excluded.source_lesson_code, title = excluded.title, objective = excluded.objective;
insert into public.curriculum_lessons (id, library_id, sequence_index, source_lesson_code, title, objective) values ('b33398a0-4efa-5302-9586-a4d44ab6dbca', 'ebcdd3cd-bf22-5699-a207-1b3d8351b4c7', 8, '1.06', '1.06: The Squeeze Theorem', 'Let''s bound functions to find difficult limits.') on conflict (library_id, sequence_index) do update set source_lesson_code = excluded.source_lesson_code, title = excluded.title, objective = excluded.objective;
insert into public.curriculum_lesson_standards (lesson_id, standard_id) values ('b33398a0-4efa-5302-9586-a4d44ab6dbca', 'c6af98c0-2092-5fa3-b37b-e1832654007d') on conflict do nothing;
insert into public.curriculum_lessons (id, library_id, sequence_index, source_lesson_code, title, objective) values ('6bb6bcaa-16a9-547e-9c03-b724aadb3204', '3db67302-f293-5cab-95c6-32c38c3d1ae5', 8, 'Review 1.04-1.06', 'Review 1.04-1.06', 'Let''s review quantitative data descriptions and comparisons.') on conflict (library_id, sequence_index) do update set source_lesson_code = excluded.source_lesson_code, title = excluded.title, objective = excluded.objective;
insert into public.curriculum_lessons (id, library_id, sequence_index, source_lesson_code, title, objective) values ('b5067278-7471-5acb-887c-8c5a256eb12e', 'ee1aa8ee-fb37-5488-95c2-42ff926265cb', 9, 'Review 1.04-1.07', 'Review 1.04-1.07', 'Let''s review rules and multiple pattern representations.') on conflict (library_id, sequence_index) do update set source_lesson_code = excluded.source_lesson_code, title = excluded.title, objective = excluded.objective;
insert into public.curriculum_lessons (id, library_id, sequence_index, source_lesson_code, title, objective) values ('8a8d00df-6aaa-5c0e-9879-672854df05dd', '42512171-9c1e-537b-b13c-9799aca71579', 9, '2.02', '2.02: Coordinate Connection: Midpoint', 'Let''s find the center point of a segment.') on conflict (library_id, sequence_index) do update set source_lesson_code = excluded.source_lesson_code, title = excluded.title, objective = excluded.objective;
insert into public.curriculum_lesson_standards (lesson_id, standard_id) values ('8a8d00df-6aaa-5c0e-9879-672854df05dd', '6d1ce99f-fd60-5832-9600-9e349d54d917') on conflict do nothing;
insert into public.curriculum_lesson_standards (lesson_id, standard_id) values ('8a8d00df-6aaa-5c0e-9879-672854df05dd', '89a258bf-86d5-5fc2-b983-802ac1b6b9d1') on conflict do nothing;
insert into public.curriculum_lessons (id, library_id, sequence_index, source_lesson_code, title, objective) values ('845a1a9b-1169-5a00-873f-48f7bf0d2c86', '23d72045-7343-560e-a028-5105320ad19d', 9, 'Review 1.05-1.07', 'Review 1.05-1.07', 'Let''s review linear forms and real-world relationships.') on conflict (library_id, sequence_index) do update set source_lesson_code = excluded.source_lesson_code, title = excluded.title, objective = excluded.objective;
insert into public.curriculum_lessons (id, library_id, sequence_index, source_lesson_code, title, objective) values ('6fccf8ed-e193-54cc-9250-e56ae52320ee', 'b2429d1b-0327-5182-b112-d953d3213527', 9, '2.01', '2.01: Polynomial Functions and Rates of Change', 'Let''s examine how polynomial degrees affect change.') on conflict (library_id, sequence_index) do update set source_lesson_code = excluded.source_lesson_code, title = excluded.title, objective = excluded.objective;
insert into public.curriculum_lesson_standards (lesson_id, standard_id) values ('6fccf8ed-e193-54cc-9250-e56ae52320ee', '10b2c35a-52e9-5728-b618-82e774299bfc') on conflict do nothing;
insert into public.curriculum_lesson_standards (lesson_id, standard_id) values ('6fccf8ed-e193-54cc-9250-e56ae52320ee', '46b52422-ba01-5b4a-93e3-1074059bc2d4') on conflict do nothing;
insert into public.curriculum_lesson_standards (lesson_id, standard_id) values ('6fccf8ed-e193-54cc-9250-e56ae52320ee', 'e8acff5d-8e5e-544b-9890-7ed9278600c3') on conflict do nothing;
insert into public.curriculum_lessons (id, library_id, sequence_index, source_lesson_code, title, objective) values ('865d4b82-3fa7-5d62-abf4-f835d5da8e49', 'ebcdd3cd-bf22-5699-a207-1b3d8351b4c7', 9, '1.07', '1.07: Continuity and Discontinuity', 'Let''s define what makes a function continuous.') on conflict (library_id, sequence_index) do update set source_lesson_code = excluded.source_lesson_code, title = excluded.title, objective = excluded.objective;
insert into public.curriculum_lesson_standards (lesson_id, standard_id) values ('865d4b82-3fa7-5d62-abf4-f835d5da8e49', 'b9fd4555-e12f-52cd-8640-a4409623f591') on conflict do nothing;
insert into public.curriculum_lesson_standards (lesson_id, standard_id) values ('865d4b82-3fa7-5d62-abf4-f835d5da8e49', '4347b2ec-2ac0-5ea0-9f3c-1acf24e0644d') on conflict do nothing;
insert into public.curriculum_lesson_standards (lesson_id, standard_id) values ('865d4b82-3fa7-5d62-abf4-f835d5da8e49', 'd7f75b33-9b75-5671-a69d-716e99bd3ade') on conflict do nothing;
insert into public.curriculum_lessons (id, library_id, sequence_index, source_lesson_code, title, objective) values ('7d228cd0-a991-5842-8c18-d81a0c52e076', '3db67302-f293-5cab-95c6-32c38c3d1ae5', 9, '2.01', '2.01: Percentile', 'Let''s interpret relative standing in a data set.') on conflict (library_id, sequence_index) do update set source_lesson_code = excluded.source_lesson_code, title = excluded.title, objective = excluded.objective;
insert into public.curriculum_lesson_standards (lesson_id, standard_id) values ('7d228cd0-a991-5842-8c18-d81a0c52e076', 'b9fd4555-e12f-52cd-8640-a4409623f591') on conflict do nothing;
insert into public.curriculum_lesson_standards (lesson_id, standard_id) values ('7d228cd0-a991-5842-8c18-d81a0c52e076', 'b791d354-7755-5a43-aef5-348d611f43ca') on conflict do nothing;
insert into public.curriculum_lessons (id, library_id, sequence_index, source_lesson_code, title, objective) values ('bba5931b-ea07-5f85-8838-8373ee0dce6b', 'ee1aa8ee-fb37-5488-95c2-42ff926265cb', 10, '2.01', '2.01: Proportional Reasoning', 'Let''s solve problems using constant ratios.') on conflict (library_id, sequence_index) do update set source_lesson_code = excluded.source_lesson_code, title = excluded.title, objective = excluded.objective;
insert into public.curriculum_lesson_standards (lesson_id, standard_id) values ('bba5931b-ea07-5f85-8838-8373ee0dce6b', '70ae07af-6dc9-5ad6-aa1b-5aa60a7b308f') on conflict do nothing;
insert into public.curriculum_lessons (id, library_id, sequence_index, source_lesson_code, title, objective) values ('41bf24b1-c8ad-58f1-8319-52de8cba4609', '42512171-9c1e-537b-b13c-9799aca71579', 10, '2.03', '2.03: Naming and Classifying Angles', 'Let''s measure and label different types of angles.') on conflict (library_id, sequence_index) do update set source_lesson_code = excluded.source_lesson_code, title = excluded.title, objective = excluded.objective;
insert into public.curriculum_lesson_standards (lesson_id, standard_id) values ('41bf24b1-c8ad-58f1-8319-52de8cba4609', 'e461c168-56d7-5ab0-95c2-744140392dac') on conflict do nothing;
insert into public.curriculum_lessons (id, library_id, sequence_index, source_lesson_code, title, objective) values ('210dfdfe-551e-57cf-b927-67378b56e307', '23d72045-7343-560e-a028-5105320ad19d', 10, '2.01', '2.01: Linear Systems', 'Let''s find where two linear equations intersect.') on conflict (library_id, sequence_index) do update set source_lesson_code = excluded.source_lesson_code, title = excluded.title, objective = excluded.objective;
insert into public.curriculum_lesson_standards (lesson_id, standard_id) values ('210dfdfe-551e-57cf-b927-67378b56e307', 'fa2aedcd-e63d-5c5d-86e0-f5fd03e32b42') on conflict do nothing;
insert into public.curriculum_lessons (id, library_id, sequence_index, source_lesson_code, title, objective) values ('cfdfdf40-0ecf-5d27-bb54-922a5c16e92e', 'b2429d1b-0327-5182-b112-d953d3213527', 10, '2.02', '2.02: Zeros of Polynomial Functions', 'Let''s find where polynomial functions cross the axis.') on conflict (library_id, sequence_index) do update set source_lesson_code = excluded.source_lesson_code, title = excluded.title, objective = excluded.objective;
insert into public.curriculum_lesson_standards (lesson_id, standard_id) values ('cfdfdf40-0ecf-5d27-bb54-922a5c16e92e', '46b52422-ba01-5b4a-93e3-1074059bc2d4') on conflict do nothing;
insert into public.curriculum_lesson_standards (lesson_id, standard_id) values ('cfdfdf40-0ecf-5d27-bb54-922a5c16e92e', '4167b819-73af-51a6-a8a8-414bcdd1d682') on conflict do nothing;
insert into public.curriculum_lesson_standards (lesson_id, standard_id) values ('cfdfdf40-0ecf-5d27-bb54-922a5c16e92e', '60f40352-d7b3-5c87-80a0-e2065efc9c0c') on conflict do nothing;
insert into public.curriculum_lessons (id, library_id, sequence_index, source_lesson_code, title, objective) values ('37a39815-24dc-5539-9914-03c478390606', 'ebcdd3cd-bf22-5699-a207-1b3d8351b4c7', 10, '1.08', '1.08: Removing Discontinuities', 'Let''s fix holes in rational function graphs.') on conflict (library_id, sequence_index) do update set source_lesson_code = excluded.source_lesson_code, title = excluded.title, objective = excluded.objective;
insert into public.curriculum_lesson_standards (lesson_id, standard_id) values ('37a39815-24dc-5539-9914-03c478390606', 'a5069634-7428-5aa5-8696-b2e9bbbec1a8') on conflict do nothing;
insert into public.curriculum_lesson_standards (lesson_id, standard_id) values ('37a39815-24dc-5539-9914-03c478390606', 'f0c3f195-6864-5de7-815b-07b74373e8e1') on conflict do nothing;
insert into public.curriculum_lessons (id, library_id, sequence_index, source_lesson_code, title, objective) values ('d52648fe-4e09-5edf-92c4-07e1ce4adfa5', '3db67302-f293-5cab-95c6-32c38c3d1ae5', 10, '2.02', '2.02: Location in a Distribution', 'Let''s calculate and interpret z-scores.') on conflict (library_id, sequence_index) do update set source_lesson_code = excluded.source_lesson_code, title = excluded.title, objective = excluded.objective;
insert into public.curriculum_lesson_standards (lesson_id, standard_id) values ('d52648fe-4e09-5edf-92c4-07e1ce4adfa5', 'b9fd4555-e12f-52cd-8640-a4409623f591') on conflict do nothing;
insert into public.curriculum_lesson_standards (lesson_id, standard_id) values ('d52648fe-4e09-5edf-92c4-07e1ce4adfa5', 'b791d354-7755-5a43-aef5-348d611f43ca') on conflict do nothing;
insert into public.curriculum_lessons (id, library_id, sequence_index, source_lesson_code, title, objective) values ('671a6b8e-dba5-5bab-84c7-9132920a9648', 'ee1aa8ee-fb37-5488-95c2-42ff926265cb', 11, '2.02', '2.02: Proportional Relationships in the Coordinate Plane', 'Let''s graph relationships that pass through zero.') on conflict (library_id, sequence_index) do update set source_lesson_code = excluded.source_lesson_code, title = excluded.title, objective = excluded.objective;
insert into public.curriculum_lesson_standards (lesson_id, standard_id) values ('671a6b8e-dba5-5bab-84c7-9132920a9648', '9a18c506-7d8e-58b5-99c6-2fbdd63483ef') on conflict do nothing;
insert into public.curriculum_lessons (id, library_id, sequence_index, source_lesson_code, title, objective) values ('848eb181-429a-5a1d-a7b6-2c48786f1cee', '42512171-9c1e-537b-b13c-9799aca71579', 11, '2.04', '2.04: Vertical Angles and Linear Pairs', 'Let''s find missing measures using angle relationships.') on conflict (library_id, sequence_index) do update set source_lesson_code = excluded.source_lesson_code, title = excluded.title, objective = excluded.objective;
insert into public.curriculum_lesson_standards (lesson_id, standard_id) values ('848eb181-429a-5a1d-a7b6-2c48786f1cee', '6e6d26ae-d597-53d9-8eff-bee24f0f439c') on conflict do nothing;
insert into public.curriculum_lessons (id, library_id, sequence_index, source_lesson_code, title, objective) values ('2515f09a-ee49-5953-968c-623bd29ab69a', '23d72045-7343-560e-a028-5105320ad19d', 11, '2.02', '2.02: Number of Solutions', 'Let''s identify systems with zero or infinite solutions.') on conflict (library_id, sequence_index) do update set source_lesson_code = excluded.source_lesson_code, title = excluded.title, objective = excluded.objective;
insert into public.curriculum_lesson_standards (lesson_id, standard_id) values ('2515f09a-ee49-5953-968c-623bd29ab69a', 'fa2aedcd-e63d-5c5d-86e0-f5fd03e32b42') on conflict do nothing;
insert into public.curriculum_lessons (id, library_id, sequence_index, source_lesson_code, title, objective) values ('1d9b3d4a-042a-582a-8a48-c65fb83372a2', 'b2429d1b-0327-5182-b112-d953d3213527', 11, '2.02', '2.02: Zeros of Polynomial Functions (Part 2)', 'Let''s use multiplicity to describe graph behavior.') on conflict (library_id, sequence_index) do update set source_lesson_code = excluded.source_lesson_code, title = excluded.title, objective = excluded.objective;
insert into public.curriculum_lesson_standards (lesson_id, standard_id) values ('1d9b3d4a-042a-582a-8a48-c65fb83372a2', '46b52422-ba01-5b4a-93e3-1074059bc2d4') on conflict do nothing;
insert into public.curriculum_lesson_standards (lesson_id, standard_id) values ('1d9b3d4a-042a-582a-8a48-c65fb83372a2', '60f40352-d7b3-5c87-80a0-e2065efc9c0c') on conflict do nothing;
insert into public.curriculum_lessons (id, library_id, sequence_index, source_lesson_code, title, objective) values ('61f46bc2-651d-55c6-9138-a87a82f7283e', 'ebcdd3cd-bf22-5699-a207-1b3d8351b4c7', 11, '1.09', '1.09: The Intermediate Value Theorem', 'Let''s prove a function hits specific values.') on conflict (library_id, sequence_index) do update set source_lesson_code = excluded.source_lesson_code, title = excluded.title, objective = excluded.objective;
insert into public.curriculum_lesson_standards (lesson_id, standard_id) values ('61f46bc2-651d-55c6-9138-a87a82f7283e', '80490330-3c6b-5328-b491-1bba982c4fe0') on conflict do nothing;
insert into public.curriculum_lessons (id, library_id, sequence_index, source_lesson_code, title, objective) values ('16c6a887-88d3-50a9-af85-827c0034ca36', '3db67302-f293-5cab-95c6-32c38c3d1ae5', 11, '2.03', '2.03: Linear Transformations of Quantitative Data', 'Let''s see how arithmetic affects mean and spread.') on conflict (library_id, sequence_index) do update set source_lesson_code = excluded.source_lesson_code, title = excluded.title, objective = excluded.objective;
insert into public.curriculum_lesson_standards (lesson_id, standard_id) values ('16c6a887-88d3-50a9-af85-827c0034ca36', 'b9fd4555-e12f-52cd-8640-a4409623f591') on conflict do nothing;
insert into public.curriculum_lessons (id, library_id, sequence_index, source_lesson_code, title, objective) values ('52f41902-c903-5df1-a701-70a676054330', 'ee1aa8ee-fb37-5488-95c2-42ff926265cb', 12, '2.03', '2.03: Slope of a Line', 'Let''s calculate the steepness of a line.') on conflict (library_id, sequence_index) do update set source_lesson_code = excluded.source_lesson_code, title = excluded.title, objective = excluded.objective;
insert into public.curriculum_lesson_standards (lesson_id, standard_id) values ('52f41902-c903-5df1-a701-70a676054330', 'a337895a-3a09-57c4-a135-672808d0cd90') on conflict do nothing;
insert into public.curriculum_lesson_standards (lesson_id, standard_id) values ('52f41902-c903-5df1-a701-70a676054330', 'c69e1aff-08d3-5a37-9431-f7cf90e4f062') on conflict do nothing;
insert into public.curriculum_lessons (id, library_id, sequence_index, source_lesson_code, title, objective) values ('647f20c6-3683-52ab-aea3-f7c026f761de', '42512171-9c1e-537b-b13c-9799aca71579', 12, 'Review 2.01-2.04', 'Review 2.01-2.04', 'Let''s review basic elements and angle pairs.') on conflict (library_id, sequence_index) do update set source_lesson_code = excluded.source_lesson_code, title = excluded.title, objective = excluded.objective;
insert into public.curriculum_lessons (id, library_id, sequence_index, source_lesson_code, title, objective) values ('513a8e9c-16e0-5117-871e-b0d350793879', '23d72045-7343-560e-a028-5105320ad19d', 12, '2.03', '2.03: Elimination', 'Let''s solve systems by adding or subtracting equations.') on conflict (library_id, sequence_index) do update set source_lesson_code = excluded.source_lesson_code, title = excluded.title, objective = excluded.objective;
insert into public.curriculum_lesson_standards (lesson_id, standard_id) values ('513a8e9c-16e0-5117-871e-b0d350793879', '9a64a091-255f-548a-95e9-ae0667787912') on conflict do nothing;
insert into public.curriculum_lessons (id, library_id, sequence_index, source_lesson_code, title, objective) values ('43fec997-535e-5389-ad52-57f671a61a09', 'b2429d1b-0327-5182-b112-d953d3213527', 12, '2.03', '2.03: Even and Odd Polynomials', 'Let''s identify function symmetry using algebraic tests.') on conflict (library_id, sequence_index) do update set source_lesson_code = excluded.source_lesson_code, title = excluded.title, objective = excluded.objective;
insert into public.curriculum_lesson_standards (lesson_id, standard_id) values ('43fec997-535e-5389-ad52-57f671a61a09', '46b52422-ba01-5b4a-93e3-1074059bc2d4') on conflict do nothing;
insert into public.curriculum_lesson_standards (lesson_id, standard_id) values ('43fec997-535e-5389-ad52-57f671a61a09', '9c5bca10-1c6a-5f28-8029-a0a64c48da81') on conflict do nothing;
insert into public.curriculum_lessons (id, library_id, sequence_index, source_lesson_code, title, objective) values ('8677bd88-eab3-5014-bd95-6e5ddd67223b', 'ebcdd3cd-bf22-5699-a207-1b3d8351b4c7', 12, 'Review 1.06-1.09', 'Review 1.06-1.09', 'Let''s review continuity and existence theorems.') on conflict (library_id, sequence_index) do update set source_lesson_code = excluded.source_lesson_code, title = excluded.title, objective = excluded.objective;
insert into public.curriculum_lessons (id, library_id, sequence_index, source_lesson_code, title, objective) values ('144b2ce1-a25e-5ad6-b647-cdc67feb60d3', '3db67302-f293-5cab-95c6-32c38c3d1ae5', 12, 'Review 2.01-2.03', 'Review 2.01-2.03', 'Let''s review percentiles, z-scores, and transformations.') on conflict (library_id, sequence_index) do update set source_lesson_code = excluded.source_lesson_code, title = excluded.title, objective = excluded.objective;
insert into public.curriculum_lessons (id, library_id, sequence_index, source_lesson_code, title, objective) values ('a56823c4-4b8a-5ad6-9690-415d33b82c45', 'ee1aa8ee-fb37-5488-95c2-42ff926265cb', 13, '2.04', '2.04: Linear Equations', 'Let''s write equations for straight line relationships.') on conflict (library_id, sequence_index) do update set source_lesson_code = excluded.source_lesson_code, title = excluded.title, objective = excluded.objective;
insert into public.curriculum_lesson_standards (lesson_id, standard_id) values ('a56823c4-4b8a-5ad6-9690-415d33b82c45', '8d30376e-7e30-5f6c-b555-7cff4baf59ca') on conflict do nothing;
insert into public.curriculum_lesson_standards (lesson_id, standard_id) values ('a56823c4-4b8a-5ad6-9690-415d33b82c45', '5b321759-3cf0-5f3b-9248-5a876f9491e8') on conflict do nothing;
insert into public.curriculum_lessons (id, library_id, sequence_index, source_lesson_code, title, objective) values ('0c21781c-a12d-59cc-8043-dc6dc769f348', '42512171-9c1e-537b-b13c-9799aca71579', 13, '2.05', '2.05: Angles on Parallel Lines', 'Let''s identify angles formed by a transversal.') on conflict (library_id, sequence_index) do update set source_lesson_code = excluded.source_lesson_code, title = excluded.title, objective = excluded.objective;
insert into public.curriculum_lesson_standards (lesson_id, standard_id) values ('0c21781c-a12d-59cc-8043-dc6dc769f348', '6e6d26ae-d597-53d9-8eff-bee24f0f439c') on conflict do nothing;
insert into public.curriculum_lessons (id, library_id, sequence_index, source_lesson_code, title, objective) values ('12be7f3b-9fdd-53b4-ab4e-cabe9e02d2fe', '23d72045-7343-560e-a028-5105320ad19d', 13, '2.04', '2.04: Larger Systems of Equations', 'Let''s solve systems with three or more variables.') on conflict (library_id, sequence_index) do update set source_lesson_code = excluded.source_lesson_code, title = excluded.title, objective = excluded.objective;
insert into public.curriculum_lesson_standards (lesson_id, standard_id) values ('12be7f3b-9fdd-53b4-ab4e-cabe9e02d2fe', 'fa2aedcd-e63d-5c5d-86e0-f5fd03e32b42') on conflict do nothing;
insert into public.curriculum_lesson_standards (lesson_id, standard_id) values ('12be7f3b-9fdd-53b4-ab4e-cabe9e02d2fe', '3f5b2e0e-527b-5299-a7a4-6a9b514c610c') on conflict do nothing;
insert into public.curriculum_lessons (id, library_id, sequence_index, source_lesson_code, title, objective) values ('273a2570-4689-51e2-b797-7aebbd4e60d6', 'b2429d1b-0327-5182-b112-d953d3213527', 13, '2.04', '2.04: Polynomial Functions and End Behavior', 'Let''s predict where graphs go at the extremes.') on conflict (library_id, sequence_index) do update set source_lesson_code = excluded.source_lesson_code, title = excluded.title, objective = excluded.objective;
insert into public.curriculum_lesson_standards (lesson_id, standard_id) values ('273a2570-4689-51e2-b797-7aebbd4e60d6', '46b52422-ba01-5b4a-93e3-1074059bc2d4') on conflict do nothing;
insert into public.curriculum_lesson_standards (lesson_id, standard_id) values ('273a2570-4689-51e2-b797-7aebbd4e60d6', 'e8acff5d-8e5e-544b-9890-7ed9278600c3') on conflict do nothing;
insert into public.curriculum_lessons (id, library_id, sequence_index, source_lesson_code, title, objective) values ('a4b98717-009c-517c-aac6-5ccf32ba926a', 'ebcdd3cd-bf22-5699-a207-1b3d8351b4c7', 13, '2.01', '2.01: Calculating an Instantaneous Rate of Change', 'Let''s find slopes using the limit definition.') on conflict (library_id, sequence_index) do update set source_lesson_code = excluded.source_lesson_code, title = excluded.title, objective = excluded.objective;
insert into public.curriculum_lesson_standards (lesson_id, standard_id) values ('a4b98717-009c-517c-aac6-5ccf32ba926a', 'a349e6d2-b109-5e61-984c-0f47be35e1c7') on conflict do nothing;
insert into public.curriculum_lesson_standards (lesson_id, standard_id) values ('a4b98717-009c-517c-aac6-5ccf32ba926a', 'cecaafca-f4d7-5ac9-803b-86d851d970d8') on conflict do nothing;
insert into public.curriculum_lessons (id, library_id, sequence_index, source_lesson_code, title, objective) values ('8403f06d-451e-55b5-8240-1b58dfbc6ba5', '3db67302-f293-5cab-95c6-32c38c3d1ae5', 13, '2.04', '2.04: Normal Distributions and the Empirical Rule', 'Let''s use the 68-95-99.7 rule.') on conflict (library_id, sequence_index) do update set source_lesson_code = excluded.source_lesson_code, title = excluded.title, objective = excluded.objective;
insert into public.curriculum_lesson_standards (lesson_id, standard_id) values ('8403f06d-451e-55b5-8240-1b58dfbc6ba5', 'b9fd4555-e12f-52cd-8640-a4409623f591') on conflict do nothing;
insert into public.curriculum_lesson_standards (lesson_id, standard_id) values ('8403f06d-451e-55b5-8240-1b58dfbc6ba5', 'b791d354-7755-5a43-aef5-348d611f43ca') on conflict do nothing;
insert into public.curriculum_lessons (id, library_id, sequence_index, source_lesson_code, title, objective) values ('ce25d9fa-85f1-51fe-afca-e57f8b2dbc45', 'ee1aa8ee-fb37-5488-95c2-42ff926265cb', 14, 'Review 2.01-2.04', 'Review 2.01-2.04', 'Let''s review slope and proportional relationships.') on conflict (library_id, sequence_index) do update set source_lesson_code = excluded.source_lesson_code, title = excluded.title, objective = excluded.objective;
insert into public.curriculum_lessons (id, library_id, sequence_index, source_lesson_code, title, objective) values ('8e9a0c69-b9f0-5371-a5ad-233124243bc5', '42512171-9c1e-537b-b13c-9799aca71579', 14, '2.06', '2.06: Coordinate Connection: Parallel vs. Perpendicular', 'Let''s use slope to compare different lines.') on conflict (library_id, sequence_index) do update set source_lesson_code = excluded.source_lesson_code, title = excluded.title, objective = excluded.objective;
insert into public.curriculum_lesson_standards (lesson_id, standard_id) values ('8e9a0c69-b9f0-5371-a5ad-233124243bc5', '7fdc7825-9185-5651-b622-1bb1e703cf41') on conflict do nothing;
insert into public.curriculum_lesson_standards (lesson_id, standard_id) values ('8e9a0c69-b9f0-5371-a5ad-233124243bc5', '580c167e-beaa-5ddc-958d-8d39c7edd32f') on conflict do nothing;
insert into public.curriculum_lessons (id, library_id, sequence_index, source_lesson_code, title, objective) values ('ad44d84e-78b5-5a47-a072-a76c4763f7c5', '23d72045-7343-560e-a028-5105320ad19d', 14, 'Review 2.01-2.04', 'Review 2.01-2.04', 'Let''s review methods for solving multi-variable systems.') on conflict (library_id, sequence_index) do update set source_lesson_code = excluded.source_lesson_code, title = excluded.title, objective = excluded.objective;
insert into public.curriculum_lessons (id, library_id, sequence_index, source_lesson_code, title, objective) values ('98be6922-3ae2-51bd-826e-3ae13a13388b', 'b2429d1b-0327-5182-b112-d953d3213527', 14, 'Review 2.01-2.04', 'Review 2.01-2.04', 'Let''s review polynomial zeros, symmetry, and change.') on conflict (library_id, sequence_index) do update set source_lesson_code = excluded.source_lesson_code, title = excluded.title, objective = excluded.objective;
insert into public.curriculum_lessons (id, library_id, sequence_index, source_lesson_code, title, objective) values ('07900dd0-b502-5f4a-98a5-a6481ff7bf06', 'ebcdd3cd-bf22-5699-a207-1b3d8351b4c7', 14, '2.01', '2.01: Calculating an Instantaneous Rate of Change (Continued)', 'Let''s apply the difference quotient to equations.') on conflict (library_id, sequence_index) do update set source_lesson_code = excluded.source_lesson_code, title = excluded.title, objective = excluded.objective;
insert into public.curriculum_lesson_standards (lesson_id, standard_id) values ('07900dd0-b502-5f4a-98a5-a6481ff7bf06', 'a349e6d2-b109-5e61-984c-0f47be35e1c7') on conflict do nothing;
insert into public.curriculum_lesson_standards (lesson_id, standard_id) values ('07900dd0-b502-5f4a-98a5-a6481ff7bf06', 'cecaafca-f4d7-5ac9-803b-86d851d970d8') on conflict do nothing;
insert into public.curriculum_lessons (id, library_id, sequence_index, source_lesson_code, title, objective) values ('e68e78af-ff92-5540-8587-ce2020583c0c', '3db67302-f293-5cab-95c6-32c38c3d1ae5', 14, '2.05', '2.05: Normal Distribution Calculations', 'Let''s find areas under the Normal curve.') on conflict (library_id, sequence_index) do update set source_lesson_code = excluded.source_lesson_code, title = excluded.title, objective = excluded.objective;
insert into public.curriculum_lesson_standards (lesson_id, standard_id) values ('e68e78af-ff92-5540-8587-ce2020583c0c', 'b9fd4555-e12f-52cd-8640-a4409623f591') on conflict do nothing;
insert into public.curriculum_lesson_standards (lesson_id, standard_id) values ('e68e78af-ff92-5540-8587-ce2020583c0c', 'b791d354-7755-5a43-aef5-348d611f43ca') on conflict do nothing;
insert into public.curriculum_lessons (id, library_id, sequence_index, source_lesson_code, title, objective) values ('cbbcb38e-41a4-5bfd-ac4d-b3446b3327e0', 'ee1aa8ee-fb37-5488-95c2-42ff926265cb', 15, '2.05', '2.05: Graphing Lines', 'Let''s plot linear equations on a plane.') on conflict (library_id, sequence_index) do update set source_lesson_code = excluded.source_lesson_code, title = excluded.title, objective = excluded.objective;
insert into public.curriculum_lesson_standards (lesson_id, standard_id) values ('cbbcb38e-41a4-5bfd-ac4d-b3446b3327e0', 'be47d1be-bf17-5b3e-8cee-7a987f335b5d') on conflict do nothing;
insert into public.curriculum_lesson_standards (lesson_id, standard_id) values ('cbbcb38e-41a4-5bfd-ac4d-b3446b3327e0', '580c167e-beaa-5ddc-958d-8d39c7edd32f') on conflict do nothing;
insert into public.curriculum_lessons (id, library_id, sequence_index, source_lesson_code, title, objective) values ('786dd524-9a2f-5051-bd33-5f13b1ad09e5', '42512171-9c1e-537b-b13c-9799aca71579', 15, 'Review 2.05-2.06', 'Review 2.05-2.06', 'Let''s review parallel lines and slope relationships.') on conflict (library_id, sequence_index) do update set source_lesson_code = excluded.source_lesson_code, title = excluded.title, objective = excluded.objective;
insert into public.curriculum_lessons (id, library_id, sequence_index, source_lesson_code, title, objective) values ('706412eb-ca3a-5abf-9570-798363111220', '23d72045-7343-560e-a028-5105320ad19d', 15, '2.05', '2.05: Systems of Inequalities', 'Let''s graph overlapping regions of multiple linear inequalities.') on conflict (library_id, sequence_index) do update set source_lesson_code = excluded.source_lesson_code, title = excluded.title, objective = excluded.objective;
insert into public.curriculum_lesson_standards (lesson_id, standard_id) values ('706412eb-ca3a-5abf-9570-798363111220', '8e4fc3e5-68d4-550e-b709-6f4d5eb859b3') on conflict do nothing;
insert into public.curriculum_lessons (id, library_id, sequence_index, source_lesson_code, title, objective) values ('1e88658b-b607-5d19-b34f-ac7d90a033df', 'b2429d1b-0327-5182-b112-d953d3213527', 15, '2.05', '2.05: Rational Functions and End Behavior', 'Let''s find horizontal asymptotes of rational functions.') on conflict (library_id, sequence_index) do update set source_lesson_code = excluded.source_lesson_code, title = excluded.title, objective = excluded.objective;
insert into public.curriculum_lesson_standards (lesson_id, standard_id) values ('1e88658b-b607-5d19-b34f-ac7d90a033df', 'c6af98c0-2092-5fa3-b37b-e1832654007d') on conflict do nothing;
insert into public.curriculum_lesson_standards (lesson_id, standard_id) values ('1e88658b-b607-5d19-b34f-ac7d90a033df', '8d76e06d-e9ae-5bd9-a898-00d6b1850cac') on conflict do nothing;
insert into public.curriculum_lessons (id, library_id, sequence_index, source_lesson_code, title, objective) values ('731d2614-fd98-5817-870c-5528dc72a9b3', 'ebcdd3cd-bf22-5699-a207-1b3d8351b4c7', 15, '2.02', '2.02: The Derivative Function', 'Let''s graph the derivative of a function.') on conflict (library_id, sequence_index) do update set source_lesson_code = excluded.source_lesson_code, title = excluded.title, objective = excluded.objective;
insert into public.curriculum_lesson_standards (lesson_id, standard_id) values ('731d2614-fd98-5817-870c-5528dc72a9b3', 'beb25ac0-8f04-5733-a323-a2ab10d3691d') on conflict do nothing;
insert into public.curriculum_lesson_standards (lesson_id, standard_id) values ('731d2614-fd98-5817-870c-5528dc72a9b3', '18b326c9-edf0-5cc3-bfb2-83ac12d2ec40') on conflict do nothing;
insert into public.curriculum_lessons (id, library_id, sequence_index, source_lesson_code, title, objective) values ('8a26a552-f229-533f-89a0-e9b80cc24107', '3db67302-f293-5cab-95c6-32c38c3d1ae5', 15, '2.05', '2.05: Normal Distribution Calculations Practice', 'Let''s master finding probabilities and values.') on conflict (library_id, sequence_index) do update set source_lesson_code = excluded.source_lesson_code, title = excluded.title, objective = excluded.objective;
insert into public.curriculum_lesson_standards (lesson_id, standard_id) values ('8a26a552-f229-533f-89a0-e9b80cc24107', 'b9fd4555-e12f-52cd-8640-a4409623f591') on conflict do nothing;
insert into public.curriculum_lesson_standards (lesson_id, standard_id) values ('8a26a552-f229-533f-89a0-e9b80cc24107', 'b791d354-7755-5a43-aef5-348d611f43ca') on conflict do nothing;
insert into public.curriculum_lessons (id, library_id, sequence_index, source_lesson_code, title, objective) values ('efee2717-664d-570a-8435-832457583697', 'ee1aa8ee-fb37-5488-95c2-42ff926265cb', 16, '2.06', '2.06: Linear Reasoning', 'Let''s use lines to solve real-world problems.') on conflict (library_id, sequence_index) do update set source_lesson_code = excluded.source_lesson_code, title = excluded.title, objective = excluded.objective;
insert into public.curriculum_lesson_standards (lesson_id, standard_id) values ('efee2717-664d-570a-8435-832457583697', '694cf6ef-214e-58cf-a9db-30fb47f11b88') on conflict do nothing;
insert into public.curriculum_lesson_standards (lesson_id, standard_id) values ('efee2717-664d-570a-8435-832457583697', '580c167e-beaa-5ddc-958d-8d39c7edd32f') on conflict do nothing;
insert into public.curriculum_lessons (id, library_id, sequence_index, source_lesson_code, title, objective) values ('2f2f1e3a-e86e-5158-aa1e-bd6daef46f4b', '42512171-9c1e-537b-b13c-9799aca71579', 16, '3.01', '3.01: Introduction to Transformations', 'Let''s move figures around the coordinate plane.') on conflict (library_id, sequence_index) do update set source_lesson_code = excluded.source_lesson_code, title = excluded.title, objective = excluded.objective;
insert into public.curriculum_lesson_standards (lesson_id, standard_id) values ('2f2f1e3a-e86e-5158-aa1e-bd6daef46f4b', 'e3d03512-ff75-56e9-9d1e-f5852423564f') on conflict do nothing;
insert into public.curriculum_lessons (id, library_id, sequence_index, source_lesson_code, title, objective) values ('c35e27a9-ed18-5219-92ff-bdce97ba25c8', '23d72045-7343-560e-a028-5105320ad19d', 16, '2.06', '2.06: Optimization Using Systems of Inequalities', 'Let''s find the best solution within given constraints.') on conflict (library_id, sequence_index) do update set source_lesson_code = excluded.source_lesson_code, title = excluded.title, objective = excluded.objective;
insert into public.curriculum_lesson_standards (lesson_id, standard_id) values ('c35e27a9-ed18-5219-92ff-bdce97ba25c8', '3f5b2e0e-527b-5299-a7a4-6a9b514c610c') on conflict do nothing;
insert into public.curriculum_lessons (id, library_id, sequence_index, source_lesson_code, title, objective) values ('54d3e022-fd3a-5a48-88c2-7799a467dbe5', 'b2429d1b-0327-5182-b112-d953d3213527', 16, '2.06', '2.06: Graphs of Rational Functions', 'Let''s identify vertical asymptotes and holes in graphs.') on conflict (library_id, sequence_index) do update set source_lesson_code = excluded.source_lesson_code, title = excluded.title, objective = excluded.objective;
insert into public.curriculum_lesson_standards (lesson_id, standard_id) values ('54d3e022-fd3a-5a48-88c2-7799a467dbe5', '663d1677-6c62-52e2-b165-142d7f2d8a23') on conflict do nothing;
insert into public.curriculum_lesson_standards (lesson_id, standard_id) values ('54d3e022-fd3a-5a48-88c2-7799a467dbe5', '8d76e06d-e9ae-5bd9-a898-00d6b1850cac') on conflict do nothing;
insert into public.curriculum_lessons (id, library_id, sequence_index, source_lesson_code, title, objective) values ('b3ea1d9a-fa45-5653-bf72-ad113c1df4c0', 'ebcdd3cd-bf22-5699-a207-1b3d8351b4c7', 16, 'Review 2.01-2.02', 'Review 2.01-2.02', 'Let''s review the limit definition of derivatives.') on conflict (library_id, sequence_index) do update set source_lesson_code = excluded.source_lesson_code, title = excluded.title, objective = excluded.objective;
insert into public.curriculum_lessons (id, library_id, sequence_index, source_lesson_code, title, objective) values ('4fb44ab1-3919-5760-a31d-31b4fed3dcf8', '3db67302-f293-5cab-95c6-32c38c3d1ae5', 16, 'Review 2.04-2.05', 'Review 2.04-2.05', 'Let''s review Normal distribution properties and calculations.') on conflict (library_id, sequence_index) do update set source_lesson_code = excluded.source_lesson_code, title = excluded.title, objective = excluded.objective;
insert into public.curriculum_lessons (id, library_id, sequence_index, source_lesson_code, title, objective) values ('b264d619-d54d-5ac0-8c03-a5f8d8856b22', 'ee1aa8ee-fb37-5488-95c2-42ff926265cb', 17, '2.07', '2.07: Horizontal and Vertical Lines', 'Let''s graph lines with zero or undefined slope.') on conflict (library_id, sequence_index) do update set source_lesson_code = excluded.source_lesson_code, title = excluded.title, objective = excluded.objective;
insert into public.curriculum_lesson_standards (lesson_id, standard_id) values ('b264d619-d54d-5ac0-8c03-a5f8d8856b22', '580c167e-beaa-5ddc-958d-8d39c7edd32f') on conflict do nothing;
insert into public.curriculum_lesson_standards (lesson_id, standard_id) values ('b264d619-d54d-5ac0-8c03-a5f8d8856b22', 'b34b6c37-5991-510b-afdb-1343274bbbe0') on conflict do nothing;
insert into public.curriculum_lessons (id, library_id, sequence_index, source_lesson_code, title, objective) values ('999b4bd6-4d49-5691-8200-16bafcc10105', '42512171-9c1e-537b-b13c-9799aca71579', 17, '3.02', '3.02: Translations', 'Let''s slide figures without changing their shape.') on conflict (library_id, sequence_index) do update set source_lesson_code = excluded.source_lesson_code, title = excluded.title, objective = excluded.objective;
insert into public.curriculum_lesson_standards (lesson_id, standard_id) values ('999b4bd6-4d49-5691-8200-16bafcc10105', 'd0ca1901-0356-5d2e-b609-8fe13e5ed5fe') on conflict do nothing;
insert into public.curriculum_lesson_standards (lesson_id, standard_id) values ('999b4bd6-4d49-5691-8200-16bafcc10105', 'bbec79f4-7e12-531d-9fab-22403d788d6d') on conflict do nothing;
insert into public.curriculum_lessons (id, library_id, sequence_index, source_lesson_code, title, objective) values ('6de72ff3-ed95-57cc-bbfa-f17e71340db2', '23d72045-7343-560e-a028-5105320ad19d', 17, 'Review 2.05-2.06', 'Review 2.05-2.06', 'Let''s review inequalities and linear programming concepts.') on conflict (library_id, sequence_index) do update set source_lesson_code = excluded.source_lesson_code, title = excluded.title, objective = excluded.objective;
insert into public.curriculum_lessons (id, library_id, sequence_index, source_lesson_code, title, objective) values ('7ba7697c-3f9b-5507-9c7b-b46cb6abe001', 'b2429d1b-0327-5182-b112-d953d3213527', 17, '2.06', '2.06: Graphs of Rational Functions (Part 2)', 'Let''s sketch complex rational functions using key features.') on conflict (library_id, sequence_index) do update set source_lesson_code = excluded.source_lesson_code, title = excluded.title, objective = excluded.objective;
insert into public.curriculum_lesson_standards (lesson_id, standard_id) values ('7ba7697c-3f9b-5507-9c7b-b46cb6abe001', '7c6e84ac-211f-550e-889b-088a89e3bc90') on conflict do nothing;
insert into public.curriculum_lesson_standards (lesson_id, standard_id) values ('7ba7697c-3f9b-5507-9c7b-b46cb6abe001', '8d76e06d-e9ae-5bd9-a898-00d6b1850cac') on conflict do nothing;
insert into public.curriculum_lessons (id, library_id, sequence_index, source_lesson_code, title, objective) values ('af6bef5c-b310-5d67-a321-b716e83c6e94', 'ebcdd3cd-bf22-5699-a207-1b3d8351b4c7', 17, '2.03', '2.03: Differentiability', 'Let''s identify where derivatives do not exist.') on conflict (library_id, sequence_index) do update set source_lesson_code = excluded.source_lesson_code, title = excluded.title, objective = excluded.objective;
insert into public.curriculum_lesson_standards (lesson_id, standard_id) values ('af6bef5c-b310-5d67-a321-b716e83c6e94', 'f276dc1c-0985-51e2-a28d-5bd759a11087') on conflict do nothing;
insert into public.curriculum_lessons (id, library_id, sequence_index, source_lesson_code, title, objective) values ('9e148191-7976-56eb-82bf-34bdb900c881', '3db67302-f293-5cab-95c6-32c38c3d1ae5', 17, '3.01', '3.01: Scatterplots', 'Let''s visualize relationships between two quantitative variables.') on conflict (library_id, sequence_index) do update set source_lesson_code = excluded.source_lesson_code, title = excluded.title, objective = excluded.objective;
insert into public.curriculum_lesson_standards (lesson_id, standard_id) values ('9e148191-7976-56eb-82bf-34bdb900c881', 'f276dc1c-0985-51e2-a28d-5bd759a11087') on conflict do nothing;
insert into public.curriculum_lesson_standards (lesson_id, standard_id) values ('9e148191-7976-56eb-82bf-34bdb900c881', '0a8f03c6-75e2-5c3c-907c-cce81d7eb5d5') on conflict do nothing;
insert into public.curriculum_lessons (id, library_id, sequence_index, source_lesson_code, title, objective) values ('f641635f-c718-512e-a17f-b67113792a2d', 'ee1aa8ee-fb37-5488-95c2-42ff926265cb', 18, '2.08', '2.08: Standard Form of a Line', 'Let''s use Ax + By = C form.') on conflict (library_id, sequence_index) do update set source_lesson_code = excluded.source_lesson_code, title = excluded.title, objective = excluded.objective;
insert into public.curriculum_lesson_standards (lesson_id, standard_id) values ('f641635f-c718-512e-a17f-b67113792a2d', '580c167e-beaa-5ddc-958d-8d39c7edd32f') on conflict do nothing;
insert into public.curriculum_lesson_standards (lesson_id, standard_id) values ('f641635f-c718-512e-a17f-b67113792a2d', 'c69e1aff-08d3-5a37-9431-f7cf90e4f062') on conflict do nothing;
insert into public.curriculum_lessons (id, library_id, sequence_index, source_lesson_code, title, objective) values ('56d13943-86a5-56a4-ac31-673aa8d88ef4', '42512171-9c1e-537b-b13c-9799aca71579', 18, '3.03', '3.03: Reflections', 'Let''s flip figures over a line of symmetry.') on conflict (library_id, sequence_index) do update set source_lesson_code = excluded.source_lesson_code, title = excluded.title, objective = excluded.objective;
insert into public.curriculum_lesson_standards (lesson_id, standard_id) values ('56d13943-86a5-56a4-ac31-673aa8d88ef4', 'd0ca1901-0356-5d2e-b609-8fe13e5ed5fe') on conflict do nothing;
insert into public.curriculum_lesson_standards (lesson_id, standard_id) values ('56d13943-86a5-56a4-ac31-673aa8d88ef4', 'bbec79f4-7e12-531d-9fab-22403d788d6d') on conflict do nothing;
insert into public.curriculum_lessons (id, library_id, sequence_index, source_lesson_code, title, objective) values ('e03b12b3-e075-5eee-aea7-f5ed7aaf0a4e', '23d72045-7343-560e-a028-5105320ad19d', 18, '3.01', '3.01: Interpreting Graphs', 'Let''s describe key features of function graphs.') on conflict (library_id, sequence_index) do update set source_lesson_code = excluded.source_lesson_code, title = excluded.title, objective = excluded.objective;
insert into public.curriculum_lesson_standards (lesson_id, standard_id) values ('e03b12b3-e075-5eee-aea7-f5ed7aaf0a4e', 'a337895a-3a09-57c4-a135-672808d0cd90') on conflict do nothing;
insert into public.curriculum_lessons (id, library_id, sequence_index, source_lesson_code, title, objective) values ('108ac76a-6fb7-5d2e-922d-c5e26ee374b4', 'b2429d1b-0327-5182-b112-d953d3213527', 18, '2.07', '2.07: Factored and Standard Forms of Polynomials', 'Let''s convert between different polynomial algebraic forms.') on conflict (library_id, sequence_index) do update set source_lesson_code = excluded.source_lesson_code, title = excluded.title, objective = excluded.objective;
insert into public.curriculum_lesson_standards (lesson_id, standard_id) values ('108ac76a-6fb7-5d2e-922d-c5e26ee374b4', 'b9fd4555-e12f-52cd-8640-a4409623f591') on conflict do nothing;
insert into public.curriculum_lesson_standards (lesson_id, standard_id) values ('108ac76a-6fb7-5d2e-922d-c5e26ee374b4', '05d8d418-aa41-59df-b27d-5470446f2434') on conflict do nothing;
insert into public.curriculum_lessons (id, library_id, sequence_index, source_lesson_code, title, objective) values ('07a356da-0d15-5e1f-a2f3-a45d2b09e8c2', 'ebcdd3cd-bf22-5699-a207-1b3d8351b4c7', 18, '2.04', '2.04: Derivative Patterns', 'Let''s discover the power rule for polynomials.') on conflict (library_id, sequence_index) do update set source_lesson_code = excluded.source_lesson_code, title = excluded.title, objective = excluded.objective;
insert into public.curriculum_lesson_standards (lesson_id, standard_id) values ('07a356da-0d15-5e1f-a2f3-a45d2b09e8c2', '10e09fd8-9b98-5f26-9a4b-f419107720e8') on conflict do nothing;
insert into public.curriculum_lesson_standards (lesson_id, standard_id) values ('07a356da-0d15-5e1f-a2f3-a45d2b09e8c2', '2fc09afa-03f2-53fd-bf6a-e7d5ee89ad51') on conflict do nothing;
insert into public.curriculum_lessons (id, library_id, sequence_index, source_lesson_code, title, objective) values ('55e7369c-7642-5136-b2ce-99b2691e057e', '3db67302-f293-5cab-95c6-32c38c3d1ae5', 18, '3.02', '3.02: Correlation', 'Let''s measure the strength of linear relationships.') on conflict (library_id, sequence_index) do update set source_lesson_code = excluded.source_lesson_code, title = excluded.title, objective = excluded.objective;
insert into public.curriculum_lesson_standards (lesson_id, standard_id) values ('55e7369c-7642-5136-b2ce-99b2691e057e', '10e09fd8-9b98-5f26-9a4b-f419107720e8') on conflict do nothing;
insert into public.curriculum_lesson_standards (lesson_id, standard_id) values ('55e7369c-7642-5136-b2ce-99b2691e057e', '4e7c5093-6246-577f-a09a-f74094bee59b') on conflict do nothing;
insert into public.curriculum_lessons (id, library_id, sequence_index, source_lesson_code, title, objective) values ('a2fe5061-46e7-5052-814c-567a97294c4c', 'ee1aa8ee-fb37-5488-95c2-42ff926265cb', 19, 'Review 2.05-2.08', 'Review 2.05-2.08', 'Let''s review graphing and different linear forms.') on conflict (library_id, sequence_index) do update set source_lesson_code = excluded.source_lesson_code, title = excluded.title, objective = excluded.objective;
insert into public.curriculum_lesson_standards (lesson_id, standard_id) values ('a2fe5061-46e7-5052-814c-567a97294c4c', '580c167e-beaa-5ddc-958d-8d39c7edd32f') on conflict do nothing;
insert into public.curriculum_lesson_standards (lesson_id, standard_id) values ('a2fe5061-46e7-5052-814c-567a97294c4c', 'c69e1aff-08d3-5a37-9431-f7cf90e4f062') on conflict do nothing;
insert into public.curriculum_lessons (id, library_id, sequence_index, source_lesson_code, title, objective) values ('9be6d400-45f7-5657-b45d-e3b611c65a97', '42512171-9c1e-537b-b13c-9799aca71579', 19, '3.04', '3.04: Rotations', 'Let''s turn figures around a fixed center point.') on conflict (library_id, sequence_index) do update set source_lesson_code = excluded.source_lesson_code, title = excluded.title, objective = excluded.objective;
insert into public.curriculum_lesson_standards (lesson_id, standard_id) values ('9be6d400-45f7-5657-b45d-e3b611c65a97', 'd0ca1901-0356-5d2e-b609-8fe13e5ed5fe') on conflict do nothing;
insert into public.curriculum_lesson_standards (lesson_id, standard_id) values ('9be6d400-45f7-5657-b45d-e3b611c65a97', 'bbec79f4-7e12-531d-9fab-22403d788d6d') on conflict do nothing;
insert into public.curriculum_lessons (id, library_id, sequence_index, source_lesson_code, title, objective) values ('532317be-5079-5c24-8b4b-671c097c6d98', '23d72045-7343-560e-a028-5105320ad19d', 19, '3.02', '3.02: What is a Function?', 'Let''s identify relations with unique outputs for inputs.') on conflict (library_id, sequence_index) do update set source_lesson_code = excluded.source_lesson_code, title = excluded.title, objective = excluded.objective;
insert into public.curriculum_lesson_standards (lesson_id, standard_id) values ('532317be-5079-5c24-8b4b-671c097c6d98', '70ae07af-6dc9-5ad6-aa1b-5aa60a7b308f') on conflict do nothing;
insert into public.curriculum_lessons (id, library_id, sequence_index, source_lesson_code, title, objective) values ('c12d9fbd-484d-555f-8c39-5c1a1dc2235f', 'b2429d1b-0327-5182-b112-d953d3213527', 19, '2.08', '2.08: Equivalent Representations of Rational Functions', 'Let''s rewrite rational expressions to reveal features.') on conflict (library_id, sequence_index) do update set source_lesson_code = excluded.source_lesson_code, title = excluded.title, objective = excluded.objective;
insert into public.curriculum_lesson_standards (lesson_id, standard_id) values ('c12d9fbd-484d-555f-8c39-5c1a1dc2235f', 'b9fd4555-e12f-52cd-8640-a4409623f591') on conflict do nothing;
insert into public.curriculum_lesson_standards (lesson_id, standard_id) values ('c12d9fbd-484d-555f-8c39-5c1a1dc2235f', 'f0c3f195-6864-5de7-815b-07b74373e8e1') on conflict do nothing;
insert into public.curriculum_lessons (id, library_id, sequence_index, source_lesson_code, title, objective) values ('583158c7-7ceb-5bbb-ab31-5211a93cef1a', 'ebcdd3cd-bf22-5699-a207-1b3d8351b4c7', 19, 'Review 2.03-2.04', 'Review 2.03-2.04', 'Let''s review differentiability and basic power rules.') on conflict (library_id, sequence_index) do update set source_lesson_code = excluded.source_lesson_code, title = excluded.title, objective = excluded.objective;
insert into public.curriculum_lessons (id, library_id, sequence_index, source_lesson_code, title, objective) values ('4a4a76d4-42bc-5aa2-9cd9-e3c08a051a78', '3db67302-f293-5cab-95c6-32c38c3d1ae5', 19, '3.03', '3.03: Making Predictions', 'Let''s find and use least-squares regression lines.') on conflict (library_id, sequence_index) do update set source_lesson_code = excluded.source_lesson_code, title = excluded.title, objective = excluded.objective;
insert into public.curriculum_lesson_standards (lesson_id, standard_id) values ('4a4a76d4-42bc-5aa2-9cd9-e3c08a051a78', '92c41c8d-8230-52dc-83d9-8cd0d66d8507') on conflict do nothing;
insert into public.curriculum_lesson_standards (lesson_id, standard_id) values ('4a4a76d4-42bc-5aa2-9cd9-e3c08a051a78', 'cf9a5b3f-8666-55fe-82c9-5920c95d48b6') on conflict do nothing;
insert into public.curriculum_lesson_standards (lesson_id, standard_id) values ('4a4a76d4-42bc-5aa2-9cd9-e3c08a051a78', '3921dc22-4b38-53a2-aa3a-4009e452bb06') on conflict do nothing;
insert into public.curriculum_lessons (id, library_id, sequence_index, source_lesson_code, title, objective) values ('bd36b1c5-894b-5933-a703-36982e55f61b', 'ee1aa8ee-fb37-5488-95c2-42ff926265cb', 20, '3.01', '3.01: Exploring Equivalence', 'Let''s define what makes two expressions equal.') on conflict (library_id, sequence_index) do update set source_lesson_code = excluded.source_lesson_code, title = excluded.title, objective = excluded.objective;
insert into public.curriculum_lessons (id, library_id, sequence_index, source_lesson_code, title, objective) values ('43b56773-9e8f-595c-af17-230c1beb8064', '42512171-9c1e-537b-b13c-9799aca71579', 20, 'Review 3.01-3.04', 'Review 3.01-3.04', 'Let''s review slides, flips, and turns.') on conflict (library_id, sequence_index) do update set source_lesson_code = excluded.source_lesson_code, title = excluded.title, objective = excluded.objective;
insert into public.curriculum_lessons (id, library_id, sequence_index, source_lesson_code, title, objective) values ('0fa87dcc-e317-53e0-b4ef-367a18dd9c18', '23d72045-7343-560e-a028-5105320ad19d', 20, '3.03', '3.03: Translating Functions', 'Let''s slide function graphs horizontally and vertically.') on conflict (library_id, sequence_index) do update set source_lesson_code = excluded.source_lesson_code, title = excluded.title, objective = excluded.objective;
insert into public.curriculum_lesson_standards (lesson_id, standard_id) values ('0fa87dcc-e317-53e0-b4ef-367a18dd9c18', '444d2808-cd0e-5ecd-89da-9fcb58c9e9f8') on conflict do nothing;
insert into public.curriculum_lessons (id, library_id, sequence_index, source_lesson_code, title, objective) values ('4ae63c85-3d9d-5b16-a3d9-ac0e366b8cb8', 'b2429d1b-0327-5182-b112-d953d3213527', 20, '2.09', '2.09: The Binomial Theorem', 'Let''s expand binomial powers using Pascal''s Triangle.') on conflict (library_id, sequence_index) do update set source_lesson_code = excluded.source_lesson_code, title = excluded.title, objective = excluded.objective;
insert into public.curriculum_lesson_standards (lesson_id, standard_id) values ('4ae63c85-3d9d-5b16-a3d9-ac0e366b8cb8', '4347b2ec-2ac0-5ea0-9f3c-1acf24e0644d') on conflict do nothing;
insert into public.curriculum_lesson_standards (lesson_id, standard_id) values ('4ae63c85-3d9d-5b16-a3d9-ac0e366b8cb8', '06186930-1451-5bee-afd3-4ebd2a221caf') on conflict do nothing;
insert into public.curriculum_lessons (id, library_id, sequence_index, source_lesson_code, title, objective) values ('4eb99626-c077-5e63-b0b5-0f153961fa7a', 'ebcdd3cd-bf22-5699-a207-1b3d8351b4c7', 20, '2.05', '2.05: Derivatives of Sine and Cosine', 'Let''s differentiate basic trigonometric functions.') on conflict (library_id, sequence_index) do update set source_lesson_code = excluded.source_lesson_code, title = excluded.title, objective = excluded.objective;
insert into public.curriculum_lesson_standards (lesson_id, standard_id) values ('4eb99626-c077-5e63-b0b5-0f153961fa7a', '926fcfdc-26c9-5c38-8afe-fe14bb8f4c24') on conflict do nothing;
insert into public.curriculum_lesson_standards (lesson_id, standard_id) values ('4eb99626-c077-5e63-b0b5-0f153961fa7a', '9971fa84-a7ca-55fa-8635-6f9be3827246') on conflict do nothing;
insert into public.curriculum_lessons (id, library_id, sequence_index, source_lesson_code, title, objective) values ('c0af528a-21a0-59d9-af22-faf2043a263a', '3db67302-f293-5cab-95c6-32c38c3d1ae5', 20, 'Review 3.01-3.03', 'Review 3.01-3.03', 'Let''s review scatterplots, correlation, and regression.') on conflict (library_id, sequence_index) do update set source_lesson_code = excluded.source_lesson_code, title = excluded.title, objective = excluded.objective;
insert into public.curriculum_lessons (id, library_id, sequence_index, source_lesson_code, title, objective) values ('f0b9e07f-a248-53f1-ac22-7a4a4f53acca', 'ee1aa8ee-fb37-5488-95c2-42ff926265cb', 21, '3.02', '3.02: Representing and Solving Linear Problems', 'Let''s turn word problems into solvable equations.') on conflict (library_id, sequence_index) do update set source_lesson_code = excluded.source_lesson_code, title = excluded.title, objective = excluded.objective;
insert into public.curriculum_lesson_standards (lesson_id, standard_id) values ('f0b9e07f-a248-53f1-ac22-7a4a4f53acca', 'fa2aedcd-e63d-5c5d-86e0-f5fd03e32b42') on conflict do nothing;
insert into public.curriculum_lesson_standards (lesson_id, standard_id) values ('f0b9e07f-a248-53f1-ac22-7a4a4f53acca', '1ece07a9-cbad-5c57-afb2-eac346b507d1') on conflict do nothing;
insert into public.curriculum_lessons (id, library_id, sequence_index, source_lesson_code, title, objective) values ('35d87fd9-939c-57d7-bfad-c29525a37c6f', '42512171-9c1e-537b-b13c-9799aca71579', 21, '3.05', '3.05: Compositions of Transformations', 'Let''s perform multiple moves on one figure.') on conflict (library_id, sequence_index) do update set source_lesson_code = excluded.source_lesson_code, title = excluded.title, objective = excluded.objective;
insert into public.curriculum_lesson_standards (lesson_id, standard_id) values ('35d87fd9-939c-57d7-bfad-c29525a37c6f', 'bbec79f4-7e12-531d-9fab-22403d788d6d') on conflict do nothing;
insert into public.curriculum_lesson_standards (lesson_id, standard_id) values ('35d87fd9-939c-57d7-bfad-c29525a37c6f', 'e3d03512-ff75-56e9-9d1e-f5852423564f') on conflict do nothing;
insert into public.curriculum_lessons (id, library_id, sequence_index, source_lesson_code, title, objective) values ('4c726ce2-ff8c-576a-8747-b568ce0d85ce', '23d72045-7343-560e-a028-5105320ad19d', 21, 'Review 3.01-3.03', 'Review 3.01-3.03', 'Let''s review function definitions and basic translations.') on conflict (library_id, sequence_index) do update set source_lesson_code = excluded.source_lesson_code, title = excluded.title, objective = excluded.objective;
insert into public.curriculum_lessons (id, library_id, sequence_index, source_lesson_code, title, objective) values ('2a300fbb-1bde-525a-aef7-70b780c33328', 'b2429d1b-0327-5182-b112-d953d3213527', 21, 'Review 2.05-2.09', 'Review 2.05-2.09', 'Let''s review rational graphs and algebraic representations.') on conflict (library_id, sequence_index) do update set source_lesson_code = excluded.source_lesson_code, title = excluded.title, objective = excluded.objective;
insert into public.curriculum_lessons (id, library_id, sequence_index, source_lesson_code, title, objective) values ('2041496a-b651-508d-b860-3f679cd1f712', 'ebcdd3cd-bf22-5699-a207-1b3d8351b4c7', 21, '2.06', '2.06: Derivatives of e^x and \ln x', 'Let''s find derivatives for exponential functions.') on conflict (library_id, sequence_index) do update set source_lesson_code = excluded.source_lesson_code, title = excluded.title, objective = excluded.objective;
insert into public.curriculum_lesson_standards (lesson_id, standard_id) values ('2041496a-b651-508d-b860-3f679cd1f712', '926fcfdc-26c9-5c38-8afe-fe14bb8f4c24') on conflict do nothing;
insert into public.curriculum_lesson_standards (lesson_id, standard_id) values ('2041496a-b651-508d-b860-3f679cd1f712', '8997cf5d-6ec3-5c72-a257-b512a6cdb2fa') on conflict do nothing;
insert into public.curriculum_lessons (id, library_id, sequence_index, source_lesson_code, title, objective) values ('a0978d3e-11fb-55c8-a35e-2a29ca6dd89e', '3db67302-f293-5cab-95c6-32c38c3d1ae5', 21, '3.04', '3.04: Residual Plots', 'Let''s check if linear models are appropriate.') on conflict (library_id, sequence_index) do update set source_lesson_code = excluded.source_lesson_code, title = excluded.title, objective = excluded.objective;
insert into public.curriculum_lesson_standards (lesson_id, standard_id) values ('a0978d3e-11fb-55c8-a35e-2a29ca6dd89e', '926fcfdc-26c9-5c38-8afe-fe14bb8f4c24') on conflict do nothing;
insert into public.curriculum_lesson_standards (lesson_id, standard_id) values ('a0978d3e-11fb-55c8-a35e-2a29ca6dd89e', 'c6ff0b76-0fae-597e-a426-851df398e066') on conflict do nothing;
insert into public.curriculum_lessons (id, library_id, sequence_index, source_lesson_code, title, objective) values ('13440617-ac49-5784-bebb-29141acab201', 'ee1aa8ee-fb37-5488-95c2-42ff926265cb', 22, '3.03', '3.03: Solving Linear Equations by Balancing', 'Let''s perform the same operation on both sides.') on conflict (library_id, sequence_index) do update set source_lesson_code = excluded.source_lesson_code, title = excluded.title, objective = excluded.objective;
insert into public.curriculum_lesson_standards (lesson_id, standard_id) values ('13440617-ac49-5784-bebb-29141acab201', 'fa2aedcd-e63d-5c5d-86e0-f5fd03e32b42') on conflict do nothing;
insert into public.curriculum_lessons (id, library_id, sequence_index, source_lesson_code, title, objective) values ('e19bfea5-068d-5387-908b-068843faaf8b', '42512171-9c1e-537b-b13c-9799aca71579', 22, '3.06', '3.06: Definition of Congruence', 'Let''s prove figures are identical through transformations.') on conflict (library_id, sequence_index) do update set source_lesson_code = excluded.source_lesson_code, title = excluded.title, objective = excluded.objective;
insert into public.curriculum_lesson_standards (lesson_id, standard_id) values ('e19bfea5-068d-5387-908b-068843faaf8b', '3bdffdf8-cfed-5d8b-92a1-99d41cce9758') on conflict do nothing;
insert into public.curriculum_lesson_standards (lesson_id, standard_id) values ('e19bfea5-068d-5387-908b-068843faaf8b', 'e3d03512-ff75-56e9-9d1e-f5852423564f') on conflict do nothing;
insert into public.curriculum_lessons (id, library_id, sequence_index, source_lesson_code, title, objective) values ('7e113825-a799-50c5-86d6-f04ac5c2e1c6', '23d72045-7343-560e-a028-5105320ad19d', 22, '3.04', '3.04: Quadratic Functions and Translations', 'Let''s move parabolas around the coordinate plane.') on conflict (library_id, sequence_index) do update set source_lesson_code = excluded.source_lesson_code, title = excluded.title, objective = excluded.objective;
insert into public.curriculum_lesson_standards (lesson_id, standard_id) values ('7e113825-a799-50c5-86d6-f04ac5c2e1c6', '444d2808-cd0e-5ecd-89da-9fcb58c9e9f8') on conflict do nothing;
insert into public.curriculum_lesson_standards (lesson_id, standard_id) values ('7e113825-a799-50c5-86d6-f04ac5c2e1c6', '694cf6ef-214e-58cf-a9db-30fb47f11b88') on conflict do nothing;
insert into public.curriculum_lessons (id, library_id, sequence_index, source_lesson_code, title, objective) values ('4f5cb31c-d64b-5b57-88a6-5e85efc554f0', 'b2429d1b-0327-5182-b112-d953d3213527', 22, '3.01', '3.01: A Library of Parent Functions', 'Let''s identify basic shapes of common function families.') on conflict (library_id, sequence_index) do update set source_lesson_code = excluded.source_lesson_code, title = excluded.title, objective = excluded.objective;
insert into public.curriculum_lesson_standards (lesson_id, standard_id) values ('4f5cb31c-d64b-5b57-88a6-5e85efc554f0', 'a5069634-7428-5aa5-8696-b2e9bbbec1a8') on conflict do nothing;
insert into public.curriculum_lesson_standards (lesson_id, standard_id) values ('4f5cb31c-d64b-5b57-88a6-5e85efc554f0', '18b326c9-edf0-5cc3-bfb2-83ac12d2ec40') on conflict do nothing;
insert into public.curriculum_lessons (id, library_id, sequence_index, source_lesson_code, title, objective) values ('fca2c94e-b512-5eaf-97ce-2975718c5aed', 'ebcdd3cd-bf22-5699-a207-1b3d8351b4c7', 22, '2.07', '2.07: The Product Rule', 'Let''s differentiate two functions multiplied together.') on conflict (library_id, sequence_index) do update set source_lesson_code = excluded.source_lesson_code, title = excluded.title, objective = excluded.objective;
insert into public.curriculum_lesson_standards (lesson_id, standard_id) values ('fca2c94e-b512-5eaf-97ce-2975718c5aed', 'a2389bc0-e7d1-5e83-8a69-1fb66c8a8040') on conflict do nothing;
insert into public.curriculum_lessons (id, library_id, sequence_index, source_lesson_code, title, objective) values ('6ae4f813-3100-59f7-85c9-a88e5dfde00e', '3db67302-f293-5cab-95c6-32c38c3d1ae5', 22, '3.05', '3.05: Outliers, High-Leverage, and Influential Points', 'Let''s identify points that change our model.') on conflict (library_id, sequence_index) do update set source_lesson_code = excluded.source_lesson_code, title = excluded.title, objective = excluded.objective;
insert into public.curriculum_lesson_standards (lesson_id, standard_id) values ('6ae4f813-3100-59f7-85c9-a88e5dfde00e', 'a2389bc0-e7d1-5e83-8a69-1fb66c8a8040') on conflict do nothing;
insert into public.curriculum_lessons (id, library_id, sequence_index, source_lesson_code, title, objective) values ('0ffe13e1-3bc4-5ed1-a100-6366ec3c72c6', 'ee1aa8ee-fb37-5488-95c2-42ff926265cb', 23, '3.04', '3.04: Reasoning with Linear Equations', 'Let''s justify each step of our solution.') on conflict (library_id, sequence_index) do update set source_lesson_code = excluded.source_lesson_code, title = excluded.title, objective = excluded.objective;
insert into public.curriculum_lesson_standards (lesson_id, standard_id) values ('0ffe13e1-3bc4-5ed1-a100-6366ec3c72c6', '9a64a091-255f-548a-95e9-ae0667787912') on conflict do nothing;
insert into public.curriculum_lesson_standards (lesson_id, standard_id) values ('0ffe13e1-3bc4-5ed1-a100-6366ec3c72c6', 'fa2aedcd-e63d-5c5d-86e0-f5fd03e32b42') on conflict do nothing;
insert into public.curriculum_lessons (id, library_id, sequence_index, source_lesson_code, title, objective) values ('53ac5777-c38b-558f-9a49-ac2e0308cd22', '42512171-9c1e-537b-b13c-9799aca71579', 23, '3.07', '3.07: Coordinate Connection: Transformations of Equations', 'Let''s apply transformations to linear functions.') on conflict (library_id, sequence_index) do update set source_lesson_code = excluded.source_lesson_code, title = excluded.title, objective = excluded.objective;
insert into public.curriculum_lesson_standards (lesson_id, standard_id) values ('53ac5777-c38b-558f-9a49-ac2e0308cd22', '444d2808-cd0e-5ecd-89da-9fcb58c9e9f8') on conflict do nothing;
insert into public.curriculum_lesson_standards (lesson_id, standard_id) values ('53ac5777-c38b-558f-9a49-ac2e0308cd22', '580c167e-beaa-5ddc-958d-8d39c7edd32f') on conflict do nothing;
insert into public.curriculum_lessons (id, library_id, sequence_index, source_lesson_code, title, objective) values ('87c83417-785f-5c0b-bd82-488d40376212', '23d72045-7343-560e-a028-5105320ad19d', 23, '3.05', '3.05: Square Root Functions and Reflections', 'Let''s flip radical graphs across the axes.') on conflict (library_id, sequence_index) do update set source_lesson_code = excluded.source_lesson_code, title = excluded.title, objective = excluded.objective;
insert into public.curriculum_lesson_standards (lesson_id, standard_id) values ('87c83417-785f-5c0b-bd82-488d40376212', '444d2808-cd0e-5ecd-89da-9fcb58c9e9f8') on conflict do nothing;
insert into public.curriculum_lesson_standards (lesson_id, standard_id) values ('87c83417-785f-5c0b-bd82-488d40376212', 'a755be9f-2332-552e-ada0-60951c433616') on conflict do nothing;
insert into public.curriculum_lessons (id, library_id, sequence_index, source_lesson_code, title, objective) values ('8070b27c-7717-5a3a-8ec5-d0e0cd657147', 'b2429d1b-0327-5182-b112-d953d3213527', 23, '3.02', '3.02: Transformations of Functions', 'Let''s shift and stretch parent function graphs.') on conflict (library_id, sequence_index) do update set source_lesson_code = excluded.source_lesson_code, title = excluded.title, objective = excluded.objective;
insert into public.curriculum_lesson_standards (lesson_id, standard_id) values ('8070b27c-7717-5a3a-8ec5-d0e0cd657147', 'a5069634-7428-5aa5-8696-b2e9bbbec1a8') on conflict do nothing;
insert into public.curriculum_lesson_standards (lesson_id, standard_id) values ('8070b27c-7717-5a3a-8ec5-d0e0cd657147', '9c5bca10-1c6a-5f28-8029-a0a64c48da81') on conflict do nothing;
insert into public.curriculum_lessons (id, library_id, sequence_index, source_lesson_code, title, objective) values ('f446c1b5-db84-54a3-9402-f3bd32bae14c', 'ebcdd3cd-bf22-5699-a207-1b3d8351b4c7', 23, '2.08', '2.08: The Quotient Rule', 'Let''s differentiate two functions divided together.') on conflict (library_id, sequence_index) do update set source_lesson_code = excluded.source_lesson_code, title = excluded.title, objective = excluded.objective;
insert into public.curriculum_lesson_standards (lesson_id, standard_id) values ('f446c1b5-db84-54a3-9402-f3bd32bae14c', '4310e182-8765-58b8-94a6-c5030176ff23') on conflict do nothing;
insert into public.curriculum_lessons (id, library_id, sequence_index, source_lesson_code, title, objective) values ('50f1e7f0-92dc-53c5-8dc4-19b690f46e4e', '3db67302-f293-5cab-95c6-32c38c3d1ae5', 23, '3.06', '3.06: Transforming Non-linear Data', 'Let''s use logarithms to linearize curved data.') on conflict (library_id, sequence_index) do update set source_lesson_code = excluded.source_lesson_code, title = excluded.title, objective = excluded.objective;
insert into public.curriculum_lesson_standards (lesson_id, standard_id) values ('50f1e7f0-92dc-53c5-8dc4-19b690f46e4e', '4310e182-8765-58b8-94a6-c5030176ff23') on conflict do nothing;
insert into public.curriculum_lesson_standards (lesson_id, standard_id) values ('50f1e7f0-92dc-53c5-8dc4-19b690f46e4e', 'cf9a5b3f-8666-55fe-82c9-5920c95d48b6') on conflict do nothing;
insert into public.curriculum_lessons (id, library_id, sequence_index, source_lesson_code, title, objective) values ('771f656e-8512-547b-8dd9-34047dba3fd7', 'ee1aa8ee-fb37-5488-95c2-42ff926265cb', 24, '3.05', '3.05: Solving Equations Using Inverse Operations', 'Let''s undo operations to isolate the variable.') on conflict (library_id, sequence_index) do update set source_lesson_code = excluded.source_lesson_code, title = excluded.title, objective = excluded.objective;
insert into public.curriculum_lesson_standards (lesson_id, standard_id) values ('771f656e-8512-547b-8dd9-34047dba3fd7', '8e4fc3e5-68d4-550e-b709-6f4d5eb859b3') on conflict do nothing;
insert into public.curriculum_lessons (id, library_id, sequence_index, source_lesson_code, title, objective) values ('28e600d0-f6fc-5ddd-84a9-18f486443d17', '42512171-9c1e-537b-b13c-9799aca71579', 24, 'Review 3.05-3.07', 'Review 3.05-3.07', 'Let''s review complex moves and congruent figures.') on conflict (library_id, sequence_index) do update set source_lesson_code = excluded.source_lesson_code, title = excluded.title, objective = excluded.objective;
insert into public.curriculum_lessons (id, library_id, sequence_index, source_lesson_code, title, objective) values ('4ae913e1-11d0-59f0-9552-068be896cc82', '23d72045-7343-560e-a028-5105320ad19d', 24, '3.06', '3.06: Absolute Value Functions and Dilations', 'Let''s stretch and compress V-shaped function graphs.') on conflict (library_id, sequence_index) do update set source_lesson_code = excluded.source_lesson_code, title = excluded.title, objective = excluded.objective;
insert into public.curriculum_lesson_standards (lesson_id, standard_id) values ('4ae913e1-11d0-59f0-9552-068be896cc82', '444d2808-cd0e-5ecd-89da-9fcb58c9e9f8') on conflict do nothing;
insert into public.curriculum_lesson_standards (lesson_id, standard_id) values ('4ae913e1-11d0-59f0-9552-068be896cc82', 'a755be9f-2332-552e-ada0-60951c433616') on conflict do nothing;
insert into public.curriculum_lessons (id, library_id, sequence_index, source_lesson_code, title, objective) values ('3dd704fd-c03a-5bb9-9ef2-52ae68f8f38b', 'b2429d1b-0327-5182-b112-d953d3213527', 24, '3.02', '3.02: Transformations of Functions (Part 2)', 'Let''s apply multiple transformations to one function.') on conflict (library_id, sequence_index) do update set source_lesson_code = excluded.source_lesson_code, title = excluded.title, objective = excluded.objective;
insert into public.curriculum_lesson_standards (lesson_id, standard_id) values ('3dd704fd-c03a-5bb9-9ef2-52ae68f8f38b', 'a5069634-7428-5aa5-8696-b2e9bbbec1a8') on conflict do nothing;
insert into public.curriculum_lesson_standards (lesson_id, standard_id) values ('3dd704fd-c03a-5bb9-9ef2-52ae68f8f38b', '9c5bca10-1c6a-5f28-8029-a0a64c48da81') on conflict do nothing;
insert into public.curriculum_lessons (id, library_id, sequence_index, source_lesson_code, title, objective) values ('bd59a860-2512-599e-b6d1-7d82d353cf2f', 'ebcdd3cd-bf22-5699-a207-1b3d8351b4c7', 24, '2.09', '2.09: Derivatives of Other Trig Functions', 'Let''s find derivatives for tangent and secant.') on conflict (library_id, sequence_index) do update set source_lesson_code = excluded.source_lesson_code, title = excluded.title, objective = excluded.objective;
insert into public.curriculum_lesson_standards (lesson_id, standard_id) values ('bd59a860-2512-599e-b6d1-7d82d353cf2f', 'b09abd5c-18e1-53f1-a751-02373160e25b') on conflict do nothing;
insert into public.curriculum_lesson_standards (lesson_id, standard_id) values ('bd59a860-2512-599e-b6d1-7d82d353cf2f', '9971fa84-a7ca-55fa-8635-6f9be3827246') on conflict do nothing;
insert into public.curriculum_lessons (id, library_id, sequence_index, source_lesson_code, title, objective) values ('ca933873-6ac3-50a0-9859-c7229604b9d3', '3db67302-f293-5cab-95c6-32c38c3d1ae5', 24, '3.07', '3.07: Choosing the Best Model', 'Let''s select models using r^2 and residuals.') on conflict (library_id, sequence_index) do update set source_lesson_code = excluded.source_lesson_code, title = excluded.title, objective = excluded.objective;
insert into public.curriculum_lesson_standards (lesson_id, standard_id) values ('ca933873-6ac3-50a0-9859-c7229604b9d3', 'a2389bc0-e7d1-5e83-8a69-1fb66c8a8040') on conflict do nothing;
insert into public.curriculum_lesson_standards (lesson_id, standard_id) values ('ca933873-6ac3-50a0-9859-c7229604b9d3', '0a8f03c6-75e2-5c3c-907c-cce81d7eb5d5') on conflict do nothing;
insert into public.curriculum_lessons (id, library_id, sequence_index, source_lesson_code, title, objective) values ('8c23c9e1-a95b-5793-9e0c-4af2caa9ac2f', 'ee1aa8ee-fb37-5488-95c2-42ff926265cb', 25, 'Review 3.01-3.05', 'Review 3.01-3.05', 'Let''s review solving multi-step linear equations.') on conflict (library_id, sequence_index) do update set source_lesson_code = excluded.source_lesson_code, title = excluded.title, objective = excluded.objective;
insert into public.curriculum_lesson_standards (lesson_id, standard_id) values ('8c23c9e1-a95b-5793-9e0c-4af2caa9ac2f', '8e4fc3e5-68d4-550e-b709-6f4d5eb859b3') on conflict do nothing;
insert into public.curriculum_lessons (id, library_id, sequence_index, source_lesson_code, title, objective) values ('c7fc9732-3f58-5f66-a6e6-fd948156939d', '42512171-9c1e-537b-b13c-9799aca71579', 25, '4.01', '4.01: What Makes a Triangle?', 'Let''s explore the triangle inequality theorem.') on conflict (library_id, sequence_index) do update set source_lesson_code = excluded.source_lesson_code, title = excluded.title, objective = excluded.objective;
insert into public.curriculum_lesson_standards (lesson_id, standard_id) values ('c7fc9732-3f58-5f66-a6e6-fd948156939d', 'c261b7b3-2e90-59fd-bb40-444103884763') on conflict do nothing;
insert into public.curriculum_lessons (id, library_id, sequence_index, source_lesson_code, title, objective) values ('c9838197-1215-5ded-a11e-a6891876cdcd', '23d72045-7343-560e-a028-5105320ad19d', 25, '3.07', '3.07: Equations of Circles', 'Let''s write and graph equations for circles.') on conflict (library_id, sequence_index) do update set source_lesson_code = excluded.source_lesson_code, title = excluded.title, objective = excluded.objective;
insert into public.curriculum_lesson_standards (lesson_id, standard_id) values ('c9838197-1215-5ded-a11e-a6891876cdcd', 'e28bef7f-9f6b-5e38-9041-82c530acbd3c') on conflict do nothing;
insert into public.curriculum_lessons (id, library_id, sequence_index, source_lesson_code, title, objective) values ('19bbc5ae-0628-5297-9fcc-4e2f08887daf', 'b2429d1b-0327-5182-b112-d953d3213527', 25, '3.03', '3.03: Piecewise Functions', 'Let''s graph functions defined by different rules.') on conflict (library_id, sequence_index) do update set source_lesson_code = excluded.source_lesson_code, title = excluded.title, objective = excluded.objective;
insert into public.curriculum_lesson_standards (lesson_id, standard_id) values ('19bbc5ae-0628-5297-9fcc-4e2f08887daf', 'd8581930-8fdf-5180-9927-c0da928e39a6') on conflict do nothing;
insert into public.curriculum_lesson_standards (lesson_id, standard_id) values ('19bbc5ae-0628-5297-9fcc-4e2f08887daf', '8841c685-e01d-50f1-a0cd-109290a5fba4') on conflict do nothing;
insert into public.curriculum_lessons (id, library_id, sequence_index, source_lesson_code, title, objective) values ('b44e1ed3-fc01-5bbf-9d54-d6dde2898061', 'ebcdd3cd-bf22-5699-a207-1b3d8351b4c7', 25, 'Review 2.05-2.09', 'Review 2.05-2.09', 'Let''s review various rules for differentiation.') on conflict (library_id, sequence_index) do update set source_lesson_code = excluded.source_lesson_code, title = excluded.title, objective = excluded.objective;
insert into public.curriculum_lessons (id, library_id, sequence_index, source_lesson_code, title, objective) values ('3a52d24a-3dc6-5c48-a07a-0b66e4387de4', '3db67302-f293-5cab-95c6-32c38c3d1ae5', 25, 'Review 3.04-3.07', 'Review 3.04-3.07', 'Let''s review residuals, outliers, and transformations.') on conflict (library_id, sequence_index) do update set source_lesson_code = excluded.source_lesson_code, title = excluded.title, objective = excluded.objective;
insert into public.curriculum_lessons (id, library_id, sequence_index, source_lesson_code, title, objective) values ('6875175a-051d-51ac-aecb-b174e5858cb1', 'ee1aa8ee-fb37-5488-95c2-42ff926265cb', 26, '3.06', '3.06: Representing Scenarios with Inequalities', 'Let''s write inequalities to describe real constraints.') on conflict (library_id, sequence_index) do update set source_lesson_code = excluded.source_lesson_code, title = excluded.title, objective = excluded.objective;
insert into public.curriculum_lessons (id, library_id, sequence_index, source_lesson_code, title, objective) values ('0bb0a21e-aec4-521a-81c9-831240389453', '42512171-9c1e-537b-b13c-9799aca71579', 26, '4.02', '4.02: Triangle Properties', 'Let''s discover the sum of interior angles.') on conflict (library_id, sequence_index) do update set source_lesson_code = excluded.source_lesson_code, title = excluded.title, objective = excluded.objective;
insert into public.curriculum_lesson_standards (lesson_id, standard_id) values ('0bb0a21e-aec4-521a-81c9-831240389453', 'c261b7b3-2e90-59fd-bb40-444103884763') on conflict do nothing;
insert into public.curriculum_lessons (id, library_id, sequence_index, source_lesson_code, title, objective) values ('a211cb26-cda8-50e7-8d34-7c69d88c2e4a', '23d72045-7343-560e-a028-5105320ad19d', 26, 'Review 3.04-3.07', 'Review 3.04-3.07', 'Let''s review reflections, dilations, and circle equations.') on conflict (library_id, sequence_index) do update set source_lesson_code = excluded.source_lesson_code, title = excluded.title, objective = excluded.objective;
insert into public.curriculum_lessons (id, library_id, sequence_index, source_lesson_code, title, objective) values ('d4800361-8612-5136-af8f-835cb38b5e7a', 'b2429d1b-0327-5182-b112-d953d3213527', 26, 'Review 3.01-3.03', 'Review 3.01-3.03', 'Let''s review parent functions and their transformations.') on conflict (library_id, sequence_index) do update set source_lesson_code = excluded.source_lesson_code, title = excluded.title, objective = excluded.objective;
insert into public.curriculum_lessons (id, library_id, sequence_index, source_lesson_code, title, objective) values ('9816fb75-3a3b-5bfb-9782-702a4062800b', 'ebcdd3cd-bf22-5699-a207-1b3d8351b4c7', 26, '3.01', '3.01: The Chain Rule', 'Let''s differentiate functions nested inside others.') on conflict (library_id, sequence_index) do update set source_lesson_code = excluded.source_lesson_code, title = excluded.title, objective = excluded.objective;
insert into public.curriculum_lesson_standards (lesson_id, standard_id) values ('9816fb75-3a3b-5bfb-9782-702a4062800b', '350fed9d-41e8-59b8-9694-6c142561c148') on conflict do nothing;
insert into public.curriculum_lesson_standards (lesson_id, standard_id) values ('9816fb75-3a3b-5bfb-9782-702a4062800b', '2e7f4d37-0725-5d28-9a1f-9813858e0e33') on conflict do nothing;
insert into public.curriculum_lessons (id, library_id, sequence_index, source_lesson_code, title, objective) values ('98ebaa36-64a8-52b2-9df3-0838a8012060', '3db67302-f293-5cab-95c6-32c38c3d1ae5', 26, '3.08', '3.08: Barbie Bungee Finale', 'Let''s apply regression to a real-world challenge.') on conflict (library_id, sequence_index) do update set source_lesson_code = excluded.source_lesson_code, title = excluded.title, objective = excluded.objective;
insert into public.curriculum_lesson_standards (lesson_id, standard_id) values ('98ebaa36-64a8-52b2-9df3-0838a8012060', '92c41c8d-8230-52dc-83d9-8cd0d66d8507') on conflict do nothing;
insert into public.curriculum_lesson_standards (lesson_id, standard_id) values ('98ebaa36-64a8-52b2-9df3-0838a8012060', '0a8f03c6-75e2-5c3c-907c-cce81d7eb5d5') on conflict do nothing;
insert into public.curriculum_lessons (id, library_id, sequence_index, source_lesson_code, title, objective) values ('62ec082f-86ae-5b1d-ab40-e6d854bd4a8f', 'ee1aa8ee-fb37-5488-95c2-42ff926265cb', 27, '3.07', '3.07: Solutions to 1-Variable Inequalities', 'Let''s find all values that satisfy inequalities.') on conflict (library_id, sequence_index) do update set source_lesson_code = excluded.source_lesson_code, title = excluded.title, objective = excluded.objective;
insert into public.curriculum_lesson_standards (lesson_id, standard_id) values ('62ec082f-86ae-5b1d-ab40-e6d854bd4a8f', '23a11633-3171-5f6e-9f5a-35e5793fde71') on conflict do nothing;
insert into public.curriculum_lessons (id, library_id, sequence_index, source_lesson_code, title, objective) values ('5191439c-91e0-5f51-b21d-588ce34ae039', '42512171-9c1e-537b-b13c-9799aca71579', 27, '4.03', '4.03: Proving the Exterior Angle Conjecture', 'Let''s relate exterior angles to interior angles.') on conflict (library_id, sequence_index) do update set source_lesson_code = excluded.source_lesson_code, title = excluded.title, objective = excluded.objective;
insert into public.curriculum_lesson_standards (lesson_id, standard_id) values ('5191439c-91e0-5f51-b21d-588ce34ae039', 'c261b7b3-2e90-59fd-bb40-444103884763') on conflict do nothing;
insert into public.curriculum_lessons (id, library_id, sequence_index, source_lesson_code, title, objective) values ('627e7478-d489-57d0-b376-6d9f7b54aa66', '23d72045-7343-560e-a028-5105320ad19d', 27, '4.01', '4.01: Using Multiple Strategies to Solve Equations', 'Let''s use different methods to find unknown values.') on conflict (library_id, sequence_index) do update set source_lesson_code = excluded.source_lesson_code, title = excluded.title, objective = excluded.objective;
insert into public.curriculum_lesson_standards (lesson_id, standard_id) values ('627e7478-d489-57d0-b376-6d9f7b54aa66', 'd697ada1-4280-5815-a8cb-e522ee0f188b') on conflict do nothing;
insert into public.curriculum_lessons (id, library_id, sequence_index, source_lesson_code, title, objective) values ('fbf1418c-5441-5525-9962-2ae6ddfe7b2b', 'b2429d1b-0327-5182-b112-d953d3213527', 27, '3.04', '3.04: Selecting a Function Model', 'Let''s choose the best function for data.') on conflict (library_id, sequence_index) do update set source_lesson_code = excluded.source_lesson_code, title = excluded.title, objective = excluded.objective;
insert into public.curriculum_lesson_standards (lesson_id, standard_id) values ('fbf1418c-5441-5525-9962-2ae6ddfe7b2b', '667e8bfa-5fa9-5681-8eda-a2b5b7f84fe6') on conflict do nothing;
insert into public.curriculum_lesson_standards (lesson_id, standard_id) values ('fbf1418c-5441-5525-9962-2ae6ddfe7b2b', 'cf9a5b3f-8666-55fe-82c9-5920c95d48b6') on conflict do nothing;
insert into public.curriculum_lessons (id, library_id, sequence_index, source_lesson_code, title, objective) values ('a4ecaf56-84f4-5198-b461-9bfd85323d04', 'ebcdd3cd-bf22-5699-a207-1b3d8351b4c7', 27, '3.01', '3.01: The Chain Rule (Part 2)', 'Let''s apply the chain rule multiple times.') on conflict (library_id, sequence_index) do update set source_lesson_code = excluded.source_lesson_code, title = excluded.title, objective = excluded.objective;
insert into public.curriculum_lesson_standards (lesson_id, standard_id) values ('a4ecaf56-84f4-5198-b461-9bfd85323d04', '350fed9d-41e8-59b8-9694-6c142561c148') on conflict do nothing;
insert into public.curriculum_lesson_standards (lesson_id, standard_id) values ('a4ecaf56-84f4-5198-b461-9bfd85323d04', '2e7f4d37-0725-5d28-9a1f-9813858e0e33') on conflict do nothing;
insert into public.curriculum_lessons (id, library_id, sequence_index, source_lesson_code, title, objective) values ('4bc20e82-72ed-5489-a126-7d273ab4f64d', '3db67302-f293-5cab-95c6-32c38c3d1ae5', 27, '4.01', '4.01: Simple Random Sample', 'Let''s select samples where everyone is equal.') on conflict (library_id, sequence_index) do update set source_lesson_code = excluded.source_lesson_code, title = excluded.title, objective = excluded.objective;
insert into public.curriculum_lesson_standards (lesson_id, standard_id) values ('4bc20e82-72ed-5489-a126-7d273ab4f64d', 'd605e5ae-f551-535c-a819-aa7042a5ecc9') on conflict do nothing;
insert into public.curriculum_lesson_standards (lesson_id, standard_id) values ('4bc20e82-72ed-5489-a126-7d273ab4f64d', '5c77b2c2-9f0c-5a2a-a672-1685921b75f6') on conflict do nothing;
insert into public.curriculum_lessons (id, library_id, sequence_index, source_lesson_code, title, objective) values ('68a25b09-eb7f-5d71-8beb-95a8598594c7', 'ee1aa8ee-fb37-5488-95c2-42ff926265cb', 28, '3.08', '3.08: Reasoning with Inequalities', 'Let''s explain how inequality signs change.') on conflict (library_id, sequence_index) do update set source_lesson_code = excluded.source_lesson_code, title = excluded.title, objective = excluded.objective;
insert into public.curriculum_lesson_standards (lesson_id, standard_id) values ('68a25b09-eb7f-5d71-8beb-95a8598594c7', '23a11633-3171-5f6e-9f5a-35e5793fde71') on conflict do nothing;
insert into public.curriculum_lessons (id, library_id, sequence_index, source_lesson_code, title, objective) values ('da5ba83f-c870-542f-8697-a3832479cde9', '42512171-9c1e-537b-b13c-9799aca71579', 28, '4.04', '4.04: Angle Side Relationships in Triangles', 'Let''s compare side lengths to opposite angles.') on conflict (library_id, sequence_index) do update set source_lesson_code = excluded.source_lesson_code, title = excluded.title, objective = excluded.objective;
insert into public.curriculum_lesson_standards (lesson_id, standard_id) values ('da5ba83f-c870-542f-8697-a3832479cde9', 'c261b7b3-2e90-59fd-bb40-444103884763') on conflict do nothing;
insert into public.curriculum_lessons (id, library_id, sequence_index, source_lesson_code, title, objective) values ('f9cea43b-374c-571b-ae8e-3a3a495853d6', '23d72045-7343-560e-a028-5105320ad19d', 28, '4.02', '4.02: Solving Equations', 'Let''s isolate variables in complex algebraic equations.') on conflict (library_id, sequence_index) do update set source_lesson_code = excluded.source_lesson_code, title = excluded.title, objective = excluded.objective;
insert into public.curriculum_lesson_standards (lesson_id, standard_id) values ('f9cea43b-374c-571b-ae8e-3a3a495853d6', 'b8aef6cc-cc06-50bf-bde9-5e24a2cb9c5d') on conflict do nothing;
insert into public.curriculum_lessons (id, library_id, sequence_index, source_lesson_code, title, objective) values ('7f3b36aa-3e19-5492-8e05-35f6ea6c3f63', 'b2429d1b-0327-5182-b112-d953d3213527', 28, '3.05', '3.05: Constructing a Function Model', 'Let''s build equations to fit specific scenarios.') on conflict (library_id, sequence_index) do update set source_lesson_code = excluded.source_lesson_code, title = excluded.title, objective = excluded.objective;
insert into public.curriculum_lesson_standards (lesson_id, standard_id) values ('7f3b36aa-3e19-5492-8e05-35f6ea6c3f63', '667e8bfa-5fa9-5681-8eda-a2b5b7f84fe6') on conflict do nothing;
insert into public.curriculum_lesson_standards (lesson_id, standard_id) values ('7f3b36aa-3e19-5492-8e05-35f6ea6c3f63', 'd8d27f2c-f30a-59c8-b50e-b63bcd03d97a') on conflict do nothing;
insert into public.curriculum_lesson_standards (lesson_id, standard_id) values ('7f3b36aa-3e19-5492-8e05-35f6ea6c3f63', '9c35764e-da41-5bde-bd62-312178826f62') on conflict do nothing;
insert into public.curriculum_lessons (id, library_id, sequence_index, source_lesson_code, title, objective) values ('a965cc7c-e473-5c4a-bff7-ebfb20808eb8', 'ebcdd3cd-bf22-5699-a207-1b3d8351b4c7', 28, '3.01', '3.01: The Chain Rule (Part 3)', 'Let''s master complex composite function derivatives.') on conflict (library_id, sequence_index) do update set source_lesson_code = excluded.source_lesson_code, title = excluded.title, objective = excluded.objective;
insert into public.curriculum_lesson_standards (lesson_id, standard_id) values ('a965cc7c-e473-5c4a-bff7-ebfb20808eb8', '350fed9d-41e8-59b8-9694-6c142561c148') on conflict do nothing;
insert into public.curriculum_lesson_standards (lesson_id, standard_id) values ('a965cc7c-e473-5c4a-bff7-ebfb20808eb8', '2e7f4d37-0725-5d28-9a1f-9813858e0e33') on conflict do nothing;
insert into public.curriculum_lessons (id, library_id, sequence_index, source_lesson_code, title, objective) values ('a3e302b6-e4c7-5ba3-b990-05686277099a', '3db67302-f293-5cab-95c6-32c38c3d1ae5', 28, '4.02', '4.02: Stratified Random Samples', 'Let''s sample from groups to reduce variability.') on conflict (library_id, sequence_index) do update set source_lesson_code = excluded.source_lesson_code, title = excluded.title, objective = excluded.objective;
insert into public.curriculum_lesson_standards (lesson_id, standard_id) values ('a3e302b6-e4c7-5ba3-b990-05686277099a', 'aae2c8f2-a18e-57ad-a373-f42982aa1a12') on conflict do nothing;
insert into public.curriculum_lesson_standards (lesson_id, standard_id) values ('a3e302b6-e4c7-5ba3-b990-05686277099a', '5c77b2c2-9f0c-5a2a-a672-1685921b75f6') on conflict do nothing;
insert into public.curriculum_lessons (id, library_id, sequence_index, source_lesson_code, title, objective) values ('d571fdaf-9e09-57c6-aa60-cf8a1bd9a705', 'ee1aa8ee-fb37-5488-95c2-42ff926265cb', 29, '3.09', '3.09: Writing and Solving Inequalities', 'Let''s solve and graph 1-variable inequality solutions.') on conflict (library_id, sequence_index) do update set source_lesson_code = excluded.source_lesson_code, title = excluded.title, objective = excluded.objective;
insert into public.curriculum_lesson_standards (lesson_id, standard_id) values ('d571fdaf-9e09-57c6-aa60-cf8a1bd9a705', '10830859-993a-5e79-9003-69e65e0dad48') on conflict do nothing;
insert into public.curriculum_lesson_standards (lesson_id, standard_id) values ('d571fdaf-9e09-57c6-aa60-cf8a1bd9a705', '580c167e-beaa-5ddc-958d-8d39c7edd32f') on conflict do nothing;
insert into public.curriculum_lessons (id, library_id, sequence_index, source_lesson_code, title, objective) values ('67801e44-eab8-580f-a20a-97067ebb78fe', '42512171-9c1e-537b-b13c-9799aca71579', 29, '4.05', '4.05: Right Triangles & Pythagorean Theorem', 'Let''s solve for sides in right triangles.') on conflict (library_id, sequence_index) do update set source_lesson_code = excluded.source_lesson_code, title = excluded.title, objective = excluded.objective;
insert into public.curriculum_lesson_standards (lesson_id, standard_id) values ('67801e44-eab8-580f-a20a-97067ebb78fe', '51ab23e0-0dff-519c-9e5f-7a55f0aa354c') on conflict do nothing;
insert into public.curriculum_lesson_standards (lesson_id, standard_id) values ('67801e44-eab8-580f-a20a-97067ebb78fe', 'a1c88926-09ab-5121-a9f6-d5200abd7f34') on conflict do nothing;
insert into public.curriculum_lessons (id, library_id, sequence_index, source_lesson_code, title, objective) values ('32529e3e-c13e-59a6-bd5f-e2e2bf760108', '23d72045-7343-560e-a028-5105320ad19d', 29, '4.03', '4.03: Solving Nonlinear Systems', 'Let''s find intersections of lines and curves.') on conflict (library_id, sequence_index) do update set source_lesson_code = excluded.source_lesson_code, title = excluded.title, objective = excluded.objective;
insert into public.curriculum_lesson_standards (lesson_id, standard_id) values ('32529e3e-c13e-59a6-bd5f-e2e2bf760108', '6f729ade-7c4d-5e79-b415-87f138c22c0b') on conflict do nothing;
insert into public.curriculum_lessons (id, library_id, sequence_index, source_lesson_code, title, objective) values ('5980a4eb-a1e1-5a0c-b068-065f0e08a8fb', 'b2429d1b-0327-5182-b112-d953d3213527', 29, '4.01', '4.01: Change in Arithmetic Sequences', 'Let''s model sequences with constant addition patterns.') on conflict (library_id, sequence_index) do update set source_lesson_code = excluded.source_lesson_code, title = excluded.title, objective = excluded.objective;
insert into public.curriculum_lesson_standards (lesson_id, standard_id) values ('5980a4eb-a1e1-5a0c-b068-065f0e08a8fb', 'a349e6d2-b109-5e61-984c-0f47be35e1c7') on conflict do nothing;
insert into public.curriculum_lesson_standards (lesson_id, standard_id) values ('5980a4eb-a1e1-5a0c-b068-065f0e08a8fb', 'e370acc1-96a1-5afa-bc13-c9ae8b04229a') on conflict do nothing;
insert into public.curriculum_lesson_standards (lesson_id, standard_id) values ('5980a4eb-a1e1-5a0c-b068-065f0e08a8fb', '409edd5b-2444-5ecf-8468-3428799d937f') on conflict do nothing;
insert into public.curriculum_lessons (id, library_id, sequence_index, source_lesson_code, title, objective) values ('4e4c6bce-5f14-5eb6-85d3-dc466a29a14e', 'ebcdd3cd-bf22-5699-a207-1b3d8351b4c7', 29, '3.02', '3.02: Implicit Differentiation', 'Let''s differentiate equations not solved for y.') on conflict (library_id, sequence_index) do update set source_lesson_code = excluded.source_lesson_code, title = excluded.title, objective = excluded.objective;
insert into public.curriculum_lesson_standards (lesson_id, standard_id) values ('4e4c6bce-5f14-5eb6-85d3-dc466a29a14e', 'd605e5ae-f551-535c-a819-aa7042a5ecc9') on conflict do nothing;
insert into public.curriculum_lessons (id, library_id, sequence_index, source_lesson_code, title, objective) values ('ad034c65-5c82-5492-9973-3cca7963a385', '3db67302-f293-5cab-95c6-32c38c3d1ae5', 29, '4.03', '4.03: Cluster and Systematic Samples', 'Let''s use efficient grouping and interval sampling.') on conflict (library_id, sequence_index) do update set source_lesson_code = excluded.source_lesson_code, title = excluded.title, objective = excluded.objective;
insert into public.curriculum_lesson_standards (lesson_id, standard_id) values ('ad034c65-5c82-5492-9973-3cca7963a385', 'aae2c8f2-a18e-57ad-a373-f42982aa1a12') on conflict do nothing;
insert into public.curriculum_lesson_standards (lesson_id, standard_id) values ('ad034c65-5c82-5492-9973-3cca7963a385', '5c77b2c2-9f0c-5a2a-a672-1685921b75f6') on conflict do nothing;
insert into public.curriculum_lessons (id, library_id, sequence_index, source_lesson_code, title, objective) values ('57dbc990-c592-5516-ac4b-5f3fed084a40', 'ee1aa8ee-fb37-5488-95c2-42ff926265cb', 30, 'Review 3.06-3.09', 'Review 3.06-3.09', 'Let''s review writing and solving various inequalities.') on conflict (library_id, sequence_index) do update set source_lesson_code = excluded.source_lesson_code, title = excluded.title, objective = excluded.objective;
insert into public.curriculum_lesson_standards (lesson_id, standard_id) values ('57dbc990-c592-5516-ac4b-5f3fed084a40', '8d30376e-7e30-5f6c-b555-7cff4baf59ca') on conflict do nothing;
insert into public.curriculum_lesson_standards (lesson_id, standard_id) values ('57dbc990-c592-5516-ac4b-5f3fed084a40', '5b321759-3cf0-5f3b-9248-5a876f9491e8') on conflict do nothing;
insert into public.curriculum_lessons (id, library_id, sequence_index, source_lesson_code, title, objective) values ('fc286bad-d71f-5cdf-99f8-dfb3134ceb92', '42512171-9c1e-537b-b13c-9799aca71579', 30, '4.06', '4.06: Coordinate Connection: Distance', 'Let''s calculate the distance between two points.') on conflict (library_id, sequence_index) do update set source_lesson_code = excluded.source_lesson_code, title = excluded.title, objective = excluded.objective;
insert into public.curriculum_lesson_standards (lesson_id, standard_id) values ('fc286bad-d71f-5cdf-99f8-dfb3134ceb92', '7c58a550-fbad-5955-ba14-d0231db4e93b') on conflict do nothing;
insert into public.curriculum_lesson_standards (lesson_id, standard_id) values ('fc286bad-d71f-5cdf-99f8-dfb3134ceb92', '51ab23e0-0dff-519c-9e5f-7a55f0aa354c') on conflict do nothing;
insert into public.curriculum_lessons (id, library_id, sequence_index, source_lesson_code, title, objective) values ('3c0716f6-9762-58e5-9eda-e3e296438583', '23d72045-7343-560e-a028-5105320ad19d', 30, 'Review 4.01-4.03', 'Review 4.01-4.03', 'Let''s review solving various types of algebraic equations.') on conflict (library_id, sequence_index) do update set source_lesson_code = excluded.source_lesson_code, title = excluded.title, objective = excluded.objective;
insert into public.curriculum_lessons (id, library_id, sequence_index, source_lesson_code, title, objective) values ('df6b33f8-d8da-587a-9fcf-15f3ec53fab3', 'b2429d1b-0327-5182-b112-d953d3213527', 30, '4.02', '4.02: Change in Geometric Sequences', 'Let''s model sequences with constant multiplication patterns.') on conflict (library_id, sequence_index) do update set source_lesson_code = excluded.source_lesson_code, title = excluded.title, objective = excluded.objective;
insert into public.curriculum_lesson_standards (lesson_id, standard_id) values ('df6b33f8-d8da-587a-9fcf-15f3ec53fab3', 'a349e6d2-b109-5e61-984c-0f47be35e1c7') on conflict do nothing;
insert into public.curriculum_lesson_standards (lesson_id, standard_id) values ('df6b33f8-d8da-587a-9fcf-15f3ec53fab3', '409edd5b-2444-5ecf-8468-3428799d937f') on conflict do nothing;
insert into public.curriculum_lesson_standards (lesson_id, standard_id) values ('df6b33f8-d8da-587a-9fcf-15f3ec53fab3', '80bf2dee-5eb8-50d1-9bc9-9df4b44133af') on conflict do nothing;
insert into public.curriculum_lessons (id, library_id, sequence_index, source_lesson_code, title, objective) values ('72b01a6d-6335-574b-a081-151c53a0665f', 'ebcdd3cd-bf22-5699-a207-1b3d8351b4c7', 30, '3.02', '3.02: Implicit Differentiation (Part 2)', 'Let''s find slopes of circles and relations.') on conflict (library_id, sequence_index) do update set source_lesson_code = excluded.source_lesson_code, title = excluded.title, objective = excluded.objective;
insert into public.curriculum_lesson_standards (lesson_id, standard_id) values ('72b01a6d-6335-574b-a081-151c53a0665f', 'd605e5ae-f551-535c-a819-aa7042a5ecc9') on conflict do nothing;
insert into public.curriculum_lessons (id, library_id, sequence_index, source_lesson_code, title, objective) values ('bef4f4e3-4f40-52e6-bd34-6147392b12da', '3db67302-f293-5cab-95c6-32c38c3d1ae5', 30, '4.04', '4.04: Potential Problems with Sampling', 'Let''s identify bias and non-response issues.') on conflict (library_id, sequence_index) do update set source_lesson_code = excluded.source_lesson_code, title = excluded.title, objective = excluded.objective;
insert into public.curriculum_lesson_standards (lesson_id, standard_id) values ('bef4f4e3-4f40-52e6-bd34-6147392b12da', '27952bec-252c-5912-a6cb-4f476715d956') on conflict do nothing;
insert into public.curriculum_lesson_standards (lesson_id, standard_id) values ('bef4f4e3-4f40-52e6-bd34-6147392b12da', '5c77b2c2-9f0c-5a2a-a672-1685921b75f6') on conflict do nothing;
insert into public.curriculum_lessons (id, library_id, sequence_index, source_lesson_code, title, objective) values ('539a3573-3424-5d5f-9cfa-919bdc631514', 'ee1aa8ee-fb37-5488-95c2-42ff926265cb', 31, '4.01', '4.01: Interpreting Linear Systems in Context', 'Let''s find where two real-world conditions meet.') on conflict (library_id, sequence_index) do update set source_lesson_code = excluded.source_lesson_code, title = excluded.title, objective = excluded.objective;
insert into public.curriculum_lesson_standards (lesson_id, standard_id) values ('539a3573-3424-5d5f-9cfa-919bdc631514', '0bda9c71-9a20-5f57-a64a-f8f5e0b3a3a5') on conflict do nothing;
insert into public.curriculum_lesson_standards (lesson_id, standard_id) values ('539a3573-3424-5d5f-9cfa-919bdc631514', '9dc1a600-6e34-51a8-b001-ec4f4464320b') on conflict do nothing;
insert into public.curriculum_lessons (id, library_id, sequence_index, source_lesson_code, title, objective) values ('65b2babf-1ea2-523f-9392-5f6492795a4e', '42512171-9c1e-537b-b13c-9799aca71579', 31, 'Review 4.01-4.06', 'Review 4.01-4.06', 'Let''s review triangle properties and the Pythagorean theorem.') on conflict (library_id, sequence_index) do update set source_lesson_code = excluded.source_lesson_code, title = excluded.title, objective = excluded.objective;
insert into public.curriculum_lessons (id, library_id, sequence_index, source_lesson_code, title, objective) values ('4513c38b-aaaa-59d6-a235-e377c2fd5322', '23d72045-7343-560e-a028-5105320ad19d', 31, '4.04', '4.04: Combining Functions', 'Let''s add, subtract, multiply, and divide functions.') on conflict (library_id, sequence_index) do update set source_lesson_code = excluded.source_lesson_code, title = excluded.title, objective = excluded.objective;
insert into public.curriculum_lesson_standards (lesson_id, standard_id) values ('4513c38b-aaaa-59d6-a235-e377c2fd5322', 'c0a1a3bc-e876-5eb2-a76d-33659494e003') on conflict do nothing;
insert into public.curriculum_lessons (id, library_id, sequence_index, source_lesson_code, title, objective) values ('80917c93-5e6a-516a-ba3f-8d57c97f5829', 'b2429d1b-0327-5182-b112-d953d3213527', 31, '4.03', '4.03: Change in Linear and Exponential Functions', 'Let''s compare additive versus multiplicative growth rates.') on conflict (library_id, sequence_index) do update set source_lesson_code = excluded.source_lesson_code, title = excluded.title, objective = excluded.objective;
insert into public.curriculum_lesson_standards (lesson_id, standard_id) values ('80917c93-5e6a-516a-ba3f-8d57c97f5829', 'beb25ac0-8f04-5733-a323-a2ab10d3691d') on conflict do nothing;
insert into public.curriculum_lesson_standards (lesson_id, standard_id) values ('80917c93-5e6a-516a-ba3f-8d57c97f5829', 'aaef51ac-b03b-503f-b287-6dd891753fb0') on conflict do nothing;
insert into public.curriculum_lessons (id, library_id, sequence_index, source_lesson_code, title, objective) values ('ada7ccd1-239e-541f-baed-cc50f6bc19ef', 'ebcdd3cd-bf22-5699-a207-1b3d8351b4c7', 31, '3.03', '3.03: Derivatives of Inverse Functions', 'Let''s relate derivatives of inverse function pairs.') on conflict (library_id, sequence_index) do update set source_lesson_code = excluded.source_lesson_code, title = excluded.title, objective = excluded.objective;
insert into public.curriculum_lesson_standards (lesson_id, standard_id) values ('ada7ccd1-239e-541f-baed-cc50f6bc19ef', 'aae2c8f2-a18e-57ad-a373-f42982aa1a12') on conflict do nothing;
insert into public.curriculum_lesson_standards (lesson_id, standard_id) values ('ada7ccd1-239e-541f-baed-cc50f6bc19ef', 'ccfe1343-b0c1-5043-b07b-e9e9fac5dcec') on conflict do nothing;
insert into public.curriculum_lessons (id, library_id, sequence_index, source_lesson_code, title, objective) values ('aae15bf8-dcc0-5d77-846f-9282ba2c649b', '3db67302-f293-5cab-95c6-32c38c3d1ae5', 31, 'Review 4.01-4.04', 'Review 4.01-4.04', 'Let''s review different random sampling methods.') on conflict (library_id, sequence_index) do update set source_lesson_code = excluded.source_lesson_code, title = excluded.title, objective = excluded.objective;
insert into public.curriculum_lessons (id, library_id, sequence_index, source_lesson_code, title, objective) values ('ca85a248-828d-5955-a99b-04634496522f', 'ee1aa8ee-fb37-5488-95c2-42ff926265cb', 32, '4.02', '4.02: Interpreting Solutions to a Linear System Graphically', 'Let''s find the intersection point of lines.') on conflict (library_id, sequence_index) do update set source_lesson_code = excluded.source_lesson_code, title = excluded.title, objective = excluded.objective;
insert into public.curriculum_lessons (id, library_id, sequence_index, source_lesson_code, title, objective) values ('266eccec-58eb-5514-aa61-f302e641d138', '42512171-9c1e-537b-b13c-9799aca71579', 32, '4.07', '4.07: Establishing Congruent Parts in Triangles', 'Let''s identify corresponding parts of congruent triangles.') on conflict (library_id, sequence_index) do update set source_lesson_code = excluded.source_lesson_code, title = excluded.title, objective = excluded.objective;
insert into public.curriculum_lesson_standards (lesson_id, standard_id) values ('266eccec-58eb-5514-aa61-f302e641d138', '2582659a-3cad-515b-9e1d-2548485a9c69') on conflict do nothing;
insert into public.curriculum_lesson_standards (lesson_id, standard_id) values ('266eccec-58eb-5514-aa61-f302e641d138', 'f3e617c8-8305-565d-952d-f49edae660d7') on conflict do nothing;
insert into public.curriculum_lessons (id, library_id, sequence_index, source_lesson_code, title, objective) values ('682c2b69-f550-5f7b-ad1f-902b9d14d595', '23d72045-7343-560e-a028-5105320ad19d', 32, '4.05', '4.05: Composition of Functions', 'Let''s nest one function inside of another.') on conflict (library_id, sequence_index) do update set source_lesson_code = excluded.source_lesson_code, title = excluded.title, objective = excluded.objective;
insert into public.curriculum_lesson_standards (lesson_id, standard_id) values ('682c2b69-f550-5f7b-ad1f-902b9d14d595', '0c106e2e-b367-5a59-9b13-3c78223c6804') on conflict do nothing;
insert into public.curriculum_lessons (id, library_id, sequence_index, source_lesson_code, title, objective) values ('80701762-63d4-5795-9ec2-2e9f31e906ec', 'b2429d1b-0327-5182-b112-d953d3213527', 32, '4.04', '4.04: Exponential Functions', 'Let''s analyze growth where the variable is exponent.') on conflict (library_id, sequence_index) do update set source_lesson_code = excluded.source_lesson_code, title = excluded.title, objective = excluded.objective;
insert into public.curriculum_lesson_standards (lesson_id, standard_id) values ('80701762-63d4-5795-9ec2-2e9f31e906ec', '55b421d7-dd76-536a-bc1d-d49015ef1a1c') on conflict do nothing;
insert into public.curriculum_lesson_standards (lesson_id, standard_id) values ('80701762-63d4-5795-9ec2-2e9f31e906ec', 'f8577b94-277b-530a-b360-947caeba5508') on conflict do nothing;
insert into public.curriculum_lessons (id, library_id, sequence_index, source_lesson_code, title, objective) values ('4f082f31-ca5d-50fc-821f-9e79bdf14478', 'ebcdd3cd-bf22-5699-a207-1b3d8351b4c7', 32, '3.04', '3.04: Derivatives of Inverse Trig Functions', 'Let''s differentiate arcsine, arccosine, and arctangent.') on conflict (library_id, sequence_index) do update set source_lesson_code = excluded.source_lesson_code, title = excluded.title, objective = excluded.objective;
insert into public.curriculum_lesson_standards (lesson_id, standard_id) values ('4f082f31-ca5d-50fc-821f-9e79bdf14478', '27952bec-252c-5912-a6cb-4f476715d956') on conflict do nothing;
insert into public.curriculum_lesson_standards (lesson_id, standard_id) values ('4f082f31-ca5d-50fc-821f-9e79bdf14478', '97e49e09-66c7-5a12-90b0-3b5979aa36ca') on conflict do nothing;
insert into public.curriculum_lessons (id, library_id, sequence_index, source_lesson_code, title, objective) values ('6a694fac-fcd5-54dc-87b4-07ca18113ef8', '3db67302-f293-5cab-95c6-32c38c3d1ae5', 32, '4.05', '4.05: Observational Studies and Experiments', 'Let''s distinguish between watching and doing.') on conflict (library_id, sequence_index) do update set source_lesson_code = excluded.source_lesson_code, title = excluded.title, objective = excluded.objective;
insert into public.curriculum_lesson_standards (lesson_id, standard_id) values ('6a694fac-fcd5-54dc-87b4-07ca18113ef8', '350fed9d-41e8-59b8-9694-6c142561c148') on conflict do nothing;
insert into public.curriculum_lesson_standards (lesson_id, standard_id) values ('6a694fac-fcd5-54dc-87b4-07ca18113ef8', '5c77b2c2-9f0c-5a2a-a672-1685921b75f6') on conflict do nothing;
insert into public.curriculum_lessons (id, library_id, sequence_index, source_lesson_code, title, objective) values ('4d3c8d09-fe5a-5c9f-9572-7a9f159189cf', 'ee1aa8ee-fb37-5488-95c2-42ff926265cb', 33, '4.03', '4.03: Substitution', 'Let''s solve systems by replacing one variable.') on conflict (library_id, sequence_index) do update set source_lesson_code = excluded.source_lesson_code, title = excluded.title, objective = excluded.objective;
insert into public.curriculum_lesson_standards (lesson_id, standard_id) values ('4d3c8d09-fe5a-5c9f-9572-7a9f159189cf', '145ade4c-32aa-5e59-acb0-aa0dea64c013') on conflict do nothing;
insert into public.curriculum_lessons (id, library_id, sequence_index, source_lesson_code, title, objective) values ('8dab1b96-a3fe-5316-bc4c-3d0187ac1f66', '42512171-9c1e-537b-b13c-9799aca71579', 33, '4.08', '4.08: Triangle Congruence Shortcuts', 'Let''s use SSS and SAS to prove congruence.') on conflict (library_id, sequence_index) do update set source_lesson_code = excluded.source_lesson_code, title = excluded.title, objective = excluded.objective;
insert into public.curriculum_lesson_standards (lesson_id, standard_id) values ('8dab1b96-a3fe-5316-bc4c-3d0187ac1f66', 'f772716f-0600-5e3a-825c-b1732534a76d') on conflict do nothing;
insert into public.curriculum_lesson_standards (lesson_id, standard_id) values ('8dab1b96-a3fe-5316-bc4c-3d0187ac1f66', '2582659a-3cad-515b-9e1d-2548485a9c69') on conflict do nothing;
insert into public.curriculum_lessons (id, library_id, sequence_index, source_lesson_code, title, objective) values ('e9a87969-3e03-5425-900c-d773924fa423', '23d72045-7343-560e-a028-5105320ad19d', 33, '4.06', '4.06: Inverse Relationships', 'Let''s explore operations that undo each other.') on conflict (library_id, sequence_index) do update set source_lesson_code = excluded.source_lesson_code, title = excluded.title, objective = excluded.objective;
insert into public.curriculum_lesson_standards (lesson_id, standard_id) values ('e9a87969-3e03-5425-900c-d773924fa423', '0cd36bd9-3f6a-569b-aa03-d8c52715a207') on conflict do nothing;
insert into public.curriculum_lessons (id, library_id, sequence_index, source_lesson_code, title, objective) values ('56f59274-296b-58bd-9f4e-cdb3ae41f29a', 'b2429d1b-0327-5182-b112-d953d3213527', 33, 'Review 4.01-4.04', 'Review 4.01-4.04', 'Let''s review sequences and exponential growth patterns.') on conflict (library_id, sequence_index) do update set source_lesson_code = excluded.source_lesson_code, title = excluded.title, objective = excluded.objective;
insert into public.curriculum_lessons (id, library_id, sequence_index, source_lesson_code, title, objective) values ('1a7df414-b7c9-523a-979b-f63fd28326c7', 'ebcdd3cd-bf22-5699-a207-1b3d8351b4c7', 33, '3.05', '3.05: Higher-Order Derivatives', 'Let''s find second and third derivatives.') on conflict (library_id, sequence_index) do update set source_lesson_code = excluded.source_lesson_code, title = excluded.title, objective = excluded.objective;
insert into public.curriculum_lesson_standards (lesson_id, standard_id) values ('1a7df414-b7c9-523a-979b-f63fd28326c7', '15a67f25-8143-5c91-b996-447b56ef7700') on conflict do nothing;
insert into public.curriculum_lesson_standards (lesson_id, standard_id) values ('1a7df414-b7c9-523a-979b-f63fd28326c7', '94c814b1-aa38-5018-9861-e6adcd029887') on conflict do nothing;
insert into public.curriculum_lessons (id, library_id, sequence_index, source_lesson_code, title, objective) values ('8e621831-002c-5283-a857-5cfc598f6839', '3db67302-f293-5cab-95c6-32c38c3d1ae5', 33, '4.06', '4.06: Designing Experiments', 'Let''s use comparison, randomization, and control.') on conflict (library_id, sequence_index) do update set source_lesson_code = excluded.source_lesson_code, title = excluded.title, objective = excluded.objective;
insert into public.curriculum_lesson_standards (lesson_id, standard_id) values ('8e621831-002c-5283-a857-5cfc598f6839', '15a67f25-8143-5c91-b996-447b56ef7700') on conflict do nothing;
insert into public.curriculum_lesson_standards (lesson_id, standard_id) values ('8e621831-002c-5283-a857-5cfc598f6839', '5c77b2c2-9f0c-5a2a-a672-1685921b75f6') on conflict do nothing;
insert into public.curriculum_lessons (id, library_id, sequence_index, source_lesson_code, title, objective) values ('21bc8981-5be4-554e-8499-d55f18ea5785', 'ee1aa8ee-fb37-5488-95c2-42ff926265cb', 34, 'Review 4.01-4.03', 'Review 4.01-4.03', 'Let''s review graphing systems and substitution methods.') on conflict (library_id, sequence_index) do update set source_lesson_code = excluded.source_lesson_code, title = excluded.title, objective = excluded.objective;
insert into public.curriculum_lesson_standards (lesson_id, standard_id) values ('21bc8981-5be4-554e-8499-d55f18ea5785', '145ade4c-32aa-5e59-acb0-aa0dea64c013') on conflict do nothing;
insert into public.curriculum_lessons (id, library_id, sequence_index, source_lesson_code, title, objective) values ('9ee1a0ed-9783-5dbf-81c9-736ee7f920fd', '42512171-9c1e-537b-b13c-9799aca71579', 34, '4.09', '4.09: More Triangle Congruence Shortcuts', 'Let''s use ASA and AAS to prove congruence.') on conflict (library_id, sequence_index) do update set source_lesson_code = excluded.source_lesson_code, title = excluded.title, objective = excluded.objective;
insert into public.curriculum_lesson_standards (lesson_id, standard_id) values ('9ee1a0ed-9783-5dbf-81c9-736ee7f920fd', 'f772716f-0600-5e3a-825c-b1732534a76d') on conflict do nothing;
insert into public.curriculum_lesson_standards (lesson_id, standard_id) values ('9ee1a0ed-9783-5dbf-81c9-736ee7f920fd', '2582659a-3cad-515b-9e1d-2548485a9c69') on conflict do nothing;
insert into public.curriculum_lessons (id, library_id, sequence_index, source_lesson_code, title, objective) values ('0620fad0-4694-555c-8ae4-274d24c9ba90', '23d72045-7343-560e-a028-5105320ad19d', 34, '4.07', '4.07: Graphs of Inverses', 'Let''s reflect function graphs over the line y=x.') on conflict (library_id, sequence_index) do update set source_lesson_code = excluded.source_lesson_code, title = excluded.title, objective = excluded.objective;
insert into public.curriculum_lesson_standards (lesson_id, standard_id) values ('0620fad0-4694-555c-8ae4-274d24c9ba90', 'dbe0a5bc-17fb-5ecf-bfb8-71c7ddccc2b5') on conflict do nothing;
insert into public.curriculum_lessons (id, library_id, sequence_index, source_lesson_code, title, objective) values ('6605b176-9be9-5079-89f1-9ffe4367efb6', 'b2429d1b-0327-5182-b112-d953d3213527', 34, '4.05', '4.05: Graphing and Manipulating Exponential Functions', 'Let''s transform and sketch exponential decay and growth.') on conflict (library_id, sequence_index) do update set source_lesson_code = excluded.source_lesson_code, title = excluded.title, objective = excluded.objective;
insert into public.curriculum_lesson_standards (lesson_id, standard_id) values ('6605b176-9be9-5079-89f1-9ffe4367efb6', '55b421d7-dd76-536a-bc1d-d49015ef1a1c') on conflict do nothing;
insert into public.curriculum_lesson_standards (lesson_id, standard_id) values ('6605b176-9be9-5079-89f1-9ffe4367efb6', '9c5bca10-1c6a-5f28-8029-a0a64c48da81') on conflict do nothing;
insert into public.curriculum_lesson_standards (lesson_id, standard_id) values ('6605b176-9be9-5079-89f1-9ffe4367efb6', 'f8577b94-277b-530a-b360-947caeba5508') on conflict do nothing;
insert into public.curriculum_lessons (id, library_id, sequence_index, source_lesson_code, title, objective) values ('fcdb11ba-0daf-596a-9d76-d5b01aa550a4', 'ebcdd3cd-bf22-5699-a207-1b3d8351b4c7', 34, 'Review 3.03-3.05', 'Review 3.03-3.05', 'Let''s review inverses and higher-order derivatives.') on conflict (library_id, sequence_index) do update set source_lesson_code = excluded.source_lesson_code, title = excluded.title, objective = excluded.objective;
insert into public.curriculum_lessons (id, library_id, sequence_index, source_lesson_code, title, objective) values ('ab0cc1f5-57bd-5ebc-94cf-22575adbf70c', '3db67302-f293-5cab-95c6-32c38c3d1ae5', 34, '4.07', '4.07: Selecting an Experimental Design', 'Let''s choose between block and matched pairs.') on conflict (library_id, sequence_index) do update set source_lesson_code = excluded.source_lesson_code, title = excluded.title, objective = excluded.objective;
insert into public.curriculum_lesson_standards (lesson_id, standard_id) values ('ab0cc1f5-57bd-5ebc-94cf-22575adbf70c', '94c814b1-aa38-5018-9861-e6adcd029887') on conflict do nothing;
insert into public.curriculum_lesson_standards (lesson_id, standard_id) values ('ab0cc1f5-57bd-5ebc-94cf-22575adbf70c', '5c77b2c2-9f0c-5a2a-a672-1685921b75f6') on conflict do nothing;
insert into public.curriculum_lessons (id, library_id, sequence_index, source_lesson_code, title, objective) values ('52a99f8c-e0b6-5900-a2bc-38c0e0afcf9b', 'ee1aa8ee-fb37-5488-95c2-42ff926265cb', 35, '4.04', '4.04: Solving Linear Systems Using Elimination', 'Let''s add equations together to cancel variables.') on conflict (library_id, sequence_index) do update set source_lesson_code = excluded.source_lesson_code, title = excluded.title, objective = excluded.objective;
insert into public.curriculum_lesson_standards (lesson_id, standard_id) values ('52a99f8c-e0b6-5900-a2bc-38c0e0afcf9b', '23a11633-3171-5f6e-9f5a-35e5793fde71') on conflict do nothing;
insert into public.curriculum_lessons (id, library_id, sequence_index, source_lesson_code, title, objective) values ('84d4c24e-0518-5bd1-b876-a22e966b0f04', '42512171-9c1e-537b-b13c-9799aca71579', 35, '4.10', '4.10: Practicing the Triangle Congruence Shortcuts', 'Let''s choose the best shortcut for various triangles.') on conflict (library_id, sequence_index) do update set source_lesson_code = excluded.source_lesson_code, title = excluded.title, objective = excluded.objective;
insert into public.curriculum_lesson_standards (lesson_id, standard_id) values ('84d4c24e-0518-5bd1-b876-a22e966b0f04', 'f772716f-0600-5e3a-825c-b1732534a76d') on conflict do nothing;
insert into public.curriculum_lessons (id, library_id, sequence_index, source_lesson_code, title, objective) values ('a3689d7e-9710-5d0a-814c-3ba673ccaa64', '23d72045-7343-560e-a028-5105320ad19d', 35, 'Review 4.04-4.07', 'Review 4.04-4.07', 'Let''s review function operations, compositions, and inverses.') on conflict (library_id, sequence_index) do update set source_lesson_code = excluded.source_lesson_code, title = excluded.title, objective = excluded.objective;
insert into public.curriculum_lessons (id, library_id, sequence_index, source_lesson_code, title, objective) values ('3e66c4fd-021b-56cd-b2e5-c2f553590f33', 'b2429d1b-0327-5182-b112-d953d3213527', 35, '4.06', '4.06: Modeling with the Natural Base, "e"', 'Let''s use e for continuous growth problems.') on conflict (library_id, sequence_index) do update set source_lesson_code = excluded.source_lesson_code, title = excluded.title, objective = excluded.objective;
insert into public.curriculum_lesson_standards (lesson_id, standard_id) values ('3e66c4fd-021b-56cd-b2e5-c2f553590f33', 'f276dc1c-0985-51e2-a28d-5bd759a11087') on conflict do nothing;
insert into public.curriculum_lesson_standards (lesson_id, standard_id) values ('3e66c4fd-021b-56cd-b2e5-c2f553590f33', '8997cf5d-6ec3-5c72-a257-b512a6cdb2fa') on conflict do nothing;
insert into public.curriculum_lessons (id, library_id, sequence_index, source_lesson_code, title, objective) values ('42d7fb31-1636-50ad-bc65-2e9448eeab3a', 'ebcdd3cd-bf22-5699-a207-1b3d8351b4c7', 35, '4.01', '4.01: Interpreting Derivatives in Context', 'Let''s explain what a derivative means here.') on conflict (library_id, sequence_index) do update set source_lesson_code = excluded.source_lesson_code, title = excluded.title, objective = excluded.objective;
insert into public.curriculum_lesson_standards (lesson_id, standard_id) values ('42d7fb31-1636-50ad-bc65-2e9448eeab3a', 'a114a284-5347-5d73-a71e-133c65a6142f') on conflict do nothing;
insert into public.curriculum_lessons (id, library_id, sequence_index, source_lesson_code, title, objective) values ('98828580-3c01-5710-902e-89a92ec10a92', '3db67302-f293-5cab-95c6-32c38c3d1ae5', 35, '4.08', '4.08: Inference and Experiments', 'Let''s determine if results show cause-effect.') on conflict (library_id, sequence_index) do update set source_lesson_code = excluded.source_lesson_code, title = excluded.title, objective = excluded.objective;
insert into public.curriculum_lesson_standards (lesson_id, standard_id) values ('98828580-3c01-5710-902e-89a92ec10a92', '39353c64-8ad3-59be-8652-d25d4d761d86') on conflict do nothing;
insert into public.curriculum_lesson_standards (lesson_id, standard_id) values ('98828580-3c01-5710-902e-89a92ec10a92', '5c77b2c2-9f0c-5a2a-a672-1685921b75f6') on conflict do nothing;
insert into public.curriculum_lessons (id, library_id, sequence_index, source_lesson_code, title, objective) values ('943cfccd-9649-5074-8155-206766b28812', 'ee1aa8ee-fb37-5488-95c2-42ff926265cb', 36, '4.05', '4.05: Determining Number of Solutions Algebraically', 'Let''s identify systems with no or infinite solutions.') on conflict (library_id, sequence_index) do update set source_lesson_code = excluded.source_lesson_code, title = excluded.title, objective = excluded.objective;
insert into public.curriculum_lesson_standards (lesson_id, standard_id) values ('943cfccd-9649-5074-8155-206766b28812', '23a11633-3171-5f6e-9f5a-35e5793fde71') on conflict do nothing;
insert into public.curriculum_lesson_standards (lesson_id, standard_id) values ('943cfccd-9649-5074-8155-206766b28812', '014ae85d-0221-52f5-b6e9-f38167711cb3') on conflict do nothing;
insert into public.curriculum_lessons (id, library_id, sequence_index, source_lesson_code, title, objective) values ('ca609965-9c42-58f9-bb23-e13c09961b9e', '42512171-9c1e-537b-b13c-9799aca71579', 36, 'Review 4.07-4.10', 'Review 4.07-4.10', 'Let''s review all triangle congruence shortcuts.') on conflict (library_id, sequence_index) do update set source_lesson_code = excluded.source_lesson_code, title = excluded.title, objective = excluded.objective;
insert into public.curriculum_lessons (id, library_id, sequence_index, source_lesson_code, title, objective) values ('e2a3d92b-8ee0-5bcc-b703-4b97f2859e3b', '23d72045-7343-560e-a028-5105320ad19d', 36, '5.01', '5.01: Writing Exponential Functions', 'Let''s create equations for rapid growth and decay.') on conflict (library_id, sequence_index) do update set source_lesson_code = excluded.source_lesson_code, title = excluded.title, objective = excluded.objective;
insert into public.curriculum_lesson_standards (lesson_id, standard_id) values ('e2a3d92b-8ee0-5bcc-b703-4b97f2859e3b', '9dc1a600-6e34-51a8-b001-ec4f4464320b') on conflict do nothing;
insert into public.curriculum_lessons (id, library_id, sequence_index, source_lesson_code, title, objective) values ('1052d8a1-7667-5d37-837d-83791835dfef', 'b2429d1b-0327-5182-b112-d953d3213527', 36, '4.07', '4.07: Constructing Exponential Models', 'Let''s build exponential equations from two points.') on conflict (library_id, sequence_index) do update set source_lesson_code = excluded.source_lesson_code, title = excluded.title, objective = excluded.objective;
insert into public.curriculum_lesson_standards (lesson_id, standard_id) values ('1052d8a1-7667-5d37-837d-83791835dfef', '10e09fd8-9b98-5f26-9a4b-f419107720e8') on conflict do nothing;
insert into public.curriculum_lesson_standards (lesson_id, standard_id) values ('1052d8a1-7667-5d37-837d-83791835dfef', '80bf2dee-5eb8-50d1-9bc9-9df4b44133af') on conflict do nothing;
insert into public.curriculum_lessons (id, library_id, sequence_index, source_lesson_code, title, objective) values ('c5823a5d-76d1-5932-839e-e9a8a4cb87fb', 'ebcdd3cd-bf22-5699-a207-1b3d8351b4c7', 36, '4.02', '4.02: Connecting Position, Velocity, and Acceleration', 'Let''s model moving objects using derivatives.') on conflict (library_id, sequence_index) do update set source_lesson_code = excluded.source_lesson_code, title = excluded.title, objective = excluded.objective;
insert into public.curriculum_lesson_standards (lesson_id, standard_id) values ('c5823a5d-76d1-5932-839e-e9a8a4cb87fb', '6c6ae40d-b561-5bd4-a329-ec9ade59d7cc') on conflict do nothing;
insert into public.curriculum_lessons (id, library_id, sequence_index, source_lesson_code, title, objective) values ('d26eff2b-a5ba-53a1-9336-85d3e8e69b28', '3db67302-f293-5cab-95c6-32c38c3d1ae5', 36, '4.09', '4.09: Scope of Inference', 'Let''s decide who our results apply to.') on conflict (library_id, sequence_index) do update set source_lesson_code = excluded.source_lesson_code, title = excluded.title, objective = excluded.objective;
insert into public.curriculum_lesson_standards (lesson_id, standard_id) values ('d26eff2b-a5ba-53a1-9336-85d3e8e69b28', '39353c64-8ad3-59be-8652-d25d4d761d86') on conflict do nothing;
insert into public.curriculum_lesson_standards (lesson_id, standard_id) values ('d26eff2b-a5ba-53a1-9336-85d3e8e69b28', '5c77b2c2-9f0c-5a2a-a672-1685921b75f6') on conflict do nothing;
insert into public.curriculum_lessons (id, library_id, sequence_index, source_lesson_code, title, objective) values ('f6d0e5ac-9ab7-53c6-8661-a9f119c2f57b', 'ee1aa8ee-fb37-5488-95c2-42ff926265cb', 37, '4.06', '4.06: Graphing Linear Inequalities in Two Variables', 'Let''s shade regions that satisfy linear inequalities.') on conflict (library_id, sequence_index) do update set source_lesson_code = excluded.source_lesson_code, title = excluded.title, objective = excluded.objective;
insert into public.curriculum_lesson_standards (lesson_id, standard_id) values ('f6d0e5ac-9ab7-53c6-8661-a9f119c2f57b', '23a11633-3171-5f6e-9f5a-35e5793fde71') on conflict do nothing;
insert into public.curriculum_lessons (id, library_id, sequence_index, source_lesson_code, title, objective) values ('cd25e3c0-9276-5a86-bff5-7992551e913f', '42512171-9c1e-537b-b13c-9799aca71579', 37, '5.01', '5.01: Quadrilateral Hierarchy', 'Let''s classify shapes based on their properties.') on conflict (library_id, sequence_index) do update set source_lesson_code = excluded.source_lesson_code, title = excluded.title, objective = excluded.objective;
insert into public.curriculum_lesson_standards (lesson_id, standard_id) values ('cd25e3c0-9276-5a86-bff5-7992551e913f', '67b2d63f-09c5-58f7-be59-a8874ee14e2e') on conflict do nothing;
insert into public.curriculum_lesson_standards (lesson_id, standard_id) values ('cd25e3c0-9276-5a86-bff5-7992551e913f', 'a1c88926-09ab-5121-a9f6-d5200abd7f34') on conflict do nothing;
insert into public.curriculum_lessons (id, library_id, sequence_index, source_lesson_code, title, objective) values ('9dd6149b-906a-5cf5-8eea-d934ddfb3b42', '23d72045-7343-560e-a028-5105320ad19d', 37, '5.02', '5.02: Graphs of Exponential Functions', 'Let''s plot curves that change by a factor.') on conflict (library_id, sequence_index) do update set source_lesson_code = excluded.source_lesson_code, title = excluded.title, objective = excluded.objective;
insert into public.curriculum_lesson_standards (lesson_id, standard_id) values ('9dd6149b-906a-5cf5-8eea-d934ddfb3b42', '0bda9c71-9a20-5f57-a64a-f8f5e0b3a3a5') on conflict do nothing;
insert into public.curriculum_lessons (id, library_id, sequence_index, source_lesson_code, title, objective) values ('accd7c15-944d-5998-980d-a10c0e65cc08', 'b2429d1b-0327-5182-b112-d953d3213527', 37, '4.08', '4.08: Using Regression Models', 'Let''s find best-fit curves for exponential data.') on conflict (library_id, sequence_index) do update set source_lesson_code = excluded.source_lesson_code, title = excluded.title, objective = excluded.objective;
insert into public.curriculum_lesson_standards (lesson_id, standard_id) values ('accd7c15-944d-5998-980d-a10c0e65cc08', '92c41c8d-8230-52dc-83d9-8cd0d66d8507') on conflict do nothing;
insert into public.curriculum_lesson_standards (lesson_id, standard_id) values ('accd7c15-944d-5998-980d-a10c0e65cc08', 'cf9a5b3f-8666-55fe-82c9-5920c95d48b6') on conflict do nothing;
insert into public.curriculum_lessons (id, library_id, sequence_index, source_lesson_code, title, objective) values ('d9acb9ec-e1fd-583c-8c8e-f86ce9d90cd4', 'ebcdd3cd-bf22-5699-a207-1b3d8351b4c7', 37, '4.02', '4.02: Connecting Position, Velocity, and Acceleration (Part 2)', 'Let''s analyze motion on a coordinate line.') on conflict (library_id, sequence_index) do update set source_lesson_code = excluded.source_lesson_code, title = excluded.title, objective = excluded.objective;
insert into public.curriculum_lesson_standards (lesson_id, standard_id) values ('d9acb9ec-e1fd-583c-8c8e-f86ce9d90cd4', '6c6ae40d-b561-5bd4-a329-ec9ade59d7cc') on conflict do nothing;
insert into public.curriculum_lessons (id, library_id, sequence_index, source_lesson_code, title, objective) values ('661f40b7-e148-54b3-a33a-f28d5a1ddee0', '3db67302-f293-5cab-95c6-32c38c3d1ae5', 37, 'Review 4.05-4.09', 'Review 4.05-4.09', 'Let''s review experimental design and inference scope.') on conflict (library_id, sequence_index) do update set source_lesson_code = excluded.source_lesson_code, title = excluded.title, objective = excluded.objective;
insert into public.curriculum_lessons (id, library_id, sequence_index, source_lesson_code, title, objective) values ('8eea4ba5-2b96-5e3d-ad8b-722e505f2553', 'ee1aa8ee-fb37-5488-95c2-42ff926265cb', 38, '4.07', '4.07: Writing and Solving Systems of Linear Inequalities', 'Let''s find where multiple shaded regions overlap.') on conflict (library_id, sequence_index) do update set source_lesson_code = excluded.source_lesson_code, title = excluded.title, objective = excluded.objective;
insert into public.curriculum_lessons (id, library_id, sequence_index, source_lesson_code, title, objective) values ('d9a98fab-29f3-5b38-ba57-277b58d86a06', '42512171-9c1e-537b-b13c-9799aca71579', 38, '5.02', '5.02: Proving Parallelogram Properties', 'Let''s prove theorems about opposite sides and angles.') on conflict (library_id, sequence_index) do update set source_lesson_code = excluded.source_lesson_code, title = excluded.title, objective = excluded.objective;
insert into public.curriculum_lesson_standards (lesson_id, standard_id) values ('d9a98fab-29f3-5b38-ba57-277b58d86a06', '67b2d63f-09c5-58f7-be59-a8874ee14e2e') on conflict do nothing;
insert into public.curriculum_lessons (id, library_id, sequence_index, source_lesson_code, title, objective) values ('63cecf9e-edf3-56b7-b7e4-53e7e39b8294', '23d72045-7343-560e-a028-5105320ad19d', 38, '5.03', '5.03: Applications of Exponential Functions', 'Let''s model interest, population, and half-life problems.') on conflict (library_id, sequence_index) do update set source_lesson_code = excluded.source_lesson_code, title = excluded.title, objective = excluded.objective;
insert into public.curriculum_lesson_standards (lesson_id, standard_id) values ('63cecf9e-edf3-56b7-b7e4-53e7e39b8294', '66228d02-f086-5471-9815-b707378d4887') on conflict do nothing;
insert into public.curriculum_lesson_standards (lesson_id, standard_id) values ('63cecf9e-edf3-56b7-b7e4-53e7e39b8294', '6addac54-a167-58ed-a09d-dd3d3e36c69b') on conflict do nothing;
insert into public.curriculum_lessons (id, library_id, sequence_index, source_lesson_code, title, objective) values ('68979607-36bb-5af7-a624-351e94ccdd03', 'b2429d1b-0327-5182-b112-d953d3213527', 38, '4.08', '4.08: Using Regression Models (Part 2)', 'Let''s use regression to make future predictions.') on conflict (library_id, sequence_index) do update set source_lesson_code = excluded.source_lesson_code, title = excluded.title, objective = excluded.objective;
insert into public.curriculum_lesson_standards (lesson_id, standard_id) values ('68979607-36bb-5af7-a624-351e94ccdd03', '92c41c8d-8230-52dc-83d9-8cd0d66d8507') on conflict do nothing;
insert into public.curriculum_lesson_standards (lesson_id, standard_id) values ('68979607-36bb-5af7-a624-351e94ccdd03', 'cf9a5b3f-8666-55fe-82c9-5920c95d48b6') on conflict do nothing;
insert into public.curriculum_lessons (id, library_id, sequence_index, source_lesson_code, title, objective) values ('7cf75a11-f4aa-50ff-bad9-c9b0ea3c3445', 'ebcdd3cd-bf22-5699-a207-1b3d8351b4c7', 38, '4.03', '4.03: Rates of Change in Other Contexts', 'Let''s apply derivatives to various real scenarios.') on conflict (library_id, sequence_index) do update set source_lesson_code = excluded.source_lesson_code, title = excluded.title, objective = excluded.objective;
insert into public.curriculum_lesson_standards (lesson_id, standard_id) values ('7cf75a11-f4aa-50ff-bad9-c9b0ea3c3445', '5fe691b6-13dd-5e47-b656-11f680c4dfc3') on conflict do nothing;
insert into public.curriculum_lessons (id, library_id, sequence_index, source_lesson_code, title, objective) values ('d58c7ed9-61d5-5a91-88e3-5f540561d8b6', '3db67302-f293-5cab-95c6-32c38c3d1ae5', 38, '5.01', '5.01: Introducing Probability', 'Let''s define long-run relative frequency.') on conflict (library_id, sequence_index) do update set source_lesson_code = excluded.source_lesson_code, title = excluded.title, objective = excluded.objective;
insert into public.curriculum_lesson_standards (lesson_id, standard_id) values ('d58c7ed9-61d5-5a91-88e3-5f540561d8b6', 'a114a284-5347-5d73-a71e-133c65a6142f') on conflict do nothing;
insert into public.curriculum_lesson_standards (lesson_id, standard_id) values ('d58c7ed9-61d5-5a91-88e3-5f540561d8b6', 'be766f46-b51e-529e-9345-ea7f4450ba97') on conflict do nothing;
insert into public.curriculum_lessons (id, library_id, sequence_index, source_lesson_code, title, objective) values ('0446e40a-e619-50c5-8d2b-ddc4311d98e8', 'ee1aa8ee-fb37-5488-95c2-42ff926265cb', 39, 'Review 4.04-4.07', 'Review 4.04-4.07', 'Let''s review elimination and systems of inequalities.') on conflict (library_id, sequence_index) do update set source_lesson_code = excluded.source_lesson_code, title = excluded.title, objective = excluded.objective;
insert into public.curriculum_lesson_standards (lesson_id, standard_id) values ('0446e40a-e619-50c5-8d2b-ddc4311d98e8', 'a337895a-3a09-57c4-a135-672808d0cd90') on conflict do nothing;
insert into public.curriculum_lesson_standards (lesson_id, standard_id) values ('0446e40a-e619-50c5-8d2b-ddc4311d98e8', '694cf6ef-214e-58cf-a9db-30fb47f11b88') on conflict do nothing;
insert into public.curriculum_lessons (id, library_id, sequence_index, source_lesson_code, title, objective) values ('6fe50719-ceb4-5078-a154-18f7814c7d87', '42512171-9c1e-537b-b13c-9799aca71579', 39, '5.03', '5.03: Properties of Special Parallelograms', 'Let''s study rectangles, rhombuses, and squares.') on conflict (library_id, sequence_index) do update set source_lesson_code = excluded.source_lesson_code, title = excluded.title, objective = excluded.objective;
insert into public.curriculum_lesson_standards (lesson_id, standard_id) values ('6fe50719-ceb4-5078-a154-18f7814c7d87', '67b2d63f-09c5-58f7-be59-a8874ee14e2e') on conflict do nothing;
insert into public.curriculum_lesson_standards (lesson_id, standard_id) values ('6fe50719-ceb4-5078-a154-18f7814c7d87', 'a1c88926-09ab-5121-a9f6-d5200abd7f34') on conflict do nothing;
insert into public.curriculum_lessons (id, library_id, sequence_index, source_lesson_code, title, objective) values ('6cad5d7e-d139-5263-b492-aaa1fa238ee7', '23d72045-7343-560e-a028-5105320ad19d', 39, 'Review 5.01-5.03', 'Review 5.01-5.03', 'Let''s review exponential growth and decay models.') on conflict (library_id, sequence_index) do update set source_lesson_code = excluded.source_lesson_code, title = excluded.title, objective = excluded.objective;
insert into public.curriculum_lessons (id, library_id, sequence_index, source_lesson_code, title, objective) values ('ef8ebacf-4f13-555c-ac04-fb2ddf821785', 'b2429d1b-0327-5182-b112-d953d3213527', 39, 'Review 4.05-4.08', 'Review 4.05-4.08', 'Let''s review exponential modeling and regression techniques.') on conflict (library_id, sequence_index) do update set source_lesson_code = excluded.source_lesson_code, title = excluded.title, objective = excluded.objective;
insert into public.curriculum_lessons (id, library_id, sequence_index, source_lesson_code, title, objective) values ('58c92aa9-42a1-5463-82a4-c66a66a27adc', 'ebcdd3cd-bf22-5699-a207-1b3d8351b4c7', 39, 'Review 4.01-4.03', 'Review 4.01-4.03', 'Let''s review motion and contextual derivative meanings.') on conflict (library_id, sequence_index) do update set source_lesson_code = excluded.source_lesson_code, title = excluded.title, objective = excluded.objective;
insert into public.curriculum_lessons (id, library_id, sequence_index, source_lesson_code, title, objective) values ('7b558486-489c-5108-a083-edcb5a0d0c1d', '3db67302-f293-5cab-95c6-32c38c3d1ae5', 39, '5.02', '5.02: Simulation', 'Let''s estimate probabilities using random trials.') on conflict (library_id, sequence_index) do update set source_lesson_code = excluded.source_lesson_code, title = excluded.title, objective = excluded.objective;
insert into public.curriculum_lesson_standards (lesson_id, standard_id) values ('7b558486-489c-5108-a083-edcb5a0d0c1d', '6c6ae40d-b561-5bd4-a329-ec9ade59d7cc') on conflict do nothing;
insert into public.curriculum_lesson_standards (lesson_id, standard_id) values ('7b558486-489c-5108-a083-edcb5a0d0c1d', 'a05a20a6-2a1b-57a1-b591-a6afe2c0be3b') on conflict do nothing;
insert into public.curriculum_lessons (id, library_id, sequence_index, source_lesson_code, title, objective) values ('f2886f79-28ed-5e93-87ac-a1e345168498', 'ee1aa8ee-fb37-5488-95c2-42ff926265cb', 40, '5.01', '5.01: Using and Interpreting Function Notation', 'Let''s use f(x) to evaluate mathematical rules.') on conflict (library_id, sequence_index) do update set source_lesson_code = excluded.source_lesson_code, title = excluded.title, objective = excluded.objective;
insert into public.curriculum_lesson_standards (lesson_id, standard_id) values ('f2886f79-28ed-5e93-87ac-a1e345168498', '694cf6ef-214e-58cf-a9db-30fb47f11b88') on conflict do nothing;
insert into public.curriculum_lesson_standards (lesson_id, standard_id) values ('f2886f79-28ed-5e93-87ac-a1e345168498', '444d2808-cd0e-5ecd-89da-9fcb58c9e9f8') on conflict do nothing;
insert into public.curriculum_lessons (id, library_id, sequence_index, source_lesson_code, title, objective) values ('9a3432b0-c6fb-5294-9344-8aaa3a0f3e95', '42512171-9c1e-537b-b13c-9799aca71579', 40, '5.04', '5.04: Coordinate Connection: Quadrilaterals on the Plane', 'Let''s use coordinates to verify quadrilateral types.') on conflict (library_id, sequence_index) do update set source_lesson_code = excluded.source_lesson_code, title = excluded.title, objective = excluded.objective;
insert into public.curriculum_lesson_standards (lesson_id, standard_id) values ('9a3432b0-c6fb-5294-9344-8aaa3a0f3e95', '89a258bf-86d5-5fc2-b983-802ac1b6b9d1') on conflict do nothing;
insert into public.curriculum_lesson_standards (lesson_id, standard_id) values ('9a3432b0-c6fb-5294-9344-8aaa3a0f3e95', '7c58a550-fbad-5955-ba14-d0231db4e93b') on conflict do nothing;
insert into public.curriculum_lessons (id, library_id, sequence_index, source_lesson_code, title, objective) values ('e0c20397-bd40-5b4b-9281-4fb7c5de8b3f', '23d72045-7343-560e-a028-5105320ad19d', 40, '5.04', '5.04: Building Exponential Models', 'Let''s fit exponential equations to data sets.') on conflict (library_id, sequence_index) do update set source_lesson_code = excluded.source_lesson_code, title = excluded.title, objective = excluded.objective;
insert into public.curriculum_lesson_standards (lesson_id, standard_id) values ('e0c20397-bd40-5b4b-9281-4fb7c5de8b3f', '9dc1a600-6e34-51a8-b001-ec4f4464320b') on conflict do nothing;
insert into public.curriculum_lesson_standards (lesson_id, standard_id) values ('e0c20397-bd40-5b4b-9281-4fb7c5de8b3f', '20b7116d-a4af-55ca-b177-522b4f13c6f1') on conflict do nothing;
insert into public.curriculum_lessons (id, library_id, sequence_index, source_lesson_code, title, objective) values ('dacf4664-97bc-5069-b3ca-58b8d5d0a3a7', 'b2429d1b-0327-5182-b112-d953d3213527', 40, '5.01', '5.01: Compositions of Functions', 'Let''s evaluate one function inside of another.') on conflict (library_id, sequence_index) do update set source_lesson_code = excluded.source_lesson_code, title = excluded.title, objective = excluded.objective;
insert into public.curriculum_lesson_standards (lesson_id, standard_id) values ('dacf4664-97bc-5069-b3ca-58b8d5d0a3a7', '926fcfdc-26c9-5c38-8afe-fe14bb8f4c24') on conflict do nothing;
insert into public.curriculum_lesson_standards (lesson_id, standard_id) values ('dacf4664-97bc-5069-b3ca-58b8d5d0a3a7', '2e7f4d37-0725-5d28-9a1f-9813858e0e33') on conflict do nothing;
insert into public.curriculum_lessons (id, library_id, sequence_index, source_lesson_code, title, objective) values ('d7f1ef5e-decc-5967-9f59-9a8c0ddc9724', 'ebcdd3cd-bf22-5699-a207-1b3d8351b4c7', 40, '4.04', '4.04: Intro to Related Rates', 'Let''s relate rates of changing geometric variables.') on conflict (library_id, sequence_index) do update set source_lesson_code = excluded.source_lesson_code, title = excluded.title, objective = excluded.objective;
insert into public.curriculum_lesson_standards (lesson_id, standard_id) values ('d7f1ef5e-decc-5967-9f59-9a8c0ddc9724', '824ad7b8-b384-5b53-954f-0374b318777a') on conflict do nothing;
insert into public.curriculum_lesson_standards (lesson_id, standard_id) values ('d7f1ef5e-decc-5967-9f59-9a8c0ddc9724', '59f5124c-4c6f-5ceb-9d62-1524051f1ae9') on conflict do nothing;
insert into public.curriculum_lessons (id, library_id, sequence_index, source_lesson_code, title, objective) values ('53c3e475-a2d3-53d7-9de1-eb85d266b65f', '3db67302-f293-5cab-95c6-32c38c3d1ae5', 40, '5.03', '5.03: Rules for Probability', 'Let''s use basic addition and complement rules.') on conflict (library_id, sequence_index) do update set source_lesson_code = excluded.source_lesson_code, title = excluded.title, objective = excluded.objective;
insert into public.curriculum_lesson_standards (lesson_id, standard_id) values ('53c3e475-a2d3-53d7-9de1-eb85d266b65f', '5fe691b6-13dd-5e47-b656-11f680c4dfc3') on conflict do nothing;
insert into public.curriculum_lesson_standards (lesson_id, standard_id) values ('53c3e475-a2d3-53d7-9de1-eb85d266b65f', 'be766f46-b51e-529e-9345-ea7f4450ba97') on conflict do nothing;
insert into public.curriculum_lesson_standards (lesson_id, standard_id) values ('53c3e475-a2d3-53d7-9de1-eb85d266b65f', 'aaebb542-543d-5141-bb9e-d236b9a37ecc') on conflict do nothing;
insert into public.curriculum_lessons (id, library_id, sequence_index, source_lesson_code, title, objective) values ('64c134db-be03-5795-b50b-da25306a3c89', 'ee1aa8ee-fb37-5488-95c2-42ff926265cb', 41, '5.02', '5.02: Concept of a Function', 'Let''s identify relations with one unique output.') on conflict (library_id, sequence_index) do update set source_lesson_code = excluded.source_lesson_code, title = excluded.title, objective = excluded.objective;
insert into public.curriculum_lesson_standards (lesson_id, standard_id) values ('64c134db-be03-5795-b50b-da25306a3c89', 'ce105238-22be-5e37-bbe3-beb7c9453384') on conflict do nothing;
insert into public.curriculum_lesson_standards (lesson_id, standard_id) values ('64c134db-be03-5795-b50b-da25306a3c89', '014ae85d-0221-52f5-b6e9-f38167711cb3') on conflict do nothing;
insert into public.curriculum_lessons (id, library_id, sequence_index, source_lesson_code, title, objective) values ('b968e623-7ab6-5688-9130-e7d5e989fd7b', '42512171-9c1e-537b-b13c-9799aca71579', 41, 'Review 5.01-5.04', 'Review 5.01-5.04', 'Let''s review parallelogram properties and classifications.') on conflict (library_id, sequence_index) do update set source_lesson_code = excluded.source_lesson_code, title = excluded.title, objective = excluded.objective;
insert into public.curriculum_lessons (id, library_id, sequence_index, source_lesson_code, title, objective) values ('63f85ce6-6248-5701-85e5-6e99c854582e', '23d72045-7343-560e-a028-5105320ad19d', 41, '5.05', '5.05: Logarithms', 'Let''s use logarithms to solve for missing exponents.') on conflict (library_id, sequence_index) do update set source_lesson_code = excluded.source_lesson_code, title = excluded.title, objective = excluded.objective;
insert into public.curriculum_lesson_standards (lesson_id, standard_id) values ('63f85ce6-6248-5701-85e5-6e99c854582e', 'e4f0fce2-60f7-5c38-8f46-31ca464dd819') on conflict do nothing;
insert into public.curriculum_lessons (id, library_id, sequence_index, source_lesson_code, title, objective) values ('cad09e44-87da-5228-a505-5768847b7aec', 'b2429d1b-0327-5182-b112-d953d3213527', 41, '5.02', '5.02: Intro to Inverse Functions', 'Let''s find functions that undo each other.') on conflict (library_id, sequence_index) do update set source_lesson_code = excluded.source_lesson_code, title = excluded.title, objective = excluded.objective;
insert into public.curriculum_lesson_standards (lesson_id, standard_id) values ('cad09e44-87da-5228-a505-5768847b7aec', 'a2389bc0-e7d1-5e83-8a69-1fb66c8a8040') on conflict do nothing;
insert into public.curriculum_lesson_standards (lesson_id, standard_id) values ('cad09e44-87da-5228-a505-5768847b7aec', 'ccfe1343-b0c1-5043-b07b-e9e9fac5dcec') on conflict do nothing;
insert into public.curriculum_lessons (id, library_id, sequence_index, source_lesson_code, title, objective) values ('a8253195-cb84-57b4-bb0b-a72fd8d79f28', 'ebcdd3cd-bf22-5699-a207-1b3d8351b4c7', 41, '4.05', '4.05: More Advanced Related Rates', 'Let''s solve complex multi-variable rate problems.') on conflict (library_id, sequence_index) do update set source_lesson_code = excluded.source_lesson_code, title = excluded.title, objective = excluded.objective;
insert into public.curriculum_lesson_standards (lesson_id, standard_id) values ('a8253195-cb84-57b4-bb0b-a72fd8d79f28', '8570d3bd-fbc1-59b3-8107-9808bb592a9f') on conflict do nothing;
insert into public.curriculum_lesson_standards (lesson_id, standard_id) values ('a8253195-cb84-57b4-bb0b-a72fd8d79f28', 'd1f6f553-4a94-598d-9047-09d39a2bb468') on conflict do nothing;
insert into public.curriculum_lessons (id, library_id, sequence_index, source_lesson_code, title, objective) values ('f02847e4-0671-58dc-8161-85d2beb9ad28', '3db67302-f293-5cab-95c6-32c38c3d1ae5', 41, '5.04', '5.04: The Addition Rule', 'Let''s find probabilities for non-mutually exclusive events.') on conflict (library_id, sequence_index) do update set source_lesson_code = excluded.source_lesson_code, title = excluded.title, objective = excluded.objective;
insert into public.curriculum_lesson_standards (lesson_id, standard_id) values ('f02847e4-0671-58dc-8161-85d2beb9ad28', '824ad7b8-b384-5b53-954f-0374b318777a') on conflict do nothing;
insert into public.curriculum_lesson_standards (lesson_id, standard_id) values ('f02847e4-0671-58dc-8161-85d2beb9ad28', 'aaebb542-543d-5141-bb9e-d236b9a37ecc') on conflict do nothing;
insert into public.curriculum_lessons (id, library_id, sequence_index, source_lesson_code, title, objective) values ('d8758445-e9b0-5447-82e0-527211adc0f3', 'ee1aa8ee-fb37-5488-95c2-42ff926265cb', 42, '5.03', '5.03: Functions in Multiple Representations', 'Let''s compare functions in tables and graphs.') on conflict (library_id, sequence_index) do update set source_lesson_code = excluded.source_lesson_code, title = excluded.title, objective = excluded.objective;
insert into public.curriculum_lesson_standards (lesson_id, standard_id) values ('d8758445-e9b0-5447-82e0-527211adc0f3', 'ce105238-22be-5e37-bbe3-beb7c9453384') on conflict do nothing;
insert into public.curriculum_lessons (id, library_id, sequence_index, source_lesson_code, title, objective) values ('d1296f34-4294-530a-9edb-461706e4a755', '42512171-9c1e-537b-b13c-9799aca71579', 42, '5.05', '5.05: Areas of Quadrilaterals', 'Let''s calculate area for various four-sided shapes.') on conflict (library_id, sequence_index) do update set source_lesson_code = excluded.source_lesson_code, title = excluded.title, objective = excluded.objective;
insert into public.curriculum_lesson_standards (lesson_id, standard_id) values ('d1296f34-4294-530a-9edb-461706e4a755', '7c58a550-fbad-5955-ba14-d0231db4e93b') on conflict do nothing;
insert into public.curriculum_lesson_standards (lesson_id, standard_id) values ('d1296f34-4294-530a-9edb-461706e4a755', 'a1c88926-09ab-5121-a9f6-d5200abd7f34') on conflict do nothing;
insert into public.curriculum_lessons (id, library_id, sequence_index, source_lesson_code, title, objective) values ('76d85e11-244d-5a95-b7f9-6c190c423a9f', '23d72045-7343-560e-a028-5105320ad19d', 42, '5.06', '5.06: Graphs of Logarithmic Functions', 'Let''s analyze the inverse of exponential growth curves.') on conflict (library_id, sequence_index) do update set source_lesson_code = excluded.source_lesson_code, title = excluded.title, objective = excluded.objective;
insert into public.curriculum_lesson_standards (lesson_id, standard_id) values ('76d85e11-244d-5a95-b7f9-6c190c423a9f', '0bda9c71-9a20-5f57-a64a-f8f5e0b3a3a5') on conflict do nothing;
insert into public.curriculum_lesson_standards (lesson_id, standard_id) values ('76d85e11-244d-5a95-b7f9-6c190c423a9f', '444d2808-cd0e-5ecd-89da-9fcb58c9e9f8') on conflict do nothing;
insert into public.curriculum_lessons (id, library_id, sequence_index, source_lesson_code, title, objective) values ('2a2e0a6b-6759-5167-a281-050e87e1dfb1', 'b2429d1b-0327-5182-b112-d953d3213527', 42, '5.03', '5.03: Graphs of Inverse Functions', 'Let''s reflect function graphs across y = x.') on conflict (library_id, sequence_index) do update set source_lesson_code = excluded.source_lesson_code, title = excluded.title, objective = excluded.objective;
insert into public.curriculum_lesson_standards (lesson_id, standard_id) values ('2a2e0a6b-6759-5167-a281-050e87e1dfb1', 'a2389bc0-e7d1-5e83-8a69-1fb66c8a8040') on conflict do nothing;
insert into public.curriculum_lesson_standards (lesson_id, standard_id) values ('2a2e0a6b-6759-5167-a281-050e87e1dfb1', '7e0fbdb8-6c4a-5933-a460-5afbb17f58de') on conflict do nothing;
insert into public.curriculum_lessons (id, library_id, sequence_index, source_lesson_code, title, objective) values ('355d4f10-09fe-59e1-970e-afdc9fc4ebb2', 'ebcdd3cd-bf22-5699-a207-1b3d8351b4c7', 42, '4.06', '4.06: Approximating Values with Tangent Lines', 'Let''s use linear approximations for local values.') on conflict (library_id, sequence_index) do update set source_lesson_code = excluded.source_lesson_code, title = excluded.title, objective = excluded.objective;
insert into public.curriculum_lesson_standards (lesson_id, standard_id) values ('355d4f10-09fe-59e1-970e-afdc9fc4ebb2', '7a910e39-db3e-5d96-aed6-82600afe5c40') on conflict do nothing;
insert into public.curriculum_lessons (id, library_id, sequence_index, source_lesson_code, title, objective) values ('6c129ced-98b2-5c69-a58e-969b88ba8fe2', '3db67302-f293-5cab-95c6-32c38c3d1ae5', 42, 'Review 5.01-5.04', 'Review 5.01-5.04', 'Let''s review simulation and basic probability rules.') on conflict (library_id, sequence_index) do update set source_lesson_code = excluded.source_lesson_code, title = excluded.title, objective = excluded.objective;
insert into public.curriculum_lessons (id, library_id, sequence_index, source_lesson_code, title, objective) values ('63c8d0ce-a66f-5d64-80e2-4ee37f917c92', 'ee1aa8ee-fb37-5488-95c2-42ff926265cb', 43, '5.04', '5.04: Interpreting Graphs of Functions', 'Let''s describe function behavior from a graph.') on conflict (library_id, sequence_index) do update set source_lesson_code = excluded.source_lesson_code, title = excluded.title, objective = excluded.objective;
insert into public.curriculum_lesson_standards (lesson_id, standard_id) values ('63c8d0ce-a66f-5d64-80e2-4ee37f917c92', 'd7354a51-95af-5986-89b7-be89e96e634f') on conflict do nothing;
insert into public.curriculum_lesson_standards (lesson_id, standard_id) values ('63c8d0ce-a66f-5d64-80e2-4ee37f917c92', 'feea7e4d-357d-5af0-8a7a-cf5677264152') on conflict do nothing;
insert into public.curriculum_lessons (id, library_id, sequence_index, source_lesson_code, title, objective) values ('5dfd1fdf-a183-5555-9b45-b5e8d00828d2', '42512171-9c1e-537b-b13c-9799aca71579', 43, '5.06', '5.06: Polygon Interior and Exterior Angle Sums', 'Let''s find angle sums for any polygon.') on conflict (library_id, sequence_index) do update set source_lesson_code = excluded.source_lesson_code, title = excluded.title, objective = excluded.objective;
insert into public.curriculum_lesson_standards (lesson_id, standard_id) values ('5dfd1fdf-a183-5555-9b45-b5e8d00828d2', 'c261b7b3-2e90-59fd-bb40-444103884763') on conflict do nothing;
insert into public.curriculum_lessons (id, library_id, sequence_index, source_lesson_code, title, objective) values ('550876d0-2402-56d9-a252-afa9908ed193', '23d72045-7343-560e-a028-5105320ad19d', 43, 'Review 5.04-5.06', 'Review 5.04-5.06', 'Let''s review exponential modeling and logarithmic basics.') on conflict (library_id, sequence_index) do update set source_lesson_code = excluded.source_lesson_code, title = excluded.title, objective = excluded.objective;
insert into public.curriculum_lessons (id, library_id, sequence_index, source_lesson_code, title, objective) values ('bd9909e5-c50c-5553-998f-5e5b9aea46e0', 'b2429d1b-0327-5182-b112-d953d3213527', 43, 'Review 5.01-5.03', 'Review 5.01-5.03', 'Let''s review compositions and basic inverse properties.') on conflict (library_id, sequence_index) do update set source_lesson_code = excluded.source_lesson_code, title = excluded.title, objective = excluded.objective;
insert into public.curriculum_lessons (id, library_id, sequence_index, source_lesson_code, title, objective) values ('aa1428d7-606e-5c0b-bdfb-933db0953b48', 'ebcdd3cd-bf22-5699-a207-1b3d8351b4c7', 43, '4.07', '4.07: L''Hospital''s Rule', 'Let''s use derivatives to solve indeterminate limits.') on conflict (library_id, sequence_index) do update set source_lesson_code = excluded.source_lesson_code, title = excluded.title, objective = excluded.objective;
insert into public.curriculum_lesson_standards (lesson_id, standard_id) values ('aa1428d7-606e-5c0b-bdfb-933db0953b48', 'cc68ad2d-f699-5f57-ab81-f037bb301857') on conflict do nothing;
insert into public.curriculum_lessons (id, library_id, sequence_index, source_lesson_code, title, objective) values ('09d40e8c-d2e6-5a98-9fac-2664d838c8cf', '3db67302-f293-5cab-95c6-32c38c3d1ae5', 43, '5.05', '5.05: Conditional Probability and Independence', 'Let''s find probabilities given certain conditions.') on conflict (library_id, sequence_index) do update set source_lesson_code = excluded.source_lesson_code, title = excluded.title, objective = excluded.objective;
insert into public.curriculum_lessons (id, library_id, sequence_index, source_lesson_code, title, objective) values ('614f75ab-407d-57ca-88cb-77ab45ca3efa', 'ee1aa8ee-fb37-5488-95c2-42ff926265cb', 44, 'Review 5.01-5.04', 'Review 5.01-5.04', 'Let''s review function notation and basic concepts.') on conflict (library_id, sequence_index) do update set source_lesson_code = excluded.source_lesson_code, title = excluded.title, objective = excluded.objective;
insert into public.curriculum_lesson_standards (lesson_id, standard_id) values ('614f75ab-407d-57ca-88cb-77ab45ca3efa', 'ce105238-22be-5e37-bbe3-beb7c9453384') on conflict do nothing;
insert into public.curriculum_lessons (id, library_id, sequence_index, source_lesson_code, title, objective) values ('7db21198-9fa6-52ce-9a92-0da447074bc8', '42512171-9c1e-537b-b13c-9799aca71579', 44, '5.07', '5.07: Regular Polygons and their Areas', 'Let''s find areas using apothems and perimeters.') on conflict (library_id, sequence_index) do update set source_lesson_code = excluded.source_lesson_code, title = excluded.title, objective = excluded.objective;
insert into public.curriculum_lesson_standards (lesson_id, standard_id) values ('7db21198-9fa6-52ce-9a92-0da447074bc8', 'a1c88926-09ab-5121-a9f6-d5200abd7f34') on conflict do nothing;
insert into public.curriculum_lesson_standards (lesson_id, standard_id) values ('7db21198-9fa6-52ce-9a92-0da447074bc8', '7c58a550-fbad-5955-ba14-d0231db4e93b') on conflict do nothing;
insert into public.curriculum_lessons (id, library_id, sequence_index, source_lesson_code, title, objective) values ('706ef71a-e297-5ff4-bfd0-f02b478acb3a', '23d72045-7343-560e-a028-5105320ad19d', 44, '6.01', '6.01: Forms of Quadratic Equations', 'Let''s compare standard, vertex, and factored forms.') on conflict (library_id, sequence_index) do update set source_lesson_code = excluded.source_lesson_code, title = excluded.title, objective = excluded.objective;
insert into public.curriculum_lesson_standards (lesson_id, standard_id) values ('706ef71a-e297-5ff4-bfd0-f02b478acb3a', 'ad5e4718-1372-50ed-8acf-80132cb48de4') on conflict do nothing;
insert into public.curriculum_lesson_standards (lesson_id, standard_id) values ('706ef71a-e297-5ff4-bfd0-f02b478acb3a', '30abceb2-cb6d-55bf-a521-9f118ca70853') on conflict do nothing;
insert into public.curriculum_lessons (id, library_id, sequence_index, source_lesson_code, title, objective) values ('4449f4bd-6ade-5e0a-ae6c-729b9579abb5', 'b2429d1b-0327-5182-b112-d953d3213527', 44, '5.04', '5.04: Inverses of Exponential Functions', 'Let''s define logarithms as inverse exponential functions.') on conflict (library_id, sequence_index) do update set source_lesson_code = excluded.source_lesson_code, title = excluded.title, objective = excluded.objective;
insert into public.curriculum_lesson_standards (lesson_id, standard_id) values ('4449f4bd-6ade-5e0a-ae6c-729b9579abb5', '4310e182-8765-58b8-94a6-c5030176ff23') on conflict do nothing;
insert into public.curriculum_lesson_standards (lesson_id, standard_id) values ('4449f4bd-6ade-5e0a-ae6c-729b9579abb5', '8997cf5d-6ec3-5c72-a257-b512a6cdb2fa') on conflict do nothing;
insert into public.curriculum_lessons (id, library_id, sequence_index, source_lesson_code, title, objective) values ('f54713aa-03cd-5ac3-8c0f-15950ae60d70', 'ebcdd3cd-bf22-5699-a207-1b3d8351b4c7', 44, 'Review 4.04-4.07', 'Review 4.04-4.07', 'Let''s review related rates and linear approximations.') on conflict (library_id, sequence_index) do update set source_lesson_code = excluded.source_lesson_code, title = excluded.title, objective = excluded.objective;
insert into public.curriculum_lessons (id, library_id, sequence_index, source_lesson_code, title, objective) values ('985fea1b-20c4-5c3f-bb4c-1fccd42d772c', '3db67302-f293-5cab-95c6-32c38c3d1ae5', 44, '5.06', '5.06: Tree Diagrams', 'Let''s map out sequences of dependent events.') on conflict (library_id, sequence_index) do update set source_lesson_code = excluded.source_lesson_code, title = excluded.title, objective = excluded.objective;
insert into public.curriculum_lesson_standards (lesson_id, standard_id) values ('985fea1b-20c4-5c3f-bb4c-1fccd42d772c', '8570d3bd-fbc1-59b3-8107-9808bb592a9f') on conflict do nothing;
insert into public.curriculum_lesson_standards (lesson_id, standard_id) values ('985fea1b-20c4-5c3f-bb4c-1fccd42d772c', '54cddaf7-893c-58cd-a720-868f3bad22bc') on conflict do nothing;
insert into public.curriculum_lessons (id, library_id, sequence_index, source_lesson_code, title, objective) values ('31527202-c2c5-5174-b933-2991fd6e267e', 'ee1aa8ee-fb37-5488-95c2-42ff926265cb', 45, '5.05', '5.05: From Sequences to Functions', 'Let''s turn ordered lists into functional rules.') on conflict (library_id, sequence_index) do update set source_lesson_code = excluded.source_lesson_code, title = excluded.title, objective = excluded.objective;
insert into public.curriculum_lessons (id, library_id, sequence_index, source_lesson_code, title, objective) values ('2db219f7-5bbc-5656-b96e-9c85ed477e7c', '42512171-9c1e-537b-b13c-9799aca71579', 45, 'Review 5.05-5.07', 'Review 5.05-5.07', 'Let''s review area formulas and polygon angles.') on conflict (library_id, sequence_index) do update set source_lesson_code = excluded.source_lesson_code, title = excluded.title, objective = excluded.objective;
insert into public.curriculum_lessons (id, library_id, sequence_index, source_lesson_code, title, objective) values ('258d9099-6e32-55e8-b805-26d23dc9e040', '23d72045-7343-560e-a028-5105320ad19d', 45, '6.02', '6.02: Writing Equations for Quadratic Functions', 'Let''s build parabolas from points and features.') on conflict (library_id, sequence_index) do update set source_lesson_code = excluded.source_lesson_code, title = excluded.title, objective = excluded.objective;
insert into public.curriculum_lesson_standards (lesson_id, standard_id) values ('258d9099-6e32-55e8-b805-26d23dc9e040', '580c167e-beaa-5ddc-958d-8d39c7edd32f') on conflict do nothing;
insert into public.curriculum_lessons (id, library_id, sequence_index, source_lesson_code, title, objective) values ('b86c934d-4493-5d52-ab3d-c4d8596007a3', 'b2429d1b-0327-5182-b112-d953d3213527', 45, '5.04', '5.04: Inverses of Exponential Functions (Part 2)', 'Let''s convert between exponential and logarithmic forms.') on conflict (library_id, sequence_index) do update set source_lesson_code = excluded.source_lesson_code, title = excluded.title, objective = excluded.objective;
insert into public.curriculum_lesson_standards (lesson_id, standard_id) values ('b86c934d-4493-5d52-ab3d-c4d8596007a3', '4310e182-8765-58b8-94a6-c5030176ff23') on conflict do nothing;
insert into public.curriculum_lesson_standards (lesson_id, standard_id) values ('b86c934d-4493-5d52-ab3d-c4d8596007a3', '8997cf5d-6ec3-5c72-a257-b512a6cdb2fa') on conflict do nothing;
insert into public.curriculum_lessons (id, library_id, sequence_index, source_lesson_code, title, objective) values ('e24eb0e6-744e-5529-afc7-7017ebf208ba', 'ebcdd3cd-bf22-5699-a207-1b3d8351b4c7', 45, '5.01', '5.01: The Mean Value Theorem', 'Let''s find where local slope equals average.') on conflict (library_id, sequence_index) do update set source_lesson_code = excluded.source_lesson_code, title = excluded.title, objective = excluded.objective;
insert into public.curriculum_lesson_standards (lesson_id, standard_id) values ('e24eb0e6-744e-5529-afc7-7017ebf208ba', '60faee3f-f386-52a4-b58d-b0f847834126') on conflict do nothing;
insert into public.curriculum_lessons (id, library_id, sequence_index, source_lesson_code, title, objective) values ('be4c0fbd-ecc9-5df1-bf10-2322e40bf2d1', '3db67302-f293-5cab-95c6-32c38c3d1ae5', 45, 'Review 5.05-5.06', 'Review 5.05-5.06', 'Let''s review conditional rules and independence.') on conflict (library_id, sequence_index) do update set source_lesson_code = excluded.source_lesson_code, title = excluded.title, objective = excluded.objective;
insert into public.curriculum_lessons (id, library_id, sequence_index, source_lesson_code, title, objective) values ('7c7bb3f5-8066-53a3-ae9f-11b48be95811', 'ee1aa8ee-fb37-5488-95c2-42ff926265cb', 46, '5.06', '5.06: Linear Functions', 'Let''s treat lines as specific function types.') on conflict (library_id, sequence_index) do update set source_lesson_code = excluded.source_lesson_code, title = excluded.title, objective = excluded.objective;
insert into public.curriculum_lesson_standards (lesson_id, standard_id) values ('7c7bb3f5-8066-53a3-ae9f-11b48be95811', 'cba21089-efd0-52c8-b971-aa184977b055') on conflict do nothing;
insert into public.curriculum_lessons (id, library_id, sequence_index, source_lesson_code, title, objective) values ('fd24a616-3c31-551e-a067-0248f5d9954f', '42512171-9c1e-537b-b13c-9799aca71579', 46, '6.01', '6.01: Dilations, Scale Factor, and Similarity', 'Let''s resize figures using a scale factor.') on conflict (library_id, sequence_index) do update set source_lesson_code = excluded.source_lesson_code, title = excluded.title, objective = excluded.objective;
insert into public.curriculum_lesson_standards (lesson_id, standard_id) values ('fd24a616-3c31-551e-a067-0248f5d9954f', '4e8a5aab-4235-5b6f-8175-5517e1bbc3fa') on conflict do nothing;
insert into public.curriculum_lesson_standards (lesson_id, standard_id) values ('fd24a616-3c31-551e-a067-0248f5d9954f', 'ca328fcb-f6c4-5426-8d73-ce3a3392fa3e') on conflict do nothing;
insert into public.curriculum_lessons (id, library_id, sequence_index, source_lesson_code, title, objective) values ('952164a7-c9b7-5426-b98e-e723cf1dca54', '23d72045-7343-560e-a028-5105320ad19d', 46, '6.03', '6.03: Factoring Quadratics', 'Let''s break quadratic trinomials into linear factors.') on conflict (library_id, sequence_index) do update set source_lesson_code = excluded.source_lesson_code, title = excluded.title, objective = excluded.objective;
insert into public.curriculum_lesson_standards (lesson_id, standard_id) values ('952164a7-c9b7-5426-b98e-e723cf1dca54', '23a11633-3171-5f6e-9f5a-35e5793fde71') on conflict do nothing;
insert into public.curriculum_lesson_standards (lesson_id, standard_id) values ('952164a7-c9b7-5426-b98e-e723cf1dca54', '014ae85d-0221-52f5-b6e9-f38167711cb3') on conflict do nothing;
insert into public.curriculum_lessons (id, library_id, sequence_index, source_lesson_code, title, objective) values ('f9109d5c-72fc-5144-83b7-8f7c2e7a16a0', 'b2429d1b-0327-5182-b112-d953d3213527', 46, '5.05', '5.05: Graphs of Logarithmic Functions', 'Let''s identify features of log function graphs.') on conflict (library_id, sequence_index) do update set source_lesson_code = excluded.source_lesson_code, title = excluded.title, objective = excluded.objective;
insert into public.curriculum_lesson_standards (lesson_id, standard_id) values ('f9109d5c-72fc-5144-83b7-8f7c2e7a16a0', 'b09abd5c-18e1-53f1-a751-02373160e25b') on conflict do nothing;
insert into public.curriculum_lesson_standards (lesson_id, standard_id) values ('f9109d5c-72fc-5144-83b7-8f7c2e7a16a0', 'f8577b94-277b-530a-b360-947caeba5508') on conflict do nothing;
insert into public.curriculum_lessons (id, library_id, sequence_index, source_lesson_code, title, objective) values ('2386b3b0-5259-5708-bf0a-eb659fa9be18', 'ebcdd3cd-bf22-5699-a207-1b3d8351b4c7', 46, '5.02', '5.02: Critical Points and Extrema', 'Let''s find maximums and minimums of functions.') on conflict (library_id, sequence_index) do update set source_lesson_code = excluded.source_lesson_code, title = excluded.title, objective = excluded.objective;
insert into public.curriculum_lesson_standards (lesson_id, standard_id) values ('2386b3b0-5259-5708-bf0a-eb659fa9be18', '5eb5ed8e-b04a-5d81-b207-fcd99a361a13') on conflict do nothing;
insert into public.curriculum_lesson_standards (lesson_id, standard_id) values ('2386b3b0-5259-5708-bf0a-eb659fa9be18', 'a7b1cc61-ab4f-5977-be96-2562eb7aa7bb') on conflict do nothing;
insert into public.curriculum_lessons (id, library_id, sequence_index, source_lesson_code, title, objective) values ('5dad3d51-ddb4-59c0-bbd1-a26487f70442', '3db67302-f293-5cab-95c6-32c38c3d1ae5', 46, '6.01', '6.01: Discrete Random Variables', 'Let''s calculate mean and deviation for distributions.') on conflict (library_id, sequence_index) do update set source_lesson_code = excluded.source_lesson_code, title = excluded.title, objective = excluded.objective;
insert into public.curriculum_lesson_standards (lesson_id, standard_id) values ('5dad3d51-ddb4-59c0-bbd1-a26487f70442', 'cc68ad2d-f699-5f57-ab81-f037bb301857') on conflict do nothing;
insert into public.curriculum_lesson_standards (lesson_id, standard_id) values ('5dad3d51-ddb4-59c0-bbd1-a26487f70442', '3f9e2bb7-83e7-53ca-83ce-a4445a279ddf') on conflict do nothing;
insert into public.curriculum_lesson_standards (lesson_id, standard_id) values ('5dad3d51-ddb4-59c0-bbd1-a26487f70442', 'e40c75d9-8c06-5998-88b6-d0070d0df063') on conflict do nothing;
insert into public.curriculum_lessons (id, library_id, sequence_index, source_lesson_code, title, objective) values ('ac0b8db9-8304-514e-9fd4-3a7385fa1e32', 'ee1aa8ee-fb37-5488-95c2-42ff926265cb', 47, '5.07', '5.07: Piecewise Functions', 'Let''s graph functions with multiple different parts.') on conflict (library_id, sequence_index) do update set source_lesson_code = excluded.source_lesson_code, title = excluded.title, objective = excluded.objective;
insert into public.curriculum_lesson_standards (lesson_id, standard_id) values ('ac0b8db9-8304-514e-9fd4-3a7385fa1e32', 'b8aef6cc-cc06-50bf-bde9-5e24a2cb9c5d') on conflict do nothing;
insert into public.curriculum_lessons (id, library_id, sequence_index, source_lesson_code, title, objective) values ('b4550c51-0576-5a65-bef0-7e4337d216e1', '42512171-9c1e-537b-b13c-9799aca71579', 47, '6.02', '6.02: Coordinate Connection: Dilations on the Plane', 'Let''s graph dilations using the origin.') on conflict (library_id, sequence_index) do update set source_lesson_code = excluded.source_lesson_code, title = excluded.title, objective = excluded.objective;
insert into public.curriculum_lesson_standards (lesson_id, standard_id) values ('b4550c51-0576-5a65-bef0-7e4337d216e1', '4e8a5aab-4235-5b6f-8175-5517e1bbc3fa') on conflict do nothing;
insert into public.curriculum_lessons (id, library_id, sequence_index, source_lesson_code, title, objective) values ('35365cf6-0210-5c5e-963d-cf2706a55d7a', '23d72045-7343-560e-a028-5105320ad19d', 47, '6.04', '6.04: Factoring Quadratics. Part 2.', 'Let''s factor complex quadratics with leading coefficients.') on conflict (library_id, sequence_index) do update set source_lesson_code = excluded.source_lesson_code, title = excluded.title, objective = excluded.objective;
insert into public.curriculum_lesson_standards (lesson_id, standard_id) values ('35365cf6-0210-5c5e-963d-cf2706a55d7a', '23a11633-3171-5f6e-9f5a-35e5793fde71') on conflict do nothing;
insert into public.curriculum_lessons (id, library_id, sequence_index, source_lesson_code, title, objective) values ('f30fae76-6651-51b9-91bc-69317cabbc8f', 'b2429d1b-0327-5182-b112-d953d3213527', 47, '5.06', '5.06: Logarithm Properties', 'Let''s expand and condense logarithmic expressions.') on conflict (library_id, sequence_index) do update set source_lesson_code = excluded.source_lesson_code, title = excluded.title, objective = excluded.objective;
insert into public.curriculum_lesson_standards (lesson_id, standard_id) values ('f30fae76-6651-51b9-91bc-69317cabbc8f', 'bbe90e51-c80d-515a-a9e4-79327e28b54f') on conflict do nothing;
insert into public.curriculum_lesson_standards (lesson_id, standard_id) values ('f30fae76-6651-51b9-91bc-69317cabbc8f', '8997cf5d-6ec3-5c72-a257-b512a6cdb2fa') on conflict do nothing;
insert into public.curriculum_lessons (id, library_id, sequence_index, source_lesson_code, title, objective) values ('7b374f2d-1cf0-557a-a6a2-a401ca0b9c91', 'ebcdd3cd-bf22-5699-a207-1b3d8351b4c7', 47, '5.03', '5.03: First Derivative Test', 'Let''s determine where functions increase and decrease.') on conflict (library_id, sequence_index) do update set source_lesson_code = excluded.source_lesson_code, title = excluded.title, objective = excluded.objective;
insert into public.curriculum_lesson_standards (lesson_id, standard_id) values ('7b374f2d-1cf0-557a-a6a2-a401ca0b9c91', 'a2b36a11-0c63-5c23-81fd-873a47e2b57b') on conflict do nothing;
insert into public.curriculum_lesson_standards (lesson_id, standard_id) values ('7b374f2d-1cf0-557a-a6a2-a401ca0b9c91', 'a7b1cc61-ab4f-5977-be96-2562eb7aa7bb') on conflict do nothing;
insert into public.curriculum_lessons (id, library_id, sequence_index, source_lesson_code, title, objective) values ('de4cb26b-2443-563a-a774-cb21f13bcb77', '3db67302-f293-5cab-95c6-32c38c3d1ae5', 47, '6.02', '6.02: Continuous Random Variables', 'Let''s find probabilities using density curves.') on conflict (library_id, sequence_index) do update set source_lesson_code = excluded.source_lesson_code, title = excluded.title, objective = excluded.objective;
insert into public.curriculum_lesson_standards (lesson_id, standard_id) values ('de4cb26b-2443-563a-a774-cb21f13bcb77', 'cc68ad2d-f699-5f57-ab81-f037bb301857') on conflict do nothing;
insert into public.curriculum_lesson_standards (lesson_id, standard_id) values ('de4cb26b-2443-563a-a774-cb21f13bcb77', 'b791d354-7755-5a43-aef5-348d611f43ca') on conflict do nothing;
insert into public.curriculum_lessons (id, library_id, sequence_index, source_lesson_code, title, objective) values ('28491a35-05f5-5b36-b381-3d61c5d225cd', 'ee1aa8ee-fb37-5488-95c2-42ff926265cb', 48, '5.08', '5.08: Average Rate of Change', 'Let''s calculate slope over a specific interval.') on conflict (library_id, sequence_index) do update set source_lesson_code = excluded.source_lesson_code, title = excluded.title, objective = excluded.objective;
insert into public.curriculum_lesson_standards (lesson_id, standard_id) values ('28491a35-05f5-5b36-b381-3d61c5d225cd', '57553475-e8c0-5d07-a6a2-49ce76a57534') on conflict do nothing;
insert into public.curriculum_lessons (id, library_id, sequence_index, source_lesson_code, title, objective) values ('ed309ca4-5ba3-5d28-973c-80b881f90ae6', '42512171-9c1e-537b-b13c-9799aca71579', 48, '6.03', '6.03: Proving Similar Figures', 'Let''s show figures have proportional side lengths.') on conflict (library_id, sequence_index) do update set source_lesson_code = excluded.source_lesson_code, title = excluded.title, objective = excluded.objective;
insert into public.curriculum_lesson_standards (lesson_id, standard_id) values ('ed309ca4-5ba3-5d28-973c-80b881f90ae6', 'ca328fcb-f6c4-5426-8d73-ce3a3392fa3e') on conflict do nothing;
insert into public.curriculum_lesson_standards (lesson_id, standard_id) values ('ed309ca4-5ba3-5d28-973c-80b881f90ae6', '2582659a-3cad-515b-9e1d-2548485a9c69') on conflict do nothing;
insert into public.curriculum_lessons (id, library_id, sequence_index, source_lesson_code, title, objective) values ('014bc6d3-b320-56e2-9e05-ab613313aad5', '23d72045-7343-560e-a028-5105320ad19d', 48, 'Review 6.01-6.04', 'Review 6.01-6.04', 'Let''s review quadratic forms and factoring techniques.') on conflict (library_id, sequence_index) do update set source_lesson_code = excluded.source_lesson_code, title = excluded.title, objective = excluded.objective;
insert into public.curriculum_lessons (id, library_id, sequence_index, source_lesson_code, title, objective) values ('cf294b6c-98b9-5c02-91b5-03e08e9c8166', 'b2429d1b-0327-5182-b112-d953d3213527', 48, '5.06', '5.06: Logarithm Properties (Part 2)', 'Let''s use change-of-base and power properties.') on conflict (library_id, sequence_index) do update set source_lesson_code = excluded.source_lesson_code, title = excluded.title, objective = excluded.objective;
insert into public.curriculum_lesson_standards (lesson_id, standard_id) values ('cf294b6c-98b9-5c02-91b5-03e08e9c8166', 'bbe90e51-c80d-515a-a9e4-79327e28b54f') on conflict do nothing;
insert into public.curriculum_lesson_standards (lesson_id, standard_id) values ('cf294b6c-98b9-5c02-91b5-03e08e9c8166', '8997cf5d-6ec3-5c72-a257-b512a6cdb2fa') on conflict do nothing;
insert into public.curriculum_lessons (id, library_id, sequence_index, source_lesson_code, title, objective) values ('8e7d959c-f96b-5eb9-9e1b-12f7aba46b37', 'ebcdd3cd-bf22-5699-a207-1b3d8351b4c7', 48, '5.04', '5.04: Candidates Test', 'Let''s find absolute extrema on closed intervals.') on conflict (library_id, sequence_index) do update set source_lesson_code = excluded.source_lesson_code, title = excluded.title, objective = excluded.objective;
insert into public.curriculum_lesson_standards (lesson_id, standard_id) values ('8e7d959c-f96b-5eb9-9e1b-12f7aba46b37', '36ce1948-d869-54c2-a88d-791a196102fa') on conflict do nothing;
insert into public.curriculum_lesson_standards (lesson_id, standard_id) values ('8e7d959c-f96b-5eb9-9e1b-12f7aba46b37', '2f258e1f-17db-5c2e-8a64-b9f4630c9d27') on conflict do nothing;
insert into public.curriculum_lessons (id, library_id, sequence_index, source_lesson_code, title, objective) values ('f18d6dbb-2965-5d98-a894-98fea834301e', '3db67302-f293-5cab-95c6-32c38c3d1ae5', 48, '6.03', '6.03: Transforming Random Variables', 'Let''s apply constants to means and variances.') on conflict (library_id, sequence_index) do update set source_lesson_code = excluded.source_lesson_code, title = excluded.title, objective = excluded.objective;
insert into public.curriculum_lesson_standards (lesson_id, standard_id) values ('f18d6dbb-2965-5d98-a894-98fea834301e', 'c4d3ae0a-98f6-5ded-aac4-49b86a707019') on conflict do nothing;
insert into public.curriculum_lesson_standards (lesson_id, standard_id) values ('f18d6dbb-2965-5d98-a894-98fea834301e', '20f91126-b6b1-5aa0-ae1f-8efb82e62df1') on conflict do nothing;
insert into public.curriculum_lessons (id, library_id, sequence_index, source_lesson_code, title, objective) values ('3e1720d3-5f52-5994-886a-c0f10b4ba338', 'ee1aa8ee-fb37-5488-95c2-42ff926265cb', 49, 'Review 5.05-5.08', 'Review 5.05-5.08', 'Let''s review sequences and piecewise function behavior.') on conflict (library_id, sequence_index) do update set source_lesson_code = excluded.source_lesson_code, title = excluded.title, objective = excluded.objective;
insert into public.curriculum_lessons (id, library_id, sequence_index, source_lesson_code, title, objective) values ('7d3fcc47-3ab5-56d8-b3ec-aaf9d59c2533', '42512171-9c1e-537b-b13c-9799aca71579', 49, 'Review 6.01-6.03', 'Review 6.01-6.03', 'Let''s review dilations and similar figure properties.') on conflict (library_id, sequence_index) do update set source_lesson_code = excluded.source_lesson_code, title = excluded.title, objective = excluded.objective;
insert into public.curriculum_lessons (id, library_id, sequence_index, source_lesson_code, title, objective) values ('4d373e1d-0606-5c17-a28d-c321c62769ce', '23d72045-7343-560e-a028-5105320ad19d', 49, '6.05', '6.05: Solving Using the Zero Product Property', 'Let''s find roots by setting factors to zero.') on conflict (library_id, sequence_index) do update set source_lesson_code = excluded.source_lesson_code, title = excluded.title, objective = excluded.objective;
insert into public.curriculum_lesson_standards (lesson_id, standard_id) values ('4d373e1d-0606-5c17-a28d-c321c62769ce', 'ce105238-22be-5e37-bbe3-beb7c9453384') on conflict do nothing;
insert into public.curriculum_lessons (id, library_id, sequence_index, source_lesson_code, title, objective) values ('a17a0136-94e0-50ff-b35a-9dfd4fe13087', 'b2429d1b-0327-5182-b112-d953d3213527', 49, '5.07', '5.07: Solving Exponential and Logarithmic Equations', 'Let''s use inverses to solve for variables.') on conflict (library_id, sequence_index) do update set source_lesson_code = excluded.source_lesson_code, title = excluded.title, objective = excluded.objective;
insert into public.curriculum_lesson_standards (lesson_id, standard_id) values ('a17a0136-94e0-50ff-b35a-9dfd4fe13087', 'be99b5fc-09ad-5a46-a780-75241e2948bb') on conflict do nothing;
insert into public.curriculum_lesson_standards (lesson_id, standard_id) values ('a17a0136-94e0-50ff-b35a-9dfd4fe13087', '8997cf5d-6ec3-5c72-a257-b512a6cdb2fa') on conflict do nothing;
insert into public.curriculum_lessons (id, library_id, sequence_index, source_lesson_code, title, objective) values ('9f943e21-0b6f-53d1-9446-20317889d0ff', 'ebcdd3cd-bf22-5699-a207-1b3d8351b4c7', 49, 'Review 5.01-5.04', 'Review 5.01-5.04', 'Let''s review theorems and extrema testing methods.') on conflict (library_id, sequence_index) do update set source_lesson_code = excluded.source_lesson_code, title = excluded.title, objective = excluded.objective;
insert into public.curriculum_lessons (id, library_id, sequence_index, source_lesson_code, title, objective) values ('997621c2-6aed-5aff-8c43-4352f4ab601c', '3db67302-f293-5cab-95c6-32c38c3d1ae5', 49, '6.04', '6.04: Combining Random Variables', 'Let''s find totals for independent random variables.') on conflict (library_id, sequence_index) do update set source_lesson_code = excluded.source_lesson_code, title = excluded.title, objective = excluded.objective;
insert into public.curriculum_lesson_standards (lesson_id, standard_id) values ('997621c2-6aed-5aff-8c43-4352f4ab601c', 'c4d3ae0a-98f6-5ded-aac4-49b86a707019') on conflict do nothing;
insert into public.curriculum_lesson_standards (lesson_id, standard_id) values ('997621c2-6aed-5aff-8c43-4352f4ab601c', '20f91126-b6b1-5aa0-ae1f-8efb82e62df1') on conflict do nothing;
insert into public.curriculum_lessons (id, library_id, sequence_index, source_lesson_code, title, objective) values ('60d2a8e2-a683-5706-8064-b7a3fff72ba6', 'ee1aa8ee-fb37-5488-95c2-42ff926265cb', 50, '6.01', '6.01: Nonlinear Growth', 'Let''s identify patterns that do not form lines.') on conflict (library_id, sequence_index) do update set source_lesson_code = excluded.source_lesson_code, title = excluded.title, objective = excluded.objective;
insert into public.curriculum_lesson_standards (lesson_id, standard_id) values ('60d2a8e2-a683-5706-8064-b7a3fff72ba6', '66228d02-f086-5471-9815-b707378d4887') on conflict do nothing;
insert into public.curriculum_lessons (id, library_id, sequence_index, source_lesson_code, title, objective) values ('e30f226b-a5b1-59a4-b8b7-48c515e29a94', '42512171-9c1e-537b-b13c-9799aca71579', 50, '6.04', '6.04: Triangle Similarity Shortcuts', 'Let''s use AA, SAS, and SSS similarity.') on conflict (library_id, sequence_index) do update set source_lesson_code = excluded.source_lesson_code, title = excluded.title, objective = excluded.objective;
insert into public.curriculum_lesson_standards (lesson_id, standard_id) values ('e30f226b-a5b1-59a4-b8b7-48c515e29a94', '9d2d81a8-f520-571a-a39e-8fb88ee2bcdf') on conflict do nothing;
insert into public.curriculum_lesson_standards (lesson_id, standard_id) values ('e30f226b-a5b1-59a4-b8b7-48c515e29a94', '2582659a-3cad-515b-9e1d-2548485a9c69') on conflict do nothing;
insert into public.curriculum_lessons (id, library_id, sequence_index, source_lesson_code, title, objective) values ('6cca4634-fff6-5518-aaba-04b2e982a130', '23d72045-7343-560e-a028-5105320ad19d', 50, '6.06', '6.06: Completing the Square', 'Let''s rewrite quadratics to find the vertex easily.') on conflict (library_id, sequence_index) do update set source_lesson_code = excluded.source_lesson_code, title = excluded.title, objective = excluded.objective;
insert into public.curriculum_lesson_standards (lesson_id, standard_id) values ('6cca4634-fff6-5518-aaba-04b2e982a130', 'd7354a51-95af-5986-89b7-be89e96e634f') on conflict do nothing;
insert into public.curriculum_lesson_standards (lesson_id, standard_id) values ('6cca4634-fff6-5518-aaba-04b2e982a130', 'feea7e4d-357d-5af0-8a7a-cf5677264152') on conflict do nothing;
insert into public.curriculum_lessons (id, library_id, sequence_index, source_lesson_code, title, objective) values ('d240198b-92f0-506e-9006-c7acdc441032', 'b2429d1b-0327-5182-b112-d953d3213527', 50, '5.07', '5.07: Solving Exponential and Logarithmic Equations (Part 2)', 'Let''s solve complex equations with multiple logs.') on conflict (library_id, sequence_index) do update set source_lesson_code = excluded.source_lesson_code, title = excluded.title, objective = excluded.objective;
insert into public.curriculum_lesson_standards (lesson_id, standard_id) values ('d240198b-92f0-506e-9006-c7acdc441032', 'be99b5fc-09ad-5a46-a780-75241e2948bb') on conflict do nothing;
insert into public.curriculum_lesson_standards (lesson_id, standard_id) values ('d240198b-92f0-506e-9006-c7acdc441032', '8997cf5d-6ec3-5c72-a257-b512a6cdb2fa') on conflict do nothing;
insert into public.curriculum_lessons (id, library_id, sequence_index, source_lesson_code, title, objective) values ('cfbf8995-4961-5347-9968-57cfcb738ceb', 'ebcdd3cd-bf22-5699-a207-1b3d8351b4c7', 50, '5.05', '5.05: Concavity and the Second Derivative', 'Let''s determine where function graphs bend upward.') on conflict (library_id, sequence_index) do update set source_lesson_code = excluded.source_lesson_code, title = excluded.title, objective = excluded.objective;
insert into public.curriculum_lesson_standards (lesson_id, standard_id) values ('cfbf8995-4961-5347-9968-57cfcb738ceb', '60a5dbbd-bcce-5d79-b746-7b942bf5aa34') on conflict do nothing;
insert into public.curriculum_lesson_standards (lesson_id, standard_id) values ('cfbf8995-4961-5347-9968-57cfcb738ceb', '37d64715-b14d-556e-bfed-2fc5490b01b0') on conflict do nothing;
insert into public.curriculum_lesson_standards (lesson_id, standard_id) values ('cfbf8995-4961-5347-9968-57cfcb738ceb', 'a7b1cc61-ab4f-5977-be96-2562eb7aa7bb') on conflict do nothing;
insert into public.curriculum_lessons (id, library_id, sequence_index, source_lesson_code, title, objective) values ('5a3c20a3-2f3f-5050-a7cc-50e95d7fc14c', '3db67302-f293-5cab-95c6-32c38c3d1ae5', 50, 'Review 6.01-6.04', 'Review 6.01-6.04', 'Let''s review random variable types and combinations.') on conflict (library_id, sequence_index) do update set source_lesson_code = excluded.source_lesson_code, title = excluded.title, objective = excluded.objective;
insert into public.curriculum_lessons (id, library_id, sequence_index, source_lesson_code, title, objective) values ('b0e9727f-b275-5708-8fb1-d4f47c2a7dec', 'ee1aa8ee-fb37-5488-95c2-42ff926265cb', 51, '6.02', '6.02: Step Functions', 'Let''s graph functions that jump between values.') on conflict (library_id, sequence_index) do update set source_lesson_code = excluded.source_lesson_code, title = excluded.title, objective = excluded.objective;
insert into public.curriculum_lesson_standards (lesson_id, standard_id) values ('b0e9727f-b275-5708-8fb1-d4f47c2a7dec', 'a755be9f-2332-552e-ada0-60951c433616') on conflict do nothing;
insert into public.curriculum_lessons (id, library_id, sequence_index, source_lesson_code, title, objective) values ('60e67eb2-c333-5068-87ab-0723b23f6bb6', '42512171-9c1e-537b-b13c-9799aca71579', 51, '6.05', '6.05: Proportional Segments Between Parallel Lines', 'Let''s use the triangle proportionality theorem.') on conflict (library_id, sequence_index) do update set source_lesson_code = excluded.source_lesson_code, title = excluded.title, objective = excluded.objective;
insert into public.curriculum_lesson_standards (lesson_id, standard_id) values ('60e67eb2-c333-5068-87ab-0723b23f6bb6', '8e236966-b7ed-5d71-932f-35fe5cb24bd1') on conflict do nothing;
insert into public.curriculum_lesson_standards (lesson_id, standard_id) values ('60e67eb2-c333-5068-87ab-0723b23f6bb6', '2582659a-3cad-515b-9e1d-2548485a9c69') on conflict do nothing;
insert into public.curriculum_lessons (id, library_id, sequence_index, source_lesson_code, title, objective) values ('cb1f20c8-2a96-5b00-a298-a033c7621a07', '23d72045-7343-560e-a028-5105320ad19d', 51, '6.07', '6.07: Completing the Square for Circles', 'Let''s use algebra to find circle centers.') on conflict (library_id, sequence_index) do update set source_lesson_code = excluded.source_lesson_code, title = excluded.title, objective = excluded.objective;
insert into public.curriculum_lesson_standards (lesson_id, standard_id) values ('cb1f20c8-2a96-5b00-a298-a033c7621a07', 'e28bef7f-9f6b-5e38-9041-82c530acbd3c') on conflict do nothing;
insert into public.curriculum_lessons (id, library_id, sequence_index, source_lesson_code, title, objective) values ('2bbfa556-cdc2-5687-b6c9-2114e9f84cdc', 'b2429d1b-0327-5182-b112-d953d3213527', 51, '5.08', '5.08: Modeling with Logarithmic Functions', 'Let''s use logs to solve real-world applications.') on conflict (library_id, sequence_index) do update set source_lesson_code = excluded.source_lesson_code, title = excluded.title, objective = excluded.objective;
insert into public.curriculum_lesson_standards (lesson_id, standard_id) values ('2bbfa556-cdc2-5687-b6c9-2114e9f84cdc', '074d9ccb-567a-50c5-a37d-57b8022d23b4') on conflict do nothing;
insert into public.curriculum_lesson_standards (lesson_id, standard_id) values ('2bbfa556-cdc2-5687-b6c9-2114e9f84cdc', '8997cf5d-6ec3-5c72-a257-b512a6cdb2fa') on conflict do nothing;
insert into public.curriculum_lessons (id, library_id, sequence_index, source_lesson_code, title, objective) values ('0c0ca434-b94a-5005-9d85-5ad7b2556fd5', 'ebcdd3cd-bf22-5699-a207-1b3d8351b4c7', 51, '5.06', '5.06: Second Derivative Test', 'Let''s use concavity to identify local extrema.') on conflict (library_id, sequence_index) do update set source_lesson_code = excluded.source_lesson_code, title = excluded.title, objective = excluded.objective;
insert into public.curriculum_lesson_standards (lesson_id, standard_id) values ('0c0ca434-b94a-5005-9d85-5ad7b2556fd5', '37d64715-b14d-556e-bfed-2fc5490b01b0') on conflict do nothing;
insert into public.curriculum_lessons (id, library_id, sequence_index, source_lesson_code, title, objective) values ('57dedaeb-48db-504b-97b3-fa9b6cf1266a', '3db67302-f293-5cab-95c6-32c38c3d1ae5', 51, '6.05', '6.05: Introduction to the Binomial Distribution', 'Let''s count successes in fixed trials.') on conflict (library_id, sequence_index) do update set source_lesson_code = excluded.source_lesson_code, title = excluded.title, objective = excluded.objective;
insert into public.curriculum_lesson_standards (lesson_id, standard_id) values ('57dedaeb-48db-504b-97b3-fa9b6cf1266a', '5c0a634a-cef2-591b-aefb-0b5c9218b695') on conflict do nothing;
insert into public.curriculum_lesson_standards (lesson_id, standard_id) values ('57dedaeb-48db-504b-97b3-fa9b6cf1266a', '20f91126-b6b1-5aa0-ae1f-8efb82e62df1') on conflict do nothing;
insert into public.curriculum_lesson_standards (lesson_id, standard_id) values ('57dedaeb-48db-504b-97b3-fa9b6cf1266a', '6f2b0b9c-3aaa-54ea-808e-00c099adeda7') on conflict do nothing;
insert into public.curriculum_lessons (id, library_id, sequence_index, source_lesson_code, title, objective) values ('1ebd4a50-34ff-508d-a725-db22ff1d2f20', 'ee1aa8ee-fb37-5488-95c2-42ff926265cb', 52, '6.03', '6.03: Absolute Value Functions', 'Let''s explore V-shaped graphs and their rules.') on conflict (library_id, sequence_index) do update set source_lesson_code = excluded.source_lesson_code, title = excluded.title, objective = excluded.objective;
insert into public.curriculum_lesson_standards (lesson_id, standard_id) values ('1ebd4a50-34ff-508d-a725-db22ff1d2f20', 'a755be9f-2332-552e-ada0-60951c433616') on conflict do nothing;
insert into public.curriculum_lessons (id, library_id, sequence_index, source_lesson_code, title, objective) values ('5d8312a8-139b-52c9-95c1-d3d2e727feb2', '42512171-9c1e-537b-b13c-9799aca71579', 52, '6.06', '6.06: Area and Perimeter of Similar Figures', 'Let''s compare ratios of perimeter and area.') on conflict (library_id, sequence_index) do update set source_lesson_code = excluded.source_lesson_code, title = excluded.title, objective = excluded.objective;
insert into public.curriculum_lesson_standards (lesson_id, standard_id) values ('5d8312a8-139b-52c9-95c1-d3d2e727feb2', 'ca328fcb-f6c4-5426-8d73-ce3a3392fa3e') on conflict do nothing;
insert into public.curriculum_lesson_standards (lesson_id, standard_id) values ('5d8312a8-139b-52c9-95c1-d3d2e727feb2', 'a1c88926-09ab-5121-a9f6-d5200abd7f34') on conflict do nothing;
insert into public.curriculum_lessons (id, library_id, sequence_index, source_lesson_code, title, objective) values ('cda3c334-3c63-5deb-ae54-75151002e0f8', '23d72045-7343-560e-a028-5105320ad19d', 52, '6.08', '6.08: Quadratic Formula', 'Let''s use the formula to solve any quadratic.') on conflict (library_id, sequence_index) do update set source_lesson_code = excluded.source_lesson_code, title = excluded.title, objective = excluded.objective;
insert into public.curriculum_lesson_standards (lesson_id, standard_id) values ('cda3c334-3c63-5deb-ae54-75151002e0f8', 'ce105238-22be-5e37-bbe3-beb7c9453384') on conflict do nothing;
insert into public.curriculum_lessons (id, library_id, sequence_index, source_lesson_code, title, objective) values ('ebbb089e-ccf9-5eb3-9444-41c108c229a7', 'b2429d1b-0327-5182-b112-d953d3213527', 52, 'Review 5.05-5.08', 'Review 5.05-5.08', 'Let''s review log properties and inverse equations.') on conflict (library_id, sequence_index) do update set source_lesson_code = excluded.source_lesson_code, title = excluded.title, objective = excluded.objective;
insert into public.curriculum_lessons (id, library_id, sequence_index, source_lesson_code, title, objective) values ('423bc9b7-ca08-56f8-bac9-848de4b9bc43', 'ebcdd3cd-bf22-5699-a207-1b3d8351b4c7', 52, '5.07', '5.07: Connecting a Function and Its Derivatives', 'Let''s sketch functions from derivative information.') on conflict (library_id, sequence_index) do update set source_lesson_code = excluded.source_lesson_code, title = excluded.title, objective = excluded.objective;
insert into public.curriculum_lesson_standards (lesson_id, standard_id) values ('423bc9b7-ca08-56f8-bac9-848de4b9bc43', '1fd890e8-7779-5ff7-9127-3f91ece7ab49') on conflict do nothing;
insert into public.curriculum_lesson_standards (lesson_id, standard_id) values ('423bc9b7-ca08-56f8-bac9-848de4b9bc43', '8eb3e3e5-5a79-5bd4-8d4a-d9eb283a65fa') on conflict do nothing;
insert into public.curriculum_lesson_standards (lesson_id, standard_id) values ('423bc9b7-ca08-56f8-bac9-848de4b9bc43', '18b326c9-edf0-5cc3-bfb2-83ac12d2ec40') on conflict do nothing;
insert into public.curriculum_lessons (id, library_id, sequence_index, source_lesson_code, title, objective) values ('59fc253a-2558-5b68-945d-0f8438392279', '3db67302-f293-5cab-95c6-32c38c3d1ae5', 52, '6.06', '6.06: Parameters for Binomial Distributions', 'Let''s find binomial means and standard deviations.') on conflict (library_id, sequence_index) do update set source_lesson_code = excluded.source_lesson_code, title = excluded.title, objective = excluded.objective;
insert into public.curriculum_lesson_standards (lesson_id, standard_id) values ('59fc253a-2558-5b68-945d-0f8438392279', '31312a88-d4f9-5ea2-b1b5-193ddf4efdc1') on conflict do nothing;
insert into public.curriculum_lesson_standards (lesson_id, standard_id) values ('59fc253a-2558-5b68-945d-0f8438392279', 'e40c75d9-8c06-5998-88b6-d0070d0df063') on conflict do nothing;
insert into public.curriculum_lessons (id, library_id, sequence_index, source_lesson_code, title, objective) values ('88082ba5-b0a3-5e85-a5bd-2f80d3a1abb6', 'ee1aa8ee-fb37-5488-95c2-42ff926265cb', 53, '6.04', '6.04: Solving an Absolute Value Function', 'Let''s find inputs for specific absolute values.') on conflict (library_id, sequence_index) do update set source_lesson_code = excluded.source_lesson_code, title = excluded.title, objective = excluded.objective;
insert into public.curriculum_lesson_standards (lesson_id, standard_id) values ('88082ba5-b0a3-5e85-a5bd-2f80d3a1abb6', 'e9a83826-07a1-51ac-8d89-1b343d46bbc8') on conflict do nothing;
insert into public.curriculum_lessons (id, library_id, sequence_index, source_lesson_code, title, objective) values ('a945a9d5-c71b-52a7-8b50-067a99a6c936', '42512171-9c1e-537b-b13c-9799aca71579', 53, 'Review 6.04-6.06', 'Review 6.04-6.06', 'Let''s review similarity shortcuts and proportional ratios.') on conflict (library_id, sequence_index) do update set source_lesson_code = excluded.source_lesson_code, title = excluded.title, objective = excluded.objective;
insert into public.curriculum_lessons (id, library_id, sequence_index, source_lesson_code, title, objective) values ('bb02399b-bd75-572e-b058-b3591b32c896', '23d72045-7343-560e-a028-5105320ad19d', 53, '6.09', '6.09: Complex Numbers', 'Let''s explore numbers involving the imaginary unit i.') on conflict (library_id, sequence_index) do update set source_lesson_code = excluded.source_lesson_code, title = excluded.title, objective = excluded.objective;
insert into public.curriculum_lesson_standards (lesson_id, standard_id) values ('bb02399b-bd75-572e-b058-b3591b32c896', '7be787cc-d15d-5b11-bc9c-914750c97799') on conflict do nothing;
insert into public.curriculum_lesson_standards (lesson_id, standard_id) values ('bb02399b-bd75-572e-b058-b3591b32c896', '8b5bc332-20b1-5d79-8c47-14ba6369c65b') on conflict do nothing;
insert into public.curriculum_lessons (id, library_id, sequence_index, source_lesson_code, title, objective) values ('6697c9f6-de7c-5748-97d6-1c213dbc4aa3', 'b2429d1b-0327-5182-b112-d953d3213527', 53, '5.09', '5.09: Semi-log Plots', 'Let''s linearize exponential data using semi-log graphs.') on conflict (library_id, sequence_index) do update set source_lesson_code = excluded.source_lesson_code, title = excluded.title, objective = excluded.objective;
insert into public.curriculum_lesson_standards (lesson_id, standard_id) values ('6697c9f6-de7c-5748-97d6-1c213dbc4aa3', 'ef8db4ba-ebfc-52b3-8e19-2749e93142f4') on conflict do nothing;
insert into public.curriculum_lesson_standards (lesson_id, standard_id) values ('6697c9f6-de7c-5748-97d6-1c213dbc4aa3', '7ec781d5-18ed-5ef5-b44f-9d67ce3cb046') on conflict do nothing;
insert into public.curriculum_lesson_standards (lesson_id, standard_id) values ('6697c9f6-de7c-5748-97d6-1c213dbc4aa3', '0a8f03c6-75e2-5c3c-907c-cce81d7eb5d5') on conflict do nothing;
insert into public.curriculum_lessons (id, library_id, sequence_index, source_lesson_code, title, objective) values ('b1af4bed-0cf7-555e-8096-836e9027ec08', 'ebcdd3cd-bf22-5699-a207-1b3d8351b4c7', 53, '5.07', '5.07: Connecting a Function and Its Derivatives (Part 2)', 'Let''s analyze f'' and f'''' graphs.') on conflict (library_id, sequence_index) do update set source_lesson_code = excluded.source_lesson_code, title = excluded.title, objective = excluded.objective;
insert into public.curriculum_lesson_standards (lesson_id, standard_id) values ('b1af4bed-0cf7-555e-8096-836e9027ec08', '1fd890e8-7779-5ff7-9127-3f91ece7ab49') on conflict do nothing;
insert into public.curriculum_lessons (id, library_id, sequence_index, source_lesson_code, title, objective) values ('fde94d53-c7e5-5e7f-9b1a-5b3ca0859b3a', '3db67302-f293-5cab-95c6-32c38c3d1ae5', 53, '6.07', '6.07: Conditions for Inference', 'Let''s check BINS for binomial distributions.') on conflict (library_id, sequence_index) do update set source_lesson_code = excluded.source_lesson_code, title = excluded.title, objective = excluded.objective;
insert into public.curriculum_lesson_standards (lesson_id, standard_id) values ('fde94d53-c7e5-5e7f-9b1a-5b3ca0859b3a', '31312a88-d4f9-5ea2-b1b5-193ddf4efdc1') on conflict do nothing;
insert into public.curriculum_lessons (id, library_id, sequence_index, source_lesson_code, title, objective) values ('eaed90b2-0cde-58aa-a8b6-610775b14a9a', 'ee1aa8ee-fb37-5488-95c2-42ff926265cb', 54, 'Review 6.01-6.04', 'Review 6.01-6.04', 'Let''s review nonlinear growth and absolute values.') on conflict (library_id, sequence_index) do update set source_lesson_code = excluded.source_lesson_code, title = excluded.title, objective = excluded.objective;
insert into public.curriculum_lessons (id, library_id, sequence_index, source_lesson_code, title, objective) values ('15880044-341a-524d-95a2-18aacc389bbd', '42512171-9c1e-537b-b13c-9799aca71579', 54, '7.01', '7.01: 45˚, 45˚, 90˚ Triangles', 'Let''s find sides in isosceles right triangles.') on conflict (library_id, sequence_index) do update set source_lesson_code = excluded.source_lesson_code, title = excluded.title, objective = excluded.objective;
insert into public.curriculum_lesson_standards (lesson_id, standard_id) values ('15880044-341a-524d-95a2-18aacc389bbd', '51ab23e0-0dff-519c-9e5f-7a55f0aa354c') on conflict do nothing;
insert into public.curriculum_lesson_standards (lesson_id, standard_id) values ('15880044-341a-524d-95a2-18aacc389bbd', '2582659a-3cad-515b-9e1d-2548485a9c69') on conflict do nothing;
insert into public.curriculum_lessons (id, library_id, sequence_index, source_lesson_code, title, objective) values ('775d233f-3268-5d99-9c3d-988bf4b48ead', '23d72045-7343-560e-a028-5105320ad19d', 54, '6.10', '6.10: The Discriminant and Types of Solutions', 'Let''s predict the number and type of roots.') on conflict (library_id, sequence_index) do update set source_lesson_code = excluded.source_lesson_code, title = excluded.title, objective = excluded.objective;
insert into public.curriculum_lesson_standards (lesson_id, standard_id) values ('775d233f-3268-5d99-9c3d-988bf4b48ead', 'ce105238-22be-5e37-bbe3-beb7c9453384') on conflict do nothing;
insert into public.curriculum_lesson_standards (lesson_id, standard_id) values ('775d233f-3268-5d99-9c3d-988bf4b48ead', 'f5bd7059-9abe-59fc-bc1a-a53268ddbd05') on conflict do nothing;
insert into public.curriculum_lessons (id, library_id, sequence_index, source_lesson_code, title, objective) values ('bc25dddd-62e5-5ff4-badc-8ddd45a2852a', 'b2429d1b-0327-5182-b112-d953d3213527', 54, '6.01', '6.01: Periodic Phenomena', 'Let''s identify patterns that repeat over time.') on conflict (library_id, sequence_index) do update set source_lesson_code = excluded.source_lesson_code, title = excluded.title, objective = excluded.objective;
insert into public.curriculum_lesson_standards (lesson_id, standard_id) values ('bc25dddd-62e5-5ff4-badc-8ddd45a2852a', '350fed9d-41e8-59b8-9694-6c142561c148') on conflict do nothing;
insert into public.curriculum_lesson_standards (lesson_id, standard_id) values ('bc25dddd-62e5-5ff4-badc-8ddd45a2852a', '22c55a8b-f497-5ef4-8ad8-6ec4f717f383') on conflict do nothing;
insert into public.curriculum_lessons (id, library_id, sequence_index, source_lesson_code, title, objective) values ('a654751d-534e-5967-a976-9692a73404c5', 'ebcdd3cd-bf22-5699-a207-1b3d8351b4c7', 54, '5.07', '5.07: Connecting a Function and Its Derivatives (Part 3)', 'Let''s justify function behavior using derivative signs.') on conflict (library_id, sequence_index) do update set source_lesson_code = excluded.source_lesson_code, title = excluded.title, objective = excluded.objective;
insert into public.curriculum_lesson_standards (lesson_id, standard_id) values ('a654751d-534e-5967-a976-9692a73404c5', '8eb3e3e5-5a79-5bd4-8d4a-d9eb283a65fa') on conflict do nothing;
insert into public.curriculum_lessons (id, library_id, sequence_index, source_lesson_code, title, objective) values ('b16e07bf-149c-5a65-809e-b1a87327a6ec', '3db67302-f293-5cab-95c6-32c38c3d1ae5', 54, '6.08', '6.08: The Geometric Distribution', 'Let''s find when the first success occurs.') on conflict (library_id, sequence_index) do update set source_lesson_code = excluded.source_lesson_code, title = excluded.title, objective = excluded.objective;
insert into public.curriculum_lesson_standards (lesson_id, standard_id) values ('b16e07bf-149c-5a65-809e-b1a87327a6ec', '8ef6be2f-5d5b-53ba-a429-58e58cc9939b') on conflict do nothing;
insert into public.curriculum_lesson_standards (lesson_id, standard_id) values ('b16e07bf-149c-5a65-809e-b1a87327a6ec', '9b4ca4db-da6b-50fc-915a-cf993264c76d') on conflict do nothing;
insert into public.curriculum_lessons (id, library_id, sequence_index, source_lesson_code, title, objective) values ('8187b8e5-802d-5f05-a093-5d3ac142937d', 'ee1aa8ee-fb37-5488-95c2-42ff926265cb', 55, '6.05', '6.05: Exponent Rules', 'Let''s simplify expressions using power laws.') on conflict (library_id, sequence_index) do update set source_lesson_code = excluded.source_lesson_code, title = excluded.title, objective = excluded.objective;
insert into public.curriculum_lesson_standards (lesson_id, standard_id) values ('8187b8e5-802d-5f05-a093-5d3ac142937d', 'cba21089-efd0-52c8-b971-aa184977b055') on conflict do nothing;
insert into public.curriculum_lessons (id, library_id, sequence_index, source_lesson_code, title, objective) values ('bea97386-ea25-5bef-b673-899384007f46', '42512171-9c1e-537b-b13c-9799aca71579', 55, '7.02', '7.02: 30˚, 60˚, 90˚ Triangles', 'Let''s use ratios for special right triangles.') on conflict (library_id, sequence_index) do update set source_lesson_code = excluded.source_lesson_code, title = excluded.title, objective = excluded.objective;
insert into public.curriculum_lesson_standards (lesson_id, standard_id) values ('bea97386-ea25-5bef-b673-899384007f46', '51ab23e0-0dff-519c-9e5f-7a55f0aa354c') on conflict do nothing;
insert into public.curriculum_lesson_standards (lesson_id, standard_id) values ('bea97386-ea25-5bef-b673-899384007f46', '2582659a-3cad-515b-9e1d-2548485a9c69') on conflict do nothing;
insert into public.curriculum_lessons (id, library_id, sequence_index, source_lesson_code, title, objective) values ('52b528b2-cfb9-54d1-abe6-b35f9918f149', '23d72045-7343-560e-a028-5105320ad19d', 55, 'Review 6.05-6.10', 'Review 6.05-6.10', 'Let''s review quadratic solving methods and complex numbers.') on conflict (library_id, sequence_index) do update set source_lesson_code = excluded.source_lesson_code, title = excluded.title, objective = excluded.objective;
insert into public.curriculum_lessons (id, library_id, sequence_index, source_lesson_code, title, objective) values ('c7009369-f38b-5bc5-99fb-393690726978', 'b2429d1b-0327-5182-b112-d953d3213527', 55, '6.02', '6.02: Angles on the Coordinate Plane', 'Let''s measure rotation in degrees and radians.') on conflict (library_id, sequence_index) do update set source_lesson_code = excluded.source_lesson_code, title = excluded.title, objective = excluded.objective;
insert into public.curriculum_lesson_standards (lesson_id, standard_id) values ('c7009369-f38b-5bc5-99fb-393690726978', 'd605e5ae-f551-535c-a819-aa7042a5ecc9') on conflict do nothing;
insert into public.curriculum_lesson_standards (lesson_id, standard_id) values ('c7009369-f38b-5bc5-99fb-393690726978', '1cfe1541-188e-5aa9-a190-8b7a74ce60c4') on conflict do nothing;
insert into public.curriculum_lesson_standards (lesson_id, standard_id) values ('c7009369-f38b-5bc5-99fb-393690726978', '703aa032-5ed8-58bd-adb5-4c7dfb64bb66') on conflict do nothing;
insert into public.curriculum_lessons (id, library_id, sequence_index, source_lesson_code, title, objective) values ('a87e1160-1f87-5a08-9659-47768dff1bae', 'ebcdd3cd-bf22-5699-a207-1b3d8351b4c7', 55, '5.08', '5.08: Optimization', 'Let''s find the best solution for constraints.') on conflict (library_id, sequence_index) do update set source_lesson_code = excluded.source_lesson_code, title = excluded.title, objective = excluded.objective;
insert into public.curriculum_lesson_standards (lesson_id, standard_id) values ('a87e1160-1f87-5a08-9659-47768dff1bae', 'aec7bf04-4599-53ff-99cd-32270962a182') on conflict do nothing;
insert into public.curriculum_lesson_standards (lesson_id, standard_id) values ('a87e1160-1f87-5a08-9659-47768dff1bae', '534df838-2761-514d-85de-9c5b1b783c42') on conflict do nothing;
insert into public.curriculum_lesson_standards (lesson_id, standard_id) values ('a87e1160-1f87-5a08-9659-47768dff1bae', 'dbc6fa1e-04cb-5534-8a68-8f74929ae3be') on conflict do nothing;
insert into public.curriculum_lessons (id, library_id, sequence_index, source_lesson_code, title, objective) values ('cd93b8eb-ad44-5b52-91b9-fd08f9a06de7', '3db67302-f293-5cab-95c6-32c38c3d1ae5', 55, 'Review 6.05-6.08', 'Review 6.05-6.08', 'Let''s review binomial and geometric distributions.') on conflict (library_id, sequence_index) do update set source_lesson_code = excluded.source_lesson_code, title = excluded.title, objective = excluded.objective;
insert into public.curriculum_lessons (id, library_id, sequence_index, source_lesson_code, title, objective) values ('1e19196f-4c12-5c89-acdb-74f942bdaa98', 'ee1aa8ee-fb37-5488-95c2-42ff926265cb', 56, '6.06', '6.06: Power Functions', 'Let''s examine functions with variable bases.') on conflict (library_id, sequence_index) do update set source_lesson_code = excluded.source_lesson_code, title = excluded.title, objective = excluded.objective;
insert into public.curriculum_lesson_standards (lesson_id, standard_id) values ('1e19196f-4c12-5c89-acdb-74f942bdaa98', '46f95a08-75f9-577c-bce7-206a3a3e0fdd') on conflict do nothing;
insert into public.curriculum_lessons (id, library_id, sequence_index, source_lesson_code, title, objective) values ('70fbdaac-ef98-5477-bfd6-49f1da8436c7', '42512171-9c1e-537b-b13c-9799aca71579', 56, '7.03', '7.03: Trigonometric Ratios', 'Let''s define sine, cosine, and tangent ratios.') on conflict (library_id, sequence_index) do update set source_lesson_code = excluded.source_lesson_code, title = excluded.title, objective = excluded.objective;
insert into public.curriculum_lesson_standards (lesson_id, standard_id) values ('70fbdaac-ef98-5477-bfd6-49f1da8436c7', '7164a2e1-47ef-5221-ab70-3d2db5ee9f51') on conflict do nothing;
insert into public.curriculum_lessons (id, library_id, sequence_index, source_lesson_code, title, objective) values ('835dd777-3a4d-5fc5-adb7-6869125d8a93', '23d72045-7343-560e-a028-5105320ad19d', 56, '7.01', '7.01: What is a Polynomial?', 'Let''s identify features of higher-degree algebraic expressions.') on conflict (library_id, sequence_index) do update set source_lesson_code = excluded.source_lesson_code, title = excluded.title, objective = excluded.objective;
insert into public.curriculum_lesson_standards (lesson_id, standard_id) values ('835dd777-3a4d-5fc5-adb7-6869125d8a93', '46f95a08-75f9-577c-bce7-206a3a3e0fdd') on conflict do nothing;
insert into public.curriculum_lessons (id, library_id, sequence_index, source_lesson_code, title, objective) values ('6dd1d72a-3f83-503d-a88b-9f09a7bfe79b', 'b2429d1b-0327-5182-b112-d953d3213527', 56, '6.03', '6.03: Defining Sine, Cosine, and Tangent for Any Angle', 'Let''s find trig values beyond right triangles.') on conflict (library_id, sequence_index) do update set source_lesson_code = excluded.source_lesson_code, title = excluded.title, objective = excluded.objective;
insert into public.curriculum_lesson_standards (lesson_id, standard_id) values ('6dd1d72a-3f83-503d-a88b-9f09a7bfe79b', 'aae2c8f2-a18e-57ad-a373-f42982aa1a12') on conflict do nothing;
insert into public.curriculum_lesson_standards (lesson_id, standard_id) values ('6dd1d72a-3f83-503d-a88b-9f09a7bfe79b', '703aa032-5ed8-58bd-adb5-4c7dfb64bb66') on conflict do nothing;
insert into public.curriculum_lessons (id, library_id, sequence_index, source_lesson_code, title, objective) values ('5a9577f3-6947-5891-ac0c-44948bb6eeaa', 'ebcdd3cd-bf22-5699-a207-1b3d8351b4c7', 56, '5.08', '5.08: Optimization (Part 2)', 'Let''s solve geometric and business optimization problems.') on conflict (library_id, sequence_index) do update set source_lesson_code = excluded.source_lesson_code, title = excluded.title, objective = excluded.objective;
insert into public.curriculum_lesson_standards (lesson_id, standard_id) values ('5a9577f3-6947-5891-ac0c-44948bb6eeaa', '534df838-2761-514d-85de-9c5b1b783c42') on conflict do nothing;
insert into public.curriculum_lesson_standards (lesson_id, standard_id) values ('5a9577f3-6947-5891-ac0c-44948bb6eeaa', 'dbc6fa1e-04cb-5534-8a68-8f74929ae3be') on conflict do nothing;
insert into public.curriculum_lessons (id, library_id, sequence_index, source_lesson_code, title, objective) values ('e9a49b32-4a7f-5d5a-8bb3-4116a1684e52', '3db67302-f293-5cab-95c6-32c38c3d1ae5', 56, '7.01', '7.01: Sampling Distributions', 'Let''s explore how sample statistics vary.') on conflict (library_id, sequence_index) do update set source_lesson_code = excluded.source_lesson_code, title = excluded.title, objective = excluded.objective;
insert into public.curriculum_lesson_standards (lesson_id, standard_id) values ('e9a49b32-4a7f-5d5a-8bb3-4116a1684e52', '60faee3f-f386-52a4-b58d-b0f847834126') on conflict do nothing;
insert into public.curriculum_lesson_standards (lesson_id, standard_id) values ('e9a49b32-4a7f-5d5a-8bb3-4116a1684e52', '5eb5ed8e-b04a-5d81-b207-fcd99a361a13') on conflict do nothing;
insert into public.curriculum_lesson_standards (lesson_id, standard_id) values ('e9a49b32-4a7f-5d5a-8bb3-4116a1684e52', '36065305-9942-535f-8d55-c018305d5570') on conflict do nothing;
insert into public.curriculum_lessons (id, library_id, sequence_index, source_lesson_code, title, objective) values ('9c746d78-271c-5f9a-8e14-c16901e9eab8', 'ee1aa8ee-fb37-5488-95c2-42ff926265cb', 57, '6.07', '6.07: Square Root and Root Functions', 'Let''s graph and evaluate radical function types.') on conflict (library_id, sequence_index) do update set source_lesson_code = excluded.source_lesson_code, title = excluded.title, objective = excluded.objective;
insert into public.curriculum_lesson_standards (lesson_id, standard_id) values ('9c746d78-271c-5f9a-8e14-c16901e9eab8', 'a755be9f-2332-552e-ada0-60951c433616') on conflict do nothing;
insert into public.curriculum_lessons (id, library_id, sequence_index, source_lesson_code, title, objective) values ('a193a0cc-c3b3-5314-a11c-109e4993def5', '42512171-9c1e-537b-b13c-9799aca71579', 57, '7.04', '7.04: Using Trig Ratios to Solve for Missing Sides', 'Let''s calculate side lengths using trigonometry.') on conflict (library_id, sequence_index) do update set source_lesson_code = excluded.source_lesson_code, title = excluded.title, objective = excluded.objective;
insert into public.curriculum_lesson_standards (lesson_id, standard_id) values ('a193a0cc-c3b3-5314-a11c-109e4993def5', '51ab23e0-0dff-519c-9e5f-7a55f0aa354c') on conflict do nothing;
insert into public.curriculum_lessons (id, library_id, sequence_index, source_lesson_code, title, objective) values ('3b0e78aa-21c8-5883-b1fa-6b525b6c8b63', '23d72045-7343-560e-a028-5105320ad19d', 57, '7.02', '7.02: Forms of Polynomial Equations', 'Let''s analyze standard and factored polynomial forms.') on conflict (library_id, sequence_index) do update set source_lesson_code = excluded.source_lesson_code, title = excluded.title, objective = excluded.objective;
insert into public.curriculum_lesson_standards (lesson_id, standard_id) values ('3b0e78aa-21c8-5883-b1fa-6b525b6c8b63', '917fcc7d-28be-52f4-9e77-b860370ceebc') on conflict do nothing;
insert into public.curriculum_lessons (id, library_id, sequence_index, source_lesson_code, title, objective) values ('ac8bd95e-bd66-561a-8112-de32f69e1dcf', 'b2429d1b-0327-5182-b112-d953d3213527', 57, '6.04', '6.04: Coordinates on the Unit Circle', 'Let''s link trig ratios to circle coordinates.') on conflict (library_id, sequence_index) do update set source_lesson_code = excluded.source_lesson_code, title = excluded.title, objective = excluded.objective;
insert into public.curriculum_lesson_standards (lesson_id, standard_id) values ('ac8bd95e-bd66-561a-8112-de32f69e1dcf', '27952bec-252c-5912-a6cb-4f476715d956') on conflict do nothing;
insert into public.curriculum_lesson_standards (lesson_id, standard_id) values ('ac8bd95e-bd66-561a-8112-de32f69e1dcf', '15a67f25-8143-5c91-b996-447b56ef7700') on conflict do nothing;
insert into public.curriculum_lesson_standards (lesson_id, standard_id) values ('ac8bd95e-bd66-561a-8112-de32f69e1dcf', '703aa032-5ed8-58bd-adb5-4c7dfb64bb66') on conflict do nothing;
insert into public.curriculum_lessons (id, library_id, sequence_index, source_lesson_code, title, objective) values ('d43221ee-cdab-51eb-9955-b825ac56243f', 'ebcdd3cd-bf22-5699-a207-1b3d8351b4c7', 57, '5.09', '5.09: Analyzing Implicit Relations', 'Let''s find extrema for non-function equations.') on conflict (library_id, sequence_index) do update set source_lesson_code = excluded.source_lesson_code, title = excluded.title, objective = excluded.objective;
insert into public.curriculum_lesson_standards (lesson_id, standard_id) values ('d43221ee-cdab-51eb-9955-b825ac56243f', 'df7881e3-1c6d-5682-86d1-3fdd3e3d6a51') on conflict do nothing;
insert into public.curriculum_lessons (id, library_id, sequence_index, source_lesson_code, title, objective) values ('3116de54-d84f-5c54-a1e5-219815f0bbee', '3db67302-f293-5cab-95c6-32c38c3d1ae5', 57, '7.02', '7.02: Bias and Variability', 'Let''s evaluate the accuracy of our estimators.') on conflict (library_id, sequence_index) do update set source_lesson_code = excluded.source_lesson_code, title = excluded.title, objective = excluded.objective;
insert into public.curriculum_lesson_standards (lesson_id, standard_id) values ('3116de54-d84f-5c54-a1e5-219815f0bbee', 'a2b36a11-0c63-5c23-81fd-873a47e2b57b') on conflict do nothing;
insert into public.curriculum_lesson_standards (lesson_id, standard_id) values ('3116de54-d84f-5c54-a1e5-219815f0bbee', '36065305-9942-535f-8d55-c018305d5570') on conflict do nothing;
insert into public.curriculum_lessons (id, library_id, sequence_index, source_lesson_code, title, objective) values ('bffc110a-f7c1-5ac1-8063-8f0e7fda8ee0', 'ee1aa8ee-fb37-5488-95c2-42ff926265cb', 58, '6.08', '6.08: Radicals and Rational Exponents', 'Let''s convert between roots and fractional powers.') on conflict (library_id, sequence_index) do update set source_lesson_code = excluded.source_lesson_code, title = excluded.title, objective = excluded.objective;
insert into public.curriculum_lesson_standards (lesson_id, standard_id) values ('bffc110a-f7c1-5ac1-8063-8f0e7fda8ee0', 'c96e7cf5-665e-5da7-9fd5-e891f4c5696f') on conflict do nothing;
insert into public.curriculum_lessons (id, library_id, sequence_index, source_lesson_code, title, objective) values ('d38212b5-42cf-5f0e-9923-aa694c9be91c', '42512171-9c1e-537b-b13c-9799aca71579', 58, 'Review 7.01-7.04', 'Review 7.01-7.04', 'Let''s review special triangles and basic trig.') on conflict (library_id, sequence_index) do update set source_lesson_code = excluded.source_lesson_code, title = excluded.title, objective = excluded.objective;
insert into public.curriculum_lessons (id, library_id, sequence_index, source_lesson_code, title, objective) values ('0b4554e4-be7b-58d4-9d4c-210e84a16a1c', '23d72045-7343-560e-a028-5105320ad19d', 58, '7.03', '7.03: Polynomial Function Behavior', 'Let''s describe end behavior and turning points.') on conflict (library_id, sequence_index) do update set source_lesson_code = excluded.source_lesson_code, title = excluded.title, objective = excluded.objective;
insert into public.curriculum_lesson_standards (lesson_id, standard_id) values ('0b4554e4-be7b-58d4-9d4c-210e84a16a1c', 'a337895a-3a09-57c4-a135-672808d0cd90') on conflict do nothing;
insert into public.curriculum_lesson_standards (lesson_id, standard_id) values ('0b4554e4-be7b-58d4-9d4c-210e84a16a1c', 'aeea1a16-44cc-563d-9cec-4c71abed7bc5') on conflict do nothing;
insert into public.curriculum_lessons (id, library_id, sequence_index, source_lesson_code, title, objective) values ('2c7cabef-9d0f-575e-8245-8819f7b3acba', 'b2429d1b-0327-5182-b112-d953d3213527', 58, 'Review 6.01-6.04', 'Review 6.01-6.04', 'Let''s review unit circle and trig definitions.') on conflict (library_id, sequence_index) do update set source_lesson_code = excluded.source_lesson_code, title = excluded.title, objective = excluded.objective;
insert into public.curriculum_lessons (id, library_id, sequence_index, source_lesson_code, title, objective) values ('40f20f86-c738-5130-a13c-208b835c7f89', 'ebcdd3cd-bf22-5699-a207-1b3d8351b4c7', 58, 'Review 5.05-5.09', 'Review 5.05-5.09', 'Let''s review concavity, sketching, and optimization.') on conflict (library_id, sequence_index) do update set source_lesson_code = excluded.source_lesson_code, title = excluded.title, objective = excluded.objective;
insert into public.curriculum_lessons (id, library_id, sequence_index, source_lesson_code, title, objective) values ('797a63e3-96e5-5617-a4bd-fd3e80031a52', '3db67302-f293-5cab-95c6-32c38c3d1ae5', 58, '7.03', '7.03: Sample Proportions', 'Let''s find probabilities for categorical sample results.') on conflict (library_id, sequence_index) do update set source_lesson_code = excluded.source_lesson_code, title = excluded.title, objective = excluded.objective;
insert into public.curriculum_lesson_standards (lesson_id, standard_id) values ('797a63e3-96e5-5617-a4bd-fd3e80031a52', '36ce1948-d869-54c2-a88d-791a196102fa') on conflict do nothing;
insert into public.curriculum_lesson_standards (lesson_id, standard_id) values ('797a63e3-96e5-5617-a4bd-fd3e80031a52', '2f258e1f-17db-5c2e-8a64-b9f4630c9d27') on conflict do nothing;
insert into public.curriculum_lesson_standards (lesson_id, standard_id) values ('797a63e3-96e5-5617-a4bd-fd3e80031a52', '36065305-9942-535f-8d55-c018305d5570') on conflict do nothing;
insert into public.curriculum_lessons (id, library_id, sequence_index, source_lesson_code, title, objective) values ('e554733b-980c-58fe-aa2b-885d6bcea68e', 'ee1aa8ee-fb37-5488-95c2-42ff926265cb', 59, '6.09', '6.09: Solving Equations', 'Let''s solve equations involving roots and powers.') on conflict (library_id, sequence_index) do update set source_lesson_code = excluded.source_lesson_code, title = excluded.title, objective = excluded.objective;
insert into public.curriculum_lesson_standards (lesson_id, standard_id) values ('e554733b-980c-58fe-aa2b-885d6bcea68e', '24863cb1-94fd-522d-a8a6-0c62f6525c29') on conflict do nothing;
insert into public.curriculum_lessons (id, library_id, sequence_index, source_lesson_code, title, objective) values ('56ab2e54-50c9-5806-8a51-0820566766b3', '42512171-9c1e-537b-b13c-9799aca71579', 59, '7.05', '7.05: Inverse Trig Ratios', 'Let''s use trigonometry to find missing angles.') on conflict (library_id, sequence_index) do update set source_lesson_code = excluded.source_lesson_code, title = excluded.title, objective = excluded.objective;
insert into public.curriculum_lesson_standards (lesson_id, standard_id) values ('56ab2e54-50c9-5806-8a51-0820566766b3', '51ab23e0-0dff-519c-9e5f-7a55f0aa354c') on conflict do nothing;
insert into public.curriculum_lessons (id, library_id, sequence_index, source_lesson_code, title, objective) values ('5ebd85ce-5bf3-5b12-affe-1ebc6b55c979', '23d72045-7343-560e-a028-5105320ad19d', 59, '7.04', '7.04: Repeating Zeros', 'Let''s see how multiplicity affects a function''s graph.') on conflict (library_id, sequence_index) do update set source_lesson_code = excluded.source_lesson_code, title = excluded.title, objective = excluded.objective;
insert into public.curriculum_lesson_standards (lesson_id, standard_id) values ('5ebd85ce-5bf3-5b12-affe-1ebc6b55c979', '917fcc7d-28be-52f4-9e77-b860370ceebc') on conflict do nothing;
insert into public.curriculum_lessons (id, library_id, sequence_index, source_lesson_code, title, objective) values ('d49c6257-f0d1-5d8d-9ef2-0a2c671d290c', 'b2429d1b-0327-5182-b112-d953d3213527', 59, '6.05', '6.05: Graphs of Sine and Cosine', 'Let''s plot the wave-like periodic trig functions.') on conflict (library_id, sequence_index) do update set source_lesson_code = excluded.source_lesson_code, title = excluded.title, objective = excluded.objective;
insert into public.curriculum_lesson_standards (lesson_id, standard_id) values ('d49c6257-f0d1-5d8d-9ef2-0a2c671d290c', '94c814b1-aa38-5018-9861-e6adcd029887') on conflict do nothing;
insert into public.curriculum_lesson_standards (lesson_id, standard_id) values ('d49c6257-f0d1-5d8d-9ef2-0a2c671d290c', 'f8577b94-277b-530a-b360-947caeba5508') on conflict do nothing;
insert into public.curriculum_lessons (id, library_id, sequence_index, source_lesson_code, title, objective) values ('2c12b0a7-83ee-5cdd-ac18-41f276fdebb7', 'ebcdd3cd-bf22-5699-a207-1b3d8351b4c7', 59, '6.01', '6.01: Exploring Accumulation', 'Let''s understand how quantities build over time.') on conflict (library_id, sequence_index) do update set source_lesson_code = excluded.source_lesson_code, title = excluded.title, objective = excluded.objective;
insert into public.curriculum_lesson_standards (lesson_id, standard_id) values ('2c12b0a7-83ee-5cdd-ac18-41f276fdebb7', 'ebc4da95-5368-55c6-bf5f-01f08a61deb4') on conflict do nothing;
insert into public.curriculum_lessons (id, library_id, sequence_index, source_lesson_code, title, objective) values ('b7d85309-a57b-5851-abe3-5169744214ec', '3db67302-f293-5cab-95c6-32c38c3d1ae5', 59, '7.04', '7.04: Differences in Sample Proportions', 'Let''s analyze the difference between two groups.') on conflict (library_id, sequence_index) do update set source_lesson_code = excluded.source_lesson_code, title = excluded.title, objective = excluded.objective;
insert into public.curriculum_lesson_standards (lesson_id, standard_id) values ('b7d85309-a57b-5851-abe3-5169744214ec', '60a5dbbd-bcce-5d79-b746-7b942bf5aa34') on conflict do nothing;
insert into public.curriculum_lesson_standards (lesson_id, standard_id) values ('b7d85309-a57b-5851-abe3-5169744214ec', '36065305-9942-535f-8d55-c018305d5570') on conflict do nothing;
insert into public.curriculum_lessons (id, library_id, sequence_index, source_lesson_code, title, objective) values ('9e60b887-03df-5f04-9f6e-92b1c7ccefc4', 'ee1aa8ee-fb37-5488-95c2-42ff926265cb', 60, 'Review 6.05-6.09', 'Review 6.05-6.09', 'Let''s review exponent laws and radical equations.') on conflict (library_id, sequence_index) do update set source_lesson_code = excluded.source_lesson_code, title = excluded.title, objective = excluded.objective;
insert into public.curriculum_lessons (id, library_id, sequence_index, source_lesson_code, title, objective) values ('49d41e01-5d40-54e2-91e6-17cf4329e743', '42512171-9c1e-537b-b13c-9799aca71579', 60, '7.06', '7.06: Applications of Trigonometry', 'Let''s solve real-world right triangle problems.') on conflict (library_id, sequence_index) do update set source_lesson_code = excluded.source_lesson_code, title = excluded.title, objective = excluded.objective;
insert into public.curriculum_lesson_standards (lesson_id, standard_id) values ('49d41e01-5d40-54e2-91e6-17cf4329e743', '6dac2afd-7729-5fea-aa1f-5403fe738a35') on conflict do nothing;
insert into public.curriculum_lesson_standards (lesson_id, standard_id) values ('49d41e01-5d40-54e2-91e6-17cf4329e743', '51ab23e0-0dff-519c-9e5f-7a55f0aa354c') on conflict do nothing;
insert into public.curriculum_lessons (id, library_id, sequence_index, source_lesson_code, title, objective) values ('8a2529e7-c2ea-530e-819b-fea9cfb9d839', '23d72045-7343-560e-a028-5105320ad19d', 60, 'Review 7.01-7.04', 'Review 7.01-7.04', 'Let''s review polynomial characteristics and graph behavior.') on conflict (library_id, sequence_index) do update set source_lesson_code = excluded.source_lesson_code, title = excluded.title, objective = excluded.objective;
insert into public.curriculum_lessons (id, library_id, sequence_index, source_lesson_code, title, objective) values ('207e4194-b8bb-5cd5-9459-be72d99a087d', 'b2429d1b-0327-5182-b112-d953d3213527', 60, '6.06', '6.06: Transformations of Sine and Cosine', 'Let''s change amplitude, period, and phase shifts.') on conflict (library_id, sequence_index) do update set source_lesson_code = excluded.source_lesson_code, title = excluded.title, objective = excluded.objective;
insert into public.curriculum_lesson_standards (lesson_id, standard_id) values ('207e4194-b8bb-5cd5-9459-be72d99a087d', '39353c64-8ad3-59be-8652-d25d4d761d86') on conflict do nothing;
insert into public.curriculum_lesson_standards (lesson_id, standard_id) values ('207e4194-b8bb-5cd5-9459-be72d99a087d', '9c5bca10-1c6a-5f28-8029-a0a64c48da81') on conflict do nothing;
insert into public.curriculum_lesson_standards (lesson_id, standard_id) values ('207e4194-b8bb-5cd5-9459-be72d99a087d', '22c55a8b-f497-5ef4-8ad8-6ec4f717f383') on conflict do nothing;
insert into public.curriculum_lessons (id, library_id, sequence_index, source_lesson_code, title, objective) values ('7b3a8e97-7835-501d-b8bf-4a9c98a73763', 'ebcdd3cd-bf22-5699-a207-1b3d8351b4c7', 60, '6.02', '6.02: Approximating Areas with Rectangles', 'Let''s use Riemann sums to estimate area.') on conflict (library_id, sequence_index) do update set source_lesson_code = excluded.source_lesson_code, title = excluded.title, objective = excluded.objective;
insert into public.curriculum_lesson_standards (lesson_id, standard_id) values ('7b3a8e97-7835-501d-b8bf-4a9c98a73763', '8ece493a-aa2e-5c87-b3d5-40643e7c8f6e') on conflict do nothing;
insert into public.curriculum_lessons (id, library_id, sequence_index, source_lesson_code, title, objective) values ('e31de93a-9f2b-515d-b072-9aea91b0dfd0', '3db67302-f293-5cab-95c6-32c38c3d1ae5', 60, 'Review 7.01-7.04', 'Review 7.01-7.04', 'Let''s review proportions and sampling distribution basics.') on conflict (library_id, sequence_index) do update set source_lesson_code = excluded.source_lesson_code, title = excluded.title, objective = excluded.objective;
insert into public.curriculum_lessons (id, library_id, sequence_index, source_lesson_code, title, objective) values ('2f8da561-3aa8-50b4-b254-25ca99d2f70f', 'ee1aa8ee-fb37-5488-95c2-42ff926265cb', 61, '7.01', '7.01: Quadratic Growth', 'Let''s study patterns that grow by squaring.') on conflict (library_id, sequence_index) do update set source_lesson_code = excluded.source_lesson_code, title = excluded.title, objective = excluded.objective;
insert into public.curriculum_lesson_standards (lesson_id, standard_id) values ('2f8da561-3aa8-50b4-b254-25ca99d2f70f', '66228d02-f086-5471-9815-b707378d4887') on conflict do nothing;
insert into public.curriculum_lessons (id, library_id, sequence_index, source_lesson_code, title, objective) values ('a090b0d3-4374-576b-962c-ff1daa16ebf7', '42512171-9c1e-537b-b13c-9799aca71579', 61, 'Review 7.05-7.06', 'Review 7.05-7.06', 'Let''s review inverse trig and word problems.') on conflict (library_id, sequence_index) do update set source_lesson_code = excluded.source_lesson_code, title = excluded.title, objective = excluded.objective;
insert into public.curriculum_lessons (id, library_id, sequence_index, source_lesson_code, title, objective) values ('fd811237-a788-529b-bc5b-7bd0f29a8c56', '23d72045-7343-560e-a028-5105320ad19d', 61, '7.05', '7.05: Multiplying and Dividing Polynomials', 'Let''s perform operations including long and synthetic division.') on conflict (library_id, sequence_index) do update set source_lesson_code = excluded.source_lesson_code, title = excluded.title, objective = excluded.objective;
insert into public.curriculum_lesson_standards (lesson_id, standard_id) values ('fd811237-a788-529b-bc5b-7bd0f29a8c56', '145ade4c-32aa-5e59-acb0-aa0dea64c013') on conflict do nothing;
insert into public.curriculum_lesson_standards (lesson_id, standard_id) values ('fd811237-a788-529b-bc5b-7bd0f29a8c56', '2d4e1c8d-66cc-5203-b27f-c39436eeb455') on conflict do nothing;
insert into public.curriculum_lessons (id, library_id, sequence_index, source_lesson_code, title, objective) values ('a0f59386-22fd-52b2-ba18-19b44f8983ab', 'b2429d1b-0327-5182-b112-d953d3213527', 61, 'Review 6.05-6.06', 'Review 6.05-6.06', 'Let''s review graphing and transforming trig waves.') on conflict (library_id, sequence_index) do update set source_lesson_code = excluded.source_lesson_code, title = excluded.title, objective = excluded.objective;
insert into public.curriculum_lessons (id, library_id, sequence_index, source_lesson_code, title, objective) values ('ebd13f7c-c921-5cc4-887b-df3498568443', 'ebcdd3cd-bf22-5699-a207-1b3d8351b4c7', 61, '6.03', '6.03: Approximating Areas with Trapezoids', 'Let''s improve area estimates using trapezoidal rules.') on conflict (library_id, sequence_index) do update set source_lesson_code = excluded.source_lesson_code, title = excluded.title, objective = excluded.objective;
insert into public.curriculum_lesson_standards (lesson_id, standard_id) values ('ebd13f7c-c921-5cc4-887b-df3498568443', '625b0f9a-4931-5f05-8e1c-025c9d16178c') on conflict do nothing;
insert into public.curriculum_lessons (id, library_id, sequence_index, source_lesson_code, title, objective) values ('ca641ee7-1ba3-527f-b5cd-30985c36f7e5', '3db67302-f293-5cab-95c6-32c38c3d1ae5', 61, '7.05', '7.05: Sample Means', 'Let''s analyze distributions of quantitative sample averages.') on conflict (library_id, sequence_index) do update set source_lesson_code = excluded.source_lesson_code, title = excluded.title, objective = excluded.objective;
insert into public.curriculum_lesson_standards (lesson_id, standard_id) values ('ca641ee7-1ba3-527f-b5cd-30985c36f7e5', '37d64715-b14d-556e-bfed-2fc5490b01b0') on conflict do nothing;
insert into public.curriculum_lesson_standards (lesson_id, standard_id) values ('ca641ee7-1ba3-527f-b5cd-30985c36f7e5', '36065305-9942-535f-8d55-c018305d5570') on conflict do nothing;
insert into public.curriculum_lessons (id, library_id, sequence_index, source_lesson_code, title, objective) values ('279397cd-17c0-50ff-bec4-09c5ec4a1201', 'ee1aa8ee-fb37-5488-95c2-42ff926265cb', 62, '7.02', '7.02: The Parent Function', 'Let''s analyze the basic y = x^2 graph.') on conflict (library_id, sequence_index) do update set source_lesson_code = excluded.source_lesson_code, title = excluded.title, objective = excluded.objective;
insert into public.curriculum_lesson_standards (lesson_id, standard_id) values ('279397cd-17c0-50ff-bec4-09c5ec4a1201', '694cf6ef-214e-58cf-a9db-30fb47f11b88') on conflict do nothing;
insert into public.curriculum_lessons (id, library_id, sequence_index, source_lesson_code, title, objective) values ('033386b4-ff39-50a1-997d-09770179ffc5', '42512171-9c1e-537b-b13c-9799aca71579', 62, '8.01', '8.01: Coordinate Connection: Equation of a Circle', 'Let''s write equations for circles on graphs.') on conflict (library_id, sequence_index) do update set source_lesson_code = excluded.source_lesson_code, title = excluded.title, objective = excluded.objective;
insert into public.curriculum_lesson_standards (lesson_id, standard_id) values ('033386b4-ff39-50a1-997d-09770179ffc5', 'e28bef7f-9f6b-5e38-9041-82c530acbd3c') on conflict do nothing;
insert into public.curriculum_lessons (id, library_id, sequence_index, source_lesson_code, title, objective) values ('9a514ac6-3877-5f2a-9d1b-2642e71b57da', '23d72045-7343-560e-a028-5105320ad19d', 62, '7.06', '7.06: Factoring Polynomials', 'Let''s use grouping and patterns to factor polynomials.') on conflict (library_id, sequence_index) do update set source_lesson_code = excluded.source_lesson_code, title = excluded.title, objective = excluded.objective;
insert into public.curriculum_lesson_standards (lesson_id, standard_id) values ('9a514ac6-3877-5f2a-9d1b-2642e71b57da', '23a11633-3171-5f6e-9f5a-35e5793fde71') on conflict do nothing;
insert into public.curriculum_lessons (id, library_id, sequence_index, source_lesson_code, title, objective) values ('9ddf49e6-7f99-5d37-ab4a-56077dce0e71', 'b2429d1b-0327-5182-b112-d953d3213527', 62, '6.07', '6.07: Modeling with Trigonometric Functions', 'Let''s use sine waves to model real-world data.') on conflict (library_id, sequence_index) do update set source_lesson_code = excluded.source_lesson_code, title = excluded.title, objective = excluded.objective;
insert into public.curriculum_lesson_standards (lesson_id, standard_id) values ('9ddf49e6-7f99-5d37-ab4a-56077dce0e71', '31f89bb6-7eb1-5e59-a4ae-fd17a5b05eb4') on conflict do nothing;
insert into public.curriculum_lesson_standards (lesson_id, standard_id) values ('9ddf49e6-7f99-5d37-ab4a-56077dce0e71', '22c55a8b-f497-5ef4-8ad8-6ec4f717f383') on conflict do nothing;
insert into public.curriculum_lessons (id, library_id, sequence_index, source_lesson_code, title, objective) values ('49fc3800-b071-5c6b-8e9f-9898b9e7af4e', 'ebcdd3cd-bf22-5699-a207-1b3d8351b4c7', 62, '6.04', '6.04: Infinite Riemann Sums and the Definite Integral', 'Let''s define the integral as a limit.') on conflict (library_id, sequence_index) do update set source_lesson_code = excluded.source_lesson_code, title = excluded.title, objective = excluded.objective;
insert into public.curriculum_lesson_standards (lesson_id, standard_id) values ('49fc3800-b071-5c6b-8e9f-9898b9e7af4e', 'a8be4d9d-624b-548e-bef9-ddcf8ab39ca5') on conflict do nothing;
insert into public.curriculum_lesson_standards (lesson_id, standard_id) values ('49fc3800-b071-5c6b-8e9f-9898b9e7af4e', '36fee01f-bf50-5a86-a419-de3fb63b475b') on conflict do nothing;
insert into public.curriculum_lessons (id, library_id, sequence_index, source_lesson_code, title, objective) values ('df677a03-1d68-5a3d-9ee0-8d66b00e6208', '3db67302-f293-5cab-95c6-32c38c3d1ae5', 62, '7.06', '7.06: The Central Limit Theorem', 'Let''s see how distributions become Normal.') on conflict (library_id, sequence_index) do update set source_lesson_code = excluded.source_lesson_code, title = excluded.title, objective = excluded.objective;
insert into public.curriculum_lesson_standards (lesson_id, standard_id) values ('df677a03-1d68-5a3d-9ee0-8d66b00e6208', '37d64715-b14d-556e-bfed-2fc5490b01b0') on conflict do nothing;
insert into public.curriculum_lesson_standards (lesson_id, standard_id) values ('df677a03-1d68-5a3d-9ee0-8d66b00e6208', '36065305-9942-535f-8d55-c018305d5570') on conflict do nothing;
insert into public.curriculum_lessons (id, library_id, sequence_index, source_lesson_code, title, objective) values ('d213ce22-4dd5-53f9-8d55-f446e720c527', 'ee1aa8ee-fb37-5488-95c2-42ff926265cb', 63, '7.03', '7.03: Transforming Quadratic Functions', 'Let''s shift and stretch parabolic graphs.') on conflict (library_id, sequence_index) do update set source_lesson_code = excluded.source_lesson_code, title = excluded.title, objective = excluded.objective;
insert into public.curriculum_lesson_standards (lesson_id, standard_id) values ('d213ce22-4dd5-53f9-8d55-f446e720c527', '444d2808-cd0e-5ecd-89da-9fcb58c9e9f8') on conflict do nothing;
insert into public.curriculum_lessons (id, library_id, sequence_index, source_lesson_code, title, objective) values ('341c13aa-7651-5bf3-a033-06908627c39f', '42512171-9c1e-537b-b13c-9799aca71579', 63, '8.02', '8.02: Circle Vocabulary', 'Let''s identify parts like radii and diameters.') on conflict (library_id, sequence_index) do update set source_lesson_code = excluded.source_lesson_code, title = excluded.title, objective = excluded.objective;
insert into public.curriculum_lesson_standards (lesson_id, standard_id) values ('341c13aa-7651-5bf3-a033-06908627c39f', '46eb9d40-c906-59a8-aef2-22b1c290395a') on conflict do nothing;
insert into public.curriculum_lessons (id, library_id, sequence_index, source_lesson_code, title, objective) values ('a7bc5bfc-769f-582b-90d0-0b850273009c', '23d72045-7343-560e-a028-5105320ad19d', 63, '7.07', '7.07: Solving Polynomials', 'Let''s find all real and complex polynomial roots.') on conflict (library_id, sequence_index) do update set source_lesson_code = excluded.source_lesson_code, title = excluded.title, objective = excluded.objective;
insert into public.curriculum_lesson_standards (lesson_id, standard_id) values ('a7bc5bfc-769f-582b-90d0-0b850273009c', '24863cb1-94fd-522d-a8a6-0c62f6525c29') on conflict do nothing;
insert into public.curriculum_lesson_standards (lesson_id, standard_id) values ('a7bc5bfc-769f-582b-90d0-0b850273009c', 'f5bd7059-9abe-59fc-bc1a-a53268ddbd05') on conflict do nothing;
insert into public.curriculum_lessons (id, library_id, sequence_index, source_lesson_code, title, objective) values ('c16ddb48-5815-586f-b1fe-cc914e1fe798', 'b2429d1b-0327-5182-b112-d953d3213527', 63, '6.07', '6.07: Modeling with Trigonometric Functions (Part 2)', 'Let''s solve periodic problems using trig equations.') on conflict (library_id, sequence_index) do update set source_lesson_code = excluded.source_lesson_code, title = excluded.title, objective = excluded.objective;
insert into public.curriculum_lesson_standards (lesson_id, standard_id) values ('c16ddb48-5815-586f-b1fe-cc914e1fe798', '31f89bb6-7eb1-5e59-a4ae-fd17a5b05eb4') on conflict do nothing;
insert into public.curriculum_lesson_standards (lesson_id, standard_id) values ('c16ddb48-5815-586f-b1fe-cc914e1fe798', '22c55a8b-f497-5ef4-8ad8-6ec4f717f383') on conflict do nothing;
insert into public.curriculum_lessons (id, library_id, sequence_index, source_lesson_code, title, objective) values ('a482273e-b915-5149-a7ee-b20ad7fc52ad', 'ebcdd3cd-bf22-5699-a207-1b3d8351b4c7', 63, 'Review 6.01-6.04', 'Review 6.01-6.04', 'Let''s review area approximations and integral notation.') on conflict (library_id, sequence_index) do update set source_lesson_code = excluded.source_lesson_code, title = excluded.title, objective = excluded.objective;
insert into public.curriculum_lessons (id, library_id, sequence_index, source_lesson_code, title, objective) values ('ec061534-d4b3-5656-a2a7-b685557792e2', '3db67302-f293-5cab-95c6-32c38c3d1ae5', 63, '7.07', '7.07: Differences in Sample Means', 'Let''s compare averages from two independent samples.') on conflict (library_id, sequence_index) do update set source_lesson_code = excluded.source_lesson_code, title = excluded.title, objective = excluded.objective;
insert into public.curriculum_lesson_standards (lesson_id, standard_id) values ('ec061534-d4b3-5656-a2a7-b685557792e2', '1fd890e8-7779-5ff7-9127-3f91ece7ab49') on conflict do nothing;
insert into public.curriculum_lesson_standards (lesson_id, standard_id) values ('ec061534-d4b3-5656-a2a7-b685557792e2', '36065305-9942-535f-8d55-c018305d5570') on conflict do nothing;
insert into public.curriculum_lessons (id, library_id, sequence_index, source_lesson_code, title, objective) values ('5e3bb248-6e8c-51a7-bad5-462e694f3f3d', 'ee1aa8ee-fb37-5488-95c2-42ff926265cb', 64, '7.04', '7.04: Features of Quadratic Functions', 'Let''s identify vertex, intercepts, and symmetry.') on conflict (library_id, sequence_index) do update set source_lesson_code = excluded.source_lesson_code, title = excluded.title, objective = excluded.objective;
insert into public.curriculum_lesson_standards (lesson_id, standard_id) values ('5e3bb248-6e8c-51a7-bad5-462e694f3f3d', '30abceb2-cb6d-55bf-a521-9f118ca70853') on conflict do nothing;
insert into public.curriculum_lessons (id, library_id, sequence_index, source_lesson_code, title, objective) values ('84a3b281-ee88-5cd8-a14d-99e70d9dfd8c', '42512171-9c1e-537b-b13c-9799aca71579', 64, '8.03', '8.03: Tangents to Circles', 'Let''s explore lines that touch circles once.') on conflict (library_id, sequence_index) do update set source_lesson_code = excluded.source_lesson_code, title = excluded.title, objective = excluded.objective;
insert into public.curriculum_lesson_standards (lesson_id, standard_id) values ('84a3b281-ee88-5cd8-a14d-99e70d9dfd8c', '46eb9d40-c906-59a8-aef2-22b1c290395a') on conflict do nothing;
insert into public.curriculum_lesson_standards (lesson_id, standard_id) values ('84a3b281-ee88-5cd8-a14d-99e70d9dfd8c', '066bd9de-0047-5ede-8371-14d332e1ce37') on conflict do nothing;
insert into public.curriculum_lessons (id, library_id, sequence_index, source_lesson_code, title, objective) values ('bc84d3c8-4da9-5e12-8ef5-83f2a503329b', '23d72045-7343-560e-a028-5105320ad19d', 64, 'Review 7.05-7.07', 'Review 7.05-7.07', 'Let''s review polynomial division, factoring, and solving.') on conflict (library_id, sequence_index) do update set source_lesson_code = excluded.source_lesson_code, title = excluded.title, objective = excluded.objective;
insert into public.curriculum_lessons (id, library_id, sequence_index, source_lesson_code, title, objective) values ('308f7fb5-88a1-5b7a-97b8-8e894a01ff06', 'b2429d1b-0327-5182-b112-d953d3213527', 64, '7.01', '7.01: The Tangent Function', 'Let''s analyze the properties of tangent graphs.') on conflict (library_id, sequence_index) do update set source_lesson_code = excluded.source_lesson_code, title = excluded.title, objective = excluded.objective;
insert into public.curriculum_lesson_standards (lesson_id, standard_id) values ('308f7fb5-88a1-5b7a-97b8-8e894a01ff06', '79a2a940-9840-5964-95e3-7bb8da264ef2') on conflict do nothing;
insert into public.curriculum_lesson_standards (lesson_id, standard_id) values ('308f7fb5-88a1-5b7a-97b8-8e894a01ff06', 'f8577b94-277b-530a-b360-947caeba5508') on conflict do nothing;
insert into public.curriculum_lessons (id, library_id, sequence_index, source_lesson_code, title, objective) values ('62f1e4f3-f502-50f6-990c-3e780323b7f8', 'ebcdd3cd-bf22-5699-a207-1b3d8351b4c7', 64, '6.05', '6.05: Accumulation Functions and the FTC', 'Let''s differentiate functions defined by integrals.') on conflict (library_id, sequence_index) do update set source_lesson_code = excluded.source_lesson_code, title = excluded.title, objective = excluded.objective;
insert into public.curriculum_lesson_standards (lesson_id, standard_id) values ('62f1e4f3-f502-50f6-990c-3e780323b7f8', 'f122186a-1e6b-5c03-b5d1-f17cd3677668') on conflict do nothing;
insert into public.curriculum_lesson_standards (lesson_id, standard_id) values ('62f1e4f3-f502-50f6-990c-3e780323b7f8', 'c0b098bd-38ac-5648-869d-802a7585e56e') on conflict do nothing;
insert into public.curriculum_lessons (id, library_id, sequence_index, source_lesson_code, title, objective) values ('20c6dc9a-cd80-56e9-8637-2767984dbb11', '3db67302-f293-5cab-95c6-32c38c3d1ae5', 64, 'Review 7.05-7.07', 'Review 7.05-7.07', 'Let''s review means and the CLT.') on conflict (library_id, sequence_index) do update set source_lesson_code = excluded.source_lesson_code, title = excluded.title, objective = excluded.objective;
insert into public.curriculum_lessons (id, library_id, sequence_index, source_lesson_code, title, objective) values ('750b7dff-f209-5b41-9cc8-8b9c1b8240e9', 'ee1aa8ee-fb37-5488-95c2-42ff926265cb', 65, '7.05', '7.05: Forms of Quadratic Functions', 'Let''s compare standard, vertex, and factored forms.') on conflict (library_id, sequence_index) do update set source_lesson_code = excluded.source_lesson_code, title = excluded.title, objective = excluded.objective;
insert into public.curriculum_lesson_standards (lesson_id, standard_id) values ('750b7dff-f209-5b41-9cc8-8b9c1b8240e9', 'ad5e4718-1372-50ed-8acf-80132cb48de4') on conflict do nothing;
insert into public.curriculum_lessons (id, library_id, sequence_index, source_lesson_code, title, objective) values ('a5e3206c-5d3b-51fa-90a3-1203090a0c7e', '42512171-9c1e-537b-b13c-9799aca71579', 65, '8.04', '8.04: Chords and Arcs', 'Let''s relate chord lengths to arc measures.') on conflict (library_id, sequence_index) do update set source_lesson_code = excluded.source_lesson_code, title = excluded.title, objective = excluded.objective;
insert into public.curriculum_lesson_standards (lesson_id, standard_id) values ('a5e3206c-5d3b-51fa-90a3-1203090a0c7e', '46eb9d40-c906-59a8-aef2-22b1c290395a') on conflict do nothing;
insert into public.curriculum_lessons (id, library_id, sequence_index, source_lesson_code, title, objective) values ('0fc48b7c-bf74-5281-9231-c8a94c9de36f', '23d72045-7343-560e-a028-5105320ad19d', 65, '8.01', '8.01: Intro to Rational Functions', 'Let''s explore functions written as fractions of polynomials.') on conflict (library_id, sequence_index) do update set source_lesson_code = excluded.source_lesson_code, title = excluded.title, objective = excluded.objective;
insert into public.curriculum_lesson_standards (lesson_id, standard_id) values ('0fc48b7c-bf74-5281-9231-c8a94c9de36f', '2d4e1c8d-66cc-5203-b27f-c39436eeb455') on conflict do nothing;
insert into public.curriculum_lessons (id, library_id, sequence_index, source_lesson_code, title, objective) values ('0e82e28c-3973-57c5-a088-00f0a4eaef08', 'b2429d1b-0327-5182-b112-d953d3213527', 65, '7.01', '7.01: The Tangent Function (Part 2)', 'Let''s identify asymptotes and periods for tangent.') on conflict (library_id, sequence_index) do update set source_lesson_code = excluded.source_lesson_code, title = excluded.title, objective = excluded.objective;
insert into public.curriculum_lesson_standards (lesson_id, standard_id) values ('0e82e28c-3973-57c5-a088-00f0a4eaef08', '79a2a940-9840-5964-95e3-7bb8da264ef2') on conflict do nothing;
insert into public.curriculum_lesson_standards (lesson_id, standard_id) values ('0e82e28c-3973-57c5-a088-00f0a4eaef08', 'f8577b94-277b-530a-b360-947caeba5508') on conflict do nothing;
insert into public.curriculum_lessons (id, library_id, sequence_index, source_lesson_code, title, objective) values ('c5361cf6-ad60-55fd-9958-9902fc33aba9', 'ebcdd3cd-bf22-5699-a207-1b3d8351b4c7', 65, '6.06', '6.06: Justifying Behavior of Accumulation Functions', 'Let''s analyze functions built from area accumulation.') on conflict (library_id, sequence_index) do update set source_lesson_code = excluded.source_lesson_code, title = excluded.title, objective = excluded.objective;
insert into public.curriculum_lesson_standards (lesson_id, standard_id) values ('c5361cf6-ad60-55fd-9958-9902fc33aba9', 'f122186a-1e6b-5c03-b5d1-f17cd3677668') on conflict do nothing;
insert into public.curriculum_lessons (id, library_id, sequence_index, source_lesson_code, title, objective) values ('991f8826-4923-5a99-a3ac-1eb01bea0869', '3db67302-f293-5cab-95c6-32c38c3d1ae5', 65, '8.01', '8.01: Interpreting a Confidence Interval', 'Let''s explain what the interval values mean.') on conflict (library_id, sequence_index) do update set source_lesson_code = excluded.source_lesson_code, title = excluded.title, objective = excluded.objective;
insert into public.curriculum_lesson_standards (lesson_id, standard_id) values ('991f8826-4923-5a99-a3ac-1eb01bea0869', 'ebc4da95-5368-55c6-bf5f-01f08a61deb4') on conflict do nothing;
insert into public.curriculum_lesson_standards (lesson_id, standard_id) values ('991f8826-4923-5a99-a3ac-1eb01bea0869', 'f5b15b08-3bae-565a-803b-95d5da2a5c17') on conflict do nothing;
insert into public.curriculum_lessons (id, library_id, sequence_index, source_lesson_code, title, objective) values ('cd1e128b-5ecb-5f59-bd86-b25f0df78f07', 'ee1aa8ee-fb37-5488-95c2-42ff926265cb', 66, 'Review 7.01-7.05', 'Review 7.01-7.05', 'Let''s review basic quadratics and their transformations.') on conflict (library_id, sequence_index) do update set source_lesson_code = excluded.source_lesson_code, title = excluded.title, objective = excluded.objective;
insert into public.curriculum_lessons (id, library_id, sequence_index, source_lesson_code, title, objective) values ('4546dccd-2817-5591-bb50-4bddadbb6069', '42512171-9c1e-537b-b13c-9799aca71579', 66, '8.05', '8.05: Perpendicular Bisectors of Chords', 'Let''s use bisectors to find circle centers.') on conflict (library_id, sequence_index) do update set source_lesson_code = excluded.source_lesson_code, title = excluded.title, objective = excluded.objective;
insert into public.curriculum_lesson_standards (lesson_id, standard_id) values ('4546dccd-2817-5591-bb50-4bddadbb6069', '46eb9d40-c906-59a8-aef2-22b1c290395a') on conflict do nothing;
insert into public.curriculum_lesson_standards (lesson_id, standard_id) values ('4546dccd-2817-5591-bb50-4bddadbb6069', '6e6d26ae-d597-53d9-8eff-bee24f0f439c') on conflict do nothing;
insert into public.curriculum_lessons (id, library_id, sequence_index, source_lesson_code, title, objective) values ('9d66b154-7412-5e1b-8015-0ae0d9fc081b', '23d72045-7343-560e-a028-5105320ad19d', 66, '8.02', '8.02: Graphs of Rational Functions', 'Let''s identify asymptotes and holes in graphs.') on conflict (library_id, sequence_index) do update set source_lesson_code = excluded.source_lesson_code, title = excluded.title, objective = excluded.objective;
insert into public.curriculum_lesson_standards (lesson_id, standard_id) values ('9d66b154-7412-5e1b-8015-0ae0d9fc081b', 'c7030408-836b-5545-9e64-9a13bfdb9a7c') on conflict do nothing;
insert into public.curriculum_lessons (id, library_id, sequence_index, source_lesson_code, title, objective) values ('07227cec-3af2-5e1b-921a-d7f64f1db847', 'b2429d1b-0327-5182-b112-d953d3213527', 66, '7.02', '7.02: Inverse Trig Functions', 'Let''s find angles from given trig ratios.') on conflict (library_id, sequence_index) do update set source_lesson_code = excluded.source_lesson_code, title = excluded.title, objective = excluded.objective;
insert into public.curriculum_lesson_standards (lesson_id, standard_id) values ('07227cec-3af2-5e1b-921a-d7f64f1db847', '4da92879-05bc-5c7c-b0b2-07c664df820f') on conflict do nothing;
insert into public.curriculum_lesson_standards (lesson_id, standard_id) values ('07227cec-3af2-5e1b-921a-d7f64f1db847', '97e49e09-66c7-5a12-90b0-3b5979aa36ca') on conflict do nothing;
insert into public.curriculum_lessons (id, library_id, sequence_index, source_lesson_code, title, objective) values ('f1f195c7-36ad-57f4-b0c1-218b785329c5', 'ebcdd3cd-bf22-5699-a207-1b3d8351b4c7', 66, '6.07', '6.07: Properties of Definite Integrals', 'Let''s apply rules for combining integral expressions.') on conflict (library_id, sequence_index) do update set source_lesson_code = excluded.source_lesson_code, title = excluded.title, objective = excluded.objective;
insert into public.curriculum_lesson_standards (lesson_id, standard_id) values ('f1f195c7-36ad-57f4-b0c1-218b785329c5', '58b16401-e674-5fb7-a4ae-ad101ca09c29') on conflict do nothing;
insert into public.curriculum_lessons (id, library_id, sequence_index, source_lesson_code, title, objective) values ('7b37bbf9-0181-59e3-a25f-968786ae67e2', '3db67302-f293-5cab-95c6-32c38c3d1ae5', 66, '8.02', '8.02: Interpreting a Confidence Level', 'Let''s explain our "95% confident" process.') on conflict (library_id, sequence_index) do update set source_lesson_code = excluded.source_lesson_code, title = excluded.title, objective = excluded.objective;
insert into public.curriculum_lesson_standards (lesson_id, standard_id) values ('7b37bbf9-0181-59e3-a25f-968786ae67e2', '8ece493a-aa2e-5c87-b3d5-40643e7c8f6e') on conflict do nothing;
insert into public.curriculum_lesson_standards (lesson_id, standard_id) values ('7b37bbf9-0181-59e3-a25f-968786ae67e2', 'f5b15b08-3bae-565a-803b-95d5da2a5c17') on conflict do nothing;
insert into public.curriculum_lessons (id, library_id, sequence_index, source_lesson_code, title, objective) values ('04438a84-660e-5654-a738-38f5c046ccd1', 'ee1aa8ee-fb37-5488-95c2-42ff926265cb', 67, '7.06', '7.06: Writing Quadratics in Factored Form', 'Let''s convert quadratic expressions into product form.') on conflict (library_id, sequence_index) do update set source_lesson_code = excluded.source_lesson_code, title = excluded.title, objective = excluded.objective;
insert into public.curriculum_lesson_standards (lesson_id, standard_id) values ('04438a84-660e-5654-a738-38f5c046ccd1', '014ae85d-0221-52f5-b6e9-f38167711cb3') on conflict do nothing;
insert into public.curriculum_lessons (id, library_id, sequence_index, source_lesson_code, title, objective) values ('de68a126-f511-5de8-aacd-767d728e2c90', '42512171-9c1e-537b-b13c-9799aca71579', 67, '8.06', '8.06: Inscribed Angles and Quadrilaterals', 'Let''s calculate angles with vertices on circles.') on conflict (library_id, sequence_index) do update set source_lesson_code = excluded.source_lesson_code, title = excluded.title, objective = excluded.objective;
insert into public.curriculum_lesson_standards (lesson_id, standard_id) values ('de68a126-f511-5de8-aacd-767d728e2c90', '26645ddd-54e4-5396-a1e2-93d760f40bb1') on conflict do nothing;
insert into public.curriculum_lesson_standards (lesson_id, standard_id) values ('de68a126-f511-5de8-aacd-767d728e2c90', '46eb9d40-c906-59a8-aef2-22b1c290395a') on conflict do nothing;
insert into public.curriculum_lessons (id, library_id, sequence_index, source_lesson_code, title, objective) values ('a5c7d4be-279e-5f61-8f6a-ba8cdf8ee5b0', '23d72045-7343-560e-a028-5105320ad19d', 67, '8.03', '8.03: Key Features of Graphs of Rational Functions', 'Let''s analyze domain, range, and intercept behavior.') on conflict (library_id, sequence_index) do update set source_lesson_code = excluded.source_lesson_code, title = excluded.title, objective = excluded.objective;
insert into public.curriculum_lesson_standards (lesson_id, standard_id) values ('a5c7d4be-279e-5f61-8f6a-ba8cdf8ee5b0', 'a337895a-3a09-57c4-a135-672808d0cd90') on conflict do nothing;
insert into public.curriculum_lessons (id, library_id, sequence_index, source_lesson_code, title, objective) values ('b4358a88-d5f1-5fb2-9cb5-9a2c41f05633', 'b2429d1b-0327-5182-b112-d953d3213527', 67, '7.03', '7.03: Trigonometric Equations and Inequalities', 'Let''s solve for angles in a range.') on conflict (library_id, sequence_index) do update set source_lesson_code = excluded.source_lesson_code, title = excluded.title, objective = excluded.objective;
insert into public.curriculum_lesson_standards (lesson_id, standard_id) values ('b4358a88-d5f1-5fb2-9cb5-9a2c41f05633', 'e008618b-ba25-5303-bc45-80b7e2350841') on conflict do nothing;
insert into public.curriculum_lesson_standards (lesson_id, standard_id) values ('b4358a88-d5f1-5fb2-9cb5-9a2c41f05633', '9542930f-ea64-5c49-b04b-65b771754247') on conflict do nothing;
insert into public.curriculum_lessons (id, library_id, sequence_index, source_lesson_code, title, objective) values ('d245feb5-bd68-5044-81f1-0f20de638de7', 'ebcdd3cd-bf22-5699-a207-1b3d8351b4c7', 67, '6.08', '6.08: Evaluating Definite Integrals with the FTC', 'Let''s use antiderivatives to calculate exact area.') on conflict (library_id, sequence_index) do update set source_lesson_code = excluded.source_lesson_code, title = excluded.title, objective = excluded.objective;
insert into public.curriculum_lesson_standards (lesson_id, standard_id) values ('d245feb5-bd68-5044-81f1-0f20de638de7', 'c0b098bd-38ac-5648-869d-802a7585e56e') on conflict do nothing;
insert into public.curriculum_lessons (id, library_id, sequence_index, source_lesson_code, title, objective) values ('2b8658c5-7274-55b6-8dd9-c517113723df', '3db67302-f293-5cab-95c6-32c38c3d1ae5', 67, '8.03', '8.03: Constructing a Confidence Interval for a Proportion', 'Let''s build intervals for one population proportion.') on conflict (library_id, sequence_index) do update set source_lesson_code = excluded.source_lesson_code, title = excluded.title, objective = excluded.objective;
insert into public.curriculum_lesson_standards (lesson_id, standard_id) values ('2b8658c5-7274-55b6-8dd9-c517113723df', '625b0f9a-4931-5f05-8e1c-025c9d16178c') on conflict do nothing;
insert into public.curriculum_lesson_standards (lesson_id, standard_id) values ('2b8658c5-7274-55b6-8dd9-c517113723df', 'f5b15b08-3bae-565a-803b-95d5da2a5c17') on conflict do nothing;
insert into public.curriculum_lessons (id, library_id, sequence_index, source_lesson_code, title, objective) values ('4a7a75d8-1842-5c04-abac-42ef23f1e1e6', 'ee1aa8ee-fb37-5488-95c2-42ff926265cb', 68, '7.07', '7.07: Solving Quadratics Using the Zero Product Property', 'Let''s find roots by setting factors to zero.') on conflict (library_id, sequence_index) do update set source_lesson_code = excluded.source_lesson_code, title = excluded.title, objective = excluded.objective;
insert into public.curriculum_lesson_standards (lesson_id, standard_id) values ('4a7a75d8-1842-5c04-abac-42ef23f1e1e6', 'ce105238-22be-5e37-bbe3-beb7c9453384') on conflict do nothing;
insert into public.curriculum_lessons (id, library_id, sequence_index, source_lesson_code, title, objective) values ('508eb56d-5d63-5e30-bbe5-d76a0ae98eef', '42512171-9c1e-537b-b13c-9799aca71579', 68, 'Review 8.01-8.06', 'Review 8.01-8.06', 'Let''s review circle equations and angle relationships.') on conflict (library_id, sequence_index) do update set source_lesson_code = excluded.source_lesson_code, title = excluded.title, objective = excluded.objective;
insert into public.curriculum_lessons (id, library_id, sequence_index, source_lesson_code, title, objective) values ('67a9380c-3d7e-5898-be36-ccf724e4e28b', '23d72045-7343-560e-a028-5105320ad19d', 68, 'Review 8.01-8.03', 'Review 8.01-8.03', 'Let''s review rational function definitions and graphing.') on conflict (library_id, sequence_index) do update set source_lesson_code = excluded.source_lesson_code, title = excluded.title, objective = excluded.objective;
insert into public.curriculum_lessons (id, library_id, sequence_index, source_lesson_code, title, objective) values ('ab51aa5a-44fc-5c4b-879a-ec56088a81e8', 'b2429d1b-0327-5182-b112-d953d3213527', 68, '7.03', '7.03: Trigonometric Equations and Inequalities (Part 2)', 'Let''s solve complex equations with multiple steps.') on conflict (library_id, sequence_index) do update set source_lesson_code = excluded.source_lesson_code, title = excluded.title, objective = excluded.objective;
insert into public.curriculum_lesson_standards (lesson_id, standard_id) values ('ab51aa5a-44fc-5c4b-879a-ec56088a81e8', 'e008618b-ba25-5303-bc45-80b7e2350841') on conflict do nothing;
insert into public.curriculum_lesson_standards (lesson_id, standard_id) values ('ab51aa5a-44fc-5c4b-879a-ec56088a81e8', '9542930f-ea64-5c49-b04b-65b771754247') on conflict do nothing;
insert into public.curriculum_lessons (id, library_id, sequence_index, source_lesson_code, title, objective) values ('8d6f83f0-8d9c-507f-b9ab-786456eadbd8', 'ebcdd3cd-bf22-5699-a207-1b3d8351b4c7', 68, '6.09', '6.09: Finding Antiderivatives', 'Let''s reverse the power rule for integration.') on conflict (library_id, sequence_index) do update set source_lesson_code = excluded.source_lesson_code, title = excluded.title, objective = excluded.objective;
insert into public.curriculum_lesson_standards (lesson_id, standard_id) values ('8d6f83f0-8d9c-507f-b9ab-786456eadbd8', '58b16401-e674-5fb7-a4ae-ad101ca09c29') on conflict do nothing;
insert into public.curriculum_lesson_standards (lesson_id, standard_id) values ('8d6f83f0-8d9c-507f-b9ab-786456eadbd8', '8bd3d43c-6d1b-51b3-9bd9-6f3a25f69278') on conflict do nothing;
insert into public.curriculum_lessons (id, library_id, sequence_index, source_lesson_code, title, objective) values ('4c14880b-89bf-5237-a8b6-7bcddcc4c92c', '3db67302-f293-5cab-95c6-32c38c3d1ae5', 68, '8.04', '8.04: Confidence Intervals for a Proportion', 'Let''s use the four-step inference process.') on conflict (library_id, sequence_index) do update set source_lesson_code = excluded.source_lesson_code, title = excluded.title, objective = excluded.objective;
insert into public.curriculum_lesson_standards (lesson_id, standard_id) values ('4c14880b-89bf-5237-a8b6-7bcddcc4c92c', '625b0f9a-4931-5f05-8e1c-025c9d16178c') on conflict do nothing;
insert into public.curriculum_lesson_standards (lesson_id, standard_id) values ('4c14880b-89bf-5237-a8b6-7bcddcc4c92c', 'f5b15b08-3bae-565a-803b-95d5da2a5c17') on conflict do nothing;
insert into public.curriculum_lessons (id, library_id, sequence_index, source_lesson_code, title, objective) values ('688bad6d-3a7e-5aed-b372-6e4b9e503782', 'ee1aa8ee-fb37-5488-95c2-42ff926265cb', 69, '7.08', '7.08: Solving Quadratics Using Symmetry', 'Let''s use the axis of symmetry''s properties.') on conflict (library_id, sequence_index) do update set source_lesson_code = excluded.source_lesson_code, title = excluded.title, objective = excluded.objective;
insert into public.curriculum_lesson_standards (lesson_id, standard_id) values ('688bad6d-3a7e-5aed-b372-6e4b9e503782', 'a337895a-3a09-57c4-a135-672808d0cd90') on conflict do nothing;
insert into public.curriculum_lessons (id, library_id, sequence_index, source_lesson_code, title, objective) values ('a0f30a7a-1465-5acb-8e8d-f5a304d5fc3c', '42512171-9c1e-537b-b13c-9799aca71579', 69, '8.07', '8.07: Area and Circumference of a Circle', 'Let''s calculate distance around and space inside.') on conflict (library_id, sequence_index) do update set source_lesson_code = excluded.source_lesson_code, title = excluded.title, objective = excluded.objective;
insert into public.curriculum_lesson_standards (lesson_id, standard_id) values ('a0f30a7a-1465-5acb-8e8d-f5a304d5fc3c', 'be670cbf-525e-5111-a482-0cd7e46fe227') on conflict do nothing;
insert into public.curriculum_lesson_standards (lesson_id, standard_id) values ('a0f30a7a-1465-5acb-8e8d-f5a304d5fc3c', 'a1c88926-09ab-5121-a9f6-d5200abd7f34') on conflict do nothing;
insert into public.curriculum_lessons (id, library_id, sequence_index, source_lesson_code, title, objective) values ('9d32ed37-9073-5dd1-9aa9-14b0eb7cad17', '23d72045-7343-560e-a028-5105320ad19d', 69, '8.04', '8.04: Adding and Subtracting Rational Functions', 'Let''s use common denominators to combine rational terms.') on conflict (library_id, sequence_index) do update set source_lesson_code = excluded.source_lesson_code, title = excluded.title, objective = excluded.objective;
insert into public.curriculum_lesson_standards (lesson_id, standard_id) values ('9d32ed37-9073-5dd1-9aa9-14b0eb7cad17', '2d4e1c8d-66cc-5203-b27f-c39436eeb455') on conflict do nothing;
insert into public.curriculum_lessons (id, library_id, sequence_index, source_lesson_code, title, objective) values ('7d7565a0-980c-5123-b864-b621e84ea4b9', 'b2429d1b-0327-5182-b112-d953d3213527', 69, '7.04', '7.04: The Secant, Cosecant, and Cotangent Functions', 'Let''s evaluate and graph reciprocal trig functions.') on conflict (library_id, sequence_index) do update set source_lesson_code = excluded.source_lesson_code, title = excluded.title, objective = excluded.objective;
insert into public.curriculum_lesson_standards (lesson_id, standard_id) values ('7d7565a0-980c-5123-b864-b621e84ea4b9', '9864b948-07c3-5ef8-90a2-9f71dd5a2beb') on conflict do nothing;
insert into public.curriculum_lesson_standards (lesson_id, standard_id) values ('7d7565a0-980c-5123-b864-b621e84ea4b9', '703aa032-5ed8-58bd-adb5-4c7dfb64bb66') on conflict do nothing;
insert into public.curriculum_lessons (id, library_id, sequence_index, source_lesson_code, title, objective) values ('0447ffc0-5f9a-59b6-9a00-96ce63c871e3', 'ebcdd3cd-bf22-5699-a207-1b3d8351b4c7', 69, 'Review 6.05-6.09', 'Review 6.05-6.09', 'Let''s review the FTC and basic integration.') on conflict (library_id, sequence_index) do update set source_lesson_code = excluded.source_lesson_code, title = excluded.title, objective = excluded.objective;
insert into public.curriculum_lessons (id, library_id, sequence_index, source_lesson_code, title, objective) values ('35f1ddad-e20b-54f6-938f-15ef633c723b', '3db67302-f293-5cab-95c6-32c38c3d1ae5', 69, '8.05', '8.05: Confidence Intervals for a Difference of Proportions', 'Let''s estimate the gap between two populations.') on conflict (library_id, sequence_index) do update set source_lesson_code = excluded.source_lesson_code, title = excluded.title, objective = excluded.objective;
insert into public.curriculum_lesson_standards (lesson_id, standard_id) values ('35f1ddad-e20b-54f6-938f-15ef633c723b', 'c0b098bd-38ac-5648-869d-802a7585e56e') on conflict do nothing;
insert into public.curriculum_lesson_standards (lesson_id, standard_id) values ('35f1ddad-e20b-54f6-938f-15ef633c723b', 'f5b15b08-3bae-565a-803b-95d5da2a5c17') on conflict do nothing;
insert into public.curriculum_lessons (id, library_id, sequence_index, source_lesson_code, title, objective) values ('14d02f14-dab7-545f-adf4-68e5855497cf', 'ee1aa8ee-fb37-5488-95c2-42ff926265cb', 70, 'Review 7.06-7.08', 'Review 7.06-7.08', 'Let''s review factoring and solving quadratic equations.') on conflict (library_id, sequence_index) do update set source_lesson_code = excluded.source_lesson_code, title = excluded.title, objective = excluded.objective;
insert into public.curriculum_lessons (id, library_id, sequence_index, source_lesson_code, title, objective) values ('62dcfc98-d9b0-548b-a37f-a1ba17723e46', '42512171-9c1e-537b-b13c-9799aca71579', 70, '8.08', '8.08: Area of a Sector', 'Let''s find the area of circle slices.') on conflict (library_id, sequence_index) do update set source_lesson_code = excluded.source_lesson_code, title = excluded.title, objective = excluded.objective;
insert into public.curriculum_lesson_standards (lesson_id, standard_id) values ('62dcfc98-d9b0-548b-a37f-a1ba17723e46', '847d47c0-e235-59c4-8323-30b1e893bfe2') on conflict do nothing;
insert into public.curriculum_lesson_standards (lesson_id, standard_id) values ('62dcfc98-d9b0-548b-a37f-a1ba17723e46', 'be670cbf-525e-5111-a482-0cd7e46fe227') on conflict do nothing;
insert into public.curriculum_lessons (id, library_id, sequence_index, source_lesson_code, title, objective) values ('9ac28def-75da-55da-a098-c1649996a56e', '23d72045-7343-560e-a028-5105320ad19d', 70, '8.05', '8.05: Multiplying and Dividing Rational Functions', 'Let''s simplify products and quotients of rational expressions.') on conflict (library_id, sequence_index) do update set source_lesson_code = excluded.source_lesson_code, title = excluded.title, objective = excluded.objective;
insert into public.curriculum_lesson_standards (lesson_id, standard_id) values ('9ac28def-75da-55da-a098-c1649996a56e', '2d4e1c8d-66cc-5203-b27f-c39436eeb455') on conflict do nothing;
insert into public.curriculum_lessons (id, library_id, sequence_index, source_lesson_code, title, objective) values ('a1b19aa0-a876-5eb6-aa6d-7f329c3001e6', 'b2429d1b-0327-5182-b112-d953d3213527', 70, '7.04', '7.04: The Secant, Cosecant, and Cotangent Functions (Part 2)', 'Let''s explore properties of all six functions.') on conflict (library_id, sequence_index) do update set source_lesson_code = excluded.source_lesson_code, title = excluded.title, objective = excluded.objective;
insert into public.curriculum_lesson_standards (lesson_id, standard_id) values ('a1b19aa0-a876-5eb6-aa6d-7f329c3001e6', '9864b948-07c3-5ef8-90a2-9f71dd5a2beb') on conflict do nothing;
insert into public.curriculum_lesson_standards (lesson_id, standard_id) values ('a1b19aa0-a876-5eb6-aa6d-7f329c3001e6', '703aa032-5ed8-58bd-adb5-4c7dfb64bb66') on conflict do nothing;
insert into public.curriculum_lessons (id, library_id, sequence_index, source_lesson_code, title, objective) values ('c09921f1-6b0c-590a-83af-cab8012086ab', 'ebcdd3cd-bf22-5699-a207-1b3d8351b4c7', 70, '6.10', '6.10: U-Substitution', 'Let''s integrate composite functions using substitution.') on conflict (library_id, sequence_index) do update set source_lesson_code = excluded.source_lesson_code, title = excluded.title, objective = excluded.objective;
insert into public.curriculum_lesson_standards (lesson_id, standard_id) values ('c09921f1-6b0c-590a-83af-cab8012086ab', '30648553-19c4-589b-93d1-0140b94702bf') on conflict do nothing;
insert into public.curriculum_lessons (id, library_id, sequence_index, source_lesson_code, title, objective) values ('bdf3b1a5-2b7a-5cf2-bcf4-02a82991c68a', '3db67302-f293-5cab-95c6-32c38c3d1ae5', 70, 'Review 8.03-8.05', 'Review 8.03-8.05', 'Let''s review proportion intervals and interpretations.') on conflict (library_id, sequence_index) do update set source_lesson_code = excluded.source_lesson_code, title = excluded.title, objective = excluded.objective;
insert into public.curriculum_lessons (id, library_id, sequence_index, source_lesson_code, title, objective) values ('6288eb9f-e701-549d-8396-bd377c7fbe51', 'ee1aa8ee-fb37-5488-95c2-42ff926265cb', 71, '8.01', '8.01: Geometric Sequences: From Recursive to Explicit', 'Let''s write rules for multiplying sequences.') on conflict (library_id, sequence_index) do update set source_lesson_code = excluded.source_lesson_code, title = excluded.title, objective = excluded.objective;
insert into public.curriculum_lesson_standards (lesson_id, standard_id) values ('6288eb9f-e701-549d-8396-bd377c7fbe51', '5b321759-3cf0-5f3b-9248-5a876f9491e8') on conflict do nothing;
insert into public.curriculum_lessons (id, library_id, sequence_index, source_lesson_code, title, objective) values ('b3c5e81d-8a02-5ffd-9b27-0e22d60be522', '42512171-9c1e-537b-b13c-9799aca71579', 71, '8.09', '8.09: Arc Length', 'Let''s find the distance of a curve.') on conflict (library_id, sequence_index) do update set source_lesson_code = excluded.source_lesson_code, title = excluded.title, objective = excluded.objective;
insert into public.curriculum_lesson_standards (lesson_id, standard_id) values ('b3c5e81d-8a02-5ffd-9b27-0e22d60be522', '847d47c0-e235-59c4-8323-30b1e893bfe2') on conflict do nothing;
insert into public.curriculum_lesson_standards (lesson_id, standard_id) values ('b3c5e81d-8a02-5ffd-9b27-0e22d60be522', 'be670cbf-525e-5111-a482-0cd7e46fe227') on conflict do nothing;
insert into public.curriculum_lessons (id, library_id, sequence_index, source_lesson_code, title, objective) values ('8480e7f5-90d5-590a-ae60-7f1f23a9ea69', '23d72045-7343-560e-a028-5105320ad19d', 71, '8.06', '8.06: Solving Rational Functions', 'Let''s find solutions and check for extraneous roots.') on conflict (library_id, sequence_index) do update set source_lesson_code = excluded.source_lesson_code, title = excluded.title, objective = excluded.objective;
insert into public.curriculum_lesson_standards (lesson_id, standard_id) values ('8480e7f5-90d5-590a-ae60-7f1f23a9ea69', 'b8aef6cc-cc06-50bf-bde9-5e24a2cb9c5d') on conflict do nothing;
insert into public.curriculum_lesson_standards (lesson_id, standard_id) values ('8480e7f5-90d5-590a-ae60-7f1f23a9ea69', '6addac54-a167-58ed-a09d-dd3d3e36c69b') on conflict do nothing;
insert into public.curriculum_lessons (id, library_id, sequence_index, source_lesson_code, title, objective) values ('e9812d27-c95d-517f-8b65-9d0973e36cd0', 'b2429d1b-0327-5182-b112-d953d3213527', 71, '7.05', '7.05: Trigonometric Relationships', 'Let''s use Pythagorean identities to simplify expressions.') on conflict (library_id, sequence_index) do update set source_lesson_code = excluded.source_lesson_code, title = excluded.title, objective = excluded.objective;
insert into public.curriculum_lesson_standards (lesson_id, standard_id) values ('e9812d27-c95d-517f-8b65-9d0973e36cd0', '2a5e1329-b3f7-5719-9455-07c47ae8ce4c') on conflict do nothing;
insert into public.curriculum_lesson_standards (lesson_id, standard_id) values ('e9812d27-c95d-517f-8b65-9d0973e36cd0', '69eedc49-9a41-52f2-a18e-0b237d8e1dee') on conflict do nothing;
insert into public.curriculum_lessons (id, library_id, sequence_index, source_lesson_code, title, objective) values ('f1a355d2-fd20-599c-b89e-fb8f5e97f5e3', 'ebcdd3cd-bf22-5699-a207-1b3d8351b4c7', 71, '6.10', '6.10: U-Substitution (Part 2)', 'Let''s apply substitution to definite integral bounds.') on conflict (library_id, sequence_index) do update set source_lesson_code = excluded.source_lesson_code, title = excluded.title, objective = excluded.objective;
insert into public.curriculum_lesson_standards (lesson_id, standard_id) values ('f1a355d2-fd20-599c-b89e-fb8f5e97f5e3', '30648553-19c4-589b-93d1-0140b94702bf') on conflict do nothing;
insert into public.curriculum_lessons (id, library_id, sequence_index, source_lesson_code, title, objective) values ('3cedb239-ae70-57b8-9270-f78f4442fc16', '3db67302-f293-5cab-95c6-32c38c3d1ae5', 71, '9.01', '9.01: Introduction to Significance Tests', 'Let''s state null and alternative hypotheses.') on conflict (library_id, sequence_index) do update set source_lesson_code = excluded.source_lesson_code, title = excluded.title, objective = excluded.objective;
insert into public.curriculum_lesson_standards (lesson_id, standard_id) values ('3cedb239-ae70-57b8-9270-f78f4442fc16', 'a8be4d9d-624b-548e-bef9-ddcf8ab39ca5') on conflict do nothing;
insert into public.curriculum_lesson_standards (lesson_id, standard_id) values ('3cedb239-ae70-57b8-9270-f78f4442fc16', 'bb7f7238-5cb7-5e0f-a262-bbcee2656aa3') on conflict do nothing;
insert into public.curriculum_lessons (id, library_id, sequence_index, source_lesson_code, title, objective) values ('08ca38c5-65f8-52d5-a313-c5c599d72a66', 'ee1aa8ee-fb37-5488-95c2-42ff926265cb', 72, '8.02', '8.02: Exponential Functions', 'Let''s model growth that doubles or triples.') on conflict (library_id, sequence_index) do update set source_lesson_code = excluded.source_lesson_code, title = excluded.title, objective = excluded.objective;
insert into public.curriculum_lesson_standards (lesson_id, standard_id) values ('08ca38c5-65f8-52d5-a313-c5c599d72a66', '9dc1a600-6e34-51a8-b001-ec4f4464320b') on conflict do nothing;
insert into public.curriculum_lessons (id, library_id, sequence_index, source_lesson_code, title, objective) values ('9b8a604c-0baa-5ddd-8ca9-2069b6bc9c8f', '42512171-9c1e-537b-b13c-9799aca71579', 72, 'Review 8.07-8.09', 'Review 8.07-8.09', 'Let''s review circle area, circumference, and sectors.') on conflict (library_id, sequence_index) do update set source_lesson_code = excluded.source_lesson_code, title = excluded.title, objective = excluded.objective;
insert into public.curriculum_lessons (id, library_id, sequence_index, source_lesson_code, title, objective) values ('e31e1b6e-19f4-5c53-988b-139978c18dd2', '23d72045-7343-560e-a028-5105320ad19d', 72, 'Review 8.04-8.06', 'Review 8.04-8.06', 'Let''s review operations and solving with rational expressions.') on conflict (library_id, sequence_index) do update set source_lesson_code = excluded.source_lesson_code, title = excluded.title, objective = excluded.objective;
insert into public.curriculum_lessons (id, library_id, sequence_index, source_lesson_code, title, objective) values ('4aade456-876f-5308-ae7b-78e2ef635326', 'b2429d1b-0327-5182-b112-d953d3213527', 72, '7.06', '7.06: Angle Sum Identities', 'Let''s calculate trig values using sum formulas.') on conflict (library_id, sequence_index) do update set source_lesson_code = excluded.source_lesson_code, title = excluded.title, objective = excluded.objective;
insert into public.curriculum_lesson_standards (lesson_id, standard_id) values ('4aade456-876f-5308-ae7b-78e2ef635326', '048c690a-8fbf-5a9d-b387-d5574986ad7b') on conflict do nothing;
insert into public.curriculum_lesson_standards (lesson_id, standard_id) values ('4aade456-876f-5308-ae7b-78e2ef635326', '9971fa84-a7ca-55fa-8635-6f9be3827246') on conflict do nothing;
insert into public.curriculum_lessons (id, library_id, sequence_index, source_lesson_code, title, objective) values ('1294258c-20dc-5ddd-b8d0-3fc1f7296ff5', 'ebcdd3cd-bf22-5699-a207-1b3d8351b4c7', 72, '6.11', '6.11: Other Strategies for Integration', 'Let''s explore long division and other tricks.') on conflict (library_id, sequence_index) do update set source_lesson_code = excluded.source_lesson_code, title = excluded.title, objective = excluded.objective;
insert into public.curriculum_lesson_standards (lesson_id, standard_id) values ('1294258c-20dc-5ddd-b8d0-3fc1f7296ff5', '9f1f1da2-59ab-5abe-a615-f897eb5b348f') on conflict do nothing;
insert into public.curriculum_lesson_standards (lesson_id, standard_id) values ('1294258c-20dc-5ddd-b8d0-3fc1f7296ff5', 'f0c3f195-6864-5de7-815b-07b74373e8e1') on conflict do nothing;
insert into public.curriculum_lessons (id, library_id, sequence_index, source_lesson_code, title, objective) values ('0abb1ea6-7fcd-5fa7-a6e5-1bcbe972a5fb', '3db67302-f293-5cab-95c6-32c38c3d1ae5', 72, '9.02', '9.02: Conditions and p-value', 'Let''s calculate evidence against the null.') on conflict (library_id, sequence_index) do update set source_lesson_code = excluded.source_lesson_code, title = excluded.title, objective = excluded.objective;
insert into public.curriculum_lesson_standards (lesson_id, standard_id) values ('0abb1ea6-7fcd-5fa7-a6e5-1bcbe972a5fb', 'a8be4d9d-624b-548e-bef9-ddcf8ab39ca5') on conflict do nothing;
insert into public.curriculum_lesson_standards (lesson_id, standard_id) values ('0abb1ea6-7fcd-5fa7-a6e5-1bcbe972a5fb', 'bb7f7238-5cb7-5e0f-a262-bbcee2656aa3') on conflict do nothing;
insert into public.curriculum_lessons (id, library_id, sequence_index, source_lesson_code, title, objective) values ('b1eb19ee-7cd0-5342-955f-d0d9d8b85491', 'ee1aa8ee-fb37-5488-95c2-42ff926265cb', 73, '8.03', '8.03: Graphs of the Parent Exponential Functions', 'Let''s plot curves that grow very quickly.') on conflict (library_id, sequence_index) do update set source_lesson_code = excluded.source_lesson_code, title = excluded.title, objective = excluded.objective;
insert into public.curriculum_lesson_standards (lesson_id, standard_id) values ('b1eb19ee-7cd0-5342-955f-d0d9d8b85491', '0bda9c71-9a20-5f57-a64a-f8f5e0b3a3a5') on conflict do nothing;
insert into public.curriculum_lessons (id, library_id, sequence_index, source_lesson_code, title, objective) values ('80f63aa6-a03b-5db5-bd36-852bf98424b5', '42512171-9c1e-537b-b13c-9799aca71579', 73, '9.01', '9.01: Introducing Volume with Prisms and Cylinders', 'Let''s learn how to measure 3D space.') on conflict (library_id, sequence_index) do update set source_lesson_code = excluded.source_lesson_code, title = excluded.title, objective = excluded.objective;
insert into public.curriculum_lesson_standards (lesson_id, standard_id) values ('80f63aa6-a03b-5db5-bd36-852bf98424b5', 'be670cbf-525e-5111-a482-0cd7e46fe227') on conflict do nothing;
insert into public.curriculum_lesson_standards (lesson_id, standard_id) values ('80f63aa6-a03b-5db5-bd36-852bf98424b5', 'a8090119-8ac6-507b-8dcb-a255d478253c') on conflict do nothing;
insert into public.curriculum_lessons (id, library_id, sequence_index, source_lesson_code, title, objective) values ('9084a28c-e0f0-59d3-aa20-ff4053076830', '23d72045-7343-560e-a028-5105320ad19d', 73, '9.01', '9.01: Right Triangle Trigonometry', 'Let''s use SOH CAH TOA in right triangles.') on conflict (library_id, sequence_index) do update set source_lesson_code = excluded.source_lesson_code, title = excluded.title, objective = excluded.objective;
insert into public.curriculum_lesson_standards (lesson_id, standard_id) values ('9084a28c-e0f0-59d3-aa20-ff4053076830', '7164a2e1-47ef-5221-ab70-3d2db5ee9f51') on conflict do nothing;
insert into public.curriculum_lessons (id, library_id, sequence_index, source_lesson_code, title, objective) values ('cdb05fcd-af4a-59aa-a170-2f4b21c8fbd2', 'b2429d1b-0327-5182-b112-d953d3213527', 73, 'Review 7.04-7.06', 'Review 7.04-7.06', 'Let''s review reciprocal functions and trig identities.') on conflict (library_id, sequence_index) do update set source_lesson_code = excluded.source_lesson_code, title = excluded.title, objective = excluded.objective;
insert into public.curriculum_lessons (id, library_id, sequence_index, source_lesson_code, title, objective) values ('1d0f3bd2-e0a8-5477-b61a-f63e831f5414', 'ebcdd3cd-bf22-5699-a207-1b3d8351b4c7', 73, '6.12', '6.12: Connecting Riemann Sums with Definite Integrals', 'Let''s convert summation notation into integral form.') on conflict (library_id, sequence_index) do update set source_lesson_code = excluded.source_lesson_code, title = excluded.title, objective = excluded.objective;
insert into public.curriculum_lesson_standards (lesson_id, standard_id) values ('1d0f3bd2-e0a8-5477-b61a-f63e831f5414', 'a27364c7-2e3f-50ad-af8e-af39abf2db6d') on conflict do nothing;
insert into public.curriculum_lessons (id, library_id, sequence_index, source_lesson_code, title, objective) values ('b5132a48-51b6-5112-865e-3b53e616978d', '3db67302-f293-5cab-95c6-32c38c3d1ae5', 73, '9.03', '9.03: Significance Tests for a Proportion', 'Let''s test claims about one population proportion.') on conflict (library_id, sequence_index) do update set source_lesson_code = excluded.source_lesson_code, title = excluded.title, objective = excluded.objective;
insert into public.curriculum_lesson_standards (lesson_id, standard_id) values ('b5132a48-51b6-5112-865e-3b53e616978d', '36fee01f-bf50-5a86-a419-de3fb63b475b') on conflict do nothing;
insert into public.curriculum_lesson_standards (lesson_id, standard_id) values ('b5132a48-51b6-5112-865e-3b53e616978d', 'bb7f7238-5cb7-5e0f-a262-bbcee2656aa3') on conflict do nothing;
insert into public.curriculum_lessons (id, library_id, sequence_index, source_lesson_code, title, objective) values ('c3089da3-0f3b-520d-acd9-acad9814efc7', 'ee1aa8ee-fb37-5488-95c2-42ff926265cb', 74, '8.04', '8.04: Transformations of Exponential Functions', 'Let''s move and flip exponential curve graphs.') on conflict (library_id, sequence_index) do update set source_lesson_code = excluded.source_lesson_code, title = excluded.title, objective = excluded.objective;
insert into public.curriculum_lesson_standards (lesson_id, standard_id) values ('c3089da3-0f3b-520d-acd9-acad9814efc7', '444d2808-cd0e-5ecd-89da-9fcb58c9e9f8') on conflict do nothing;
insert into public.curriculum_lessons (id, library_id, sequence_index, source_lesson_code, title, objective) values ('53c29607-40d0-511b-be29-1b0ba2928ad2', '42512171-9c1e-537b-b13c-9799aca71579', 74, '9.02', '9.02: Surface Area and Volume of Prisms and Cylinders', 'Let''s calculate outside area and inside volume.') on conflict (library_id, sequence_index) do update set source_lesson_code = excluded.source_lesson_code, title = excluded.title, objective = excluded.objective;
insert into public.curriculum_lesson_standards (lesson_id, standard_id) values ('53c29607-40d0-511b-be29-1b0ba2928ad2', 'c748c02b-bbdb-5b7e-b966-4bb6c01c90ba') on conflict do nothing;
insert into public.curriculum_lesson_standards (lesson_id, standard_id) values ('53c29607-40d0-511b-be29-1b0ba2928ad2', 'a1c88926-09ab-5121-a9f6-d5200abd7f34') on conflict do nothing;
insert into public.curriculum_lessons (id, library_id, sequence_index, source_lesson_code, title, objective) values ('c6060849-b210-59df-91c8-45109b7069f3', '23d72045-7343-560e-a028-5105320ad19d', 74, '9.02', '9.02: Solving for Missing Sides Using Trig Ratios', 'Let''s calculate triangle lengths using sine and cosine.') on conflict (library_id, sequence_index) do update set source_lesson_code = excluded.source_lesson_code, title = excluded.title, objective = excluded.objective;
insert into public.curriculum_lesson_standards (lesson_id, standard_id) values ('c6060849-b210-59df-91c8-45109b7069f3', '51ab23e0-0dff-519c-9e5f-7a55f0aa354c') on conflict do nothing;
insert into public.curriculum_lessons (id, library_id, sequence_index, source_lesson_code, title, objective) values ('e1d27b9b-14dc-54fc-b207-9e2c1b44e92b', 'b2429d1b-0327-5182-b112-d953d3213527', 74, '8.01', '8.01: Polar Coordinates', 'Let''s plot points using radius and angle.') on conflict (library_id, sequence_index) do update set source_lesson_code = excluded.source_lesson_code, title = excluded.title, objective = excluded.objective;
insert into public.curriculum_lesson_standards (lesson_id, standard_id) values ('e1d27b9b-14dc-54fc-b207-9e2c1b44e92b', '0940467e-2dec-5524-bb11-0ec25b3fb4fe') on conflict do nothing;
insert into public.curriculum_lesson_standards (lesson_id, standard_id) values ('e1d27b9b-14dc-54fc-b207-9e2c1b44e92b', 'f42b1433-df02-55c4-aca4-f16eacfc4483') on conflict do nothing;
insert into public.curriculum_lessons (id, library_id, sequence_index, source_lesson_code, title, objective) values ('21d11385-352b-5429-aee1-d6a7ad579eca', 'ebcdd3cd-bf22-5699-a207-1b3d8351b4c7', 74, 'Review 6.10-6.12', 'Review 6.10-6.12', 'Let''s review substitution and advanced integration strategies.') on conflict (library_id, sequence_index) do update set source_lesson_code = excluded.source_lesson_code, title = excluded.title, objective = excluded.objective;
insert into public.curriculum_lessons (id, library_id, sequence_index, source_lesson_code, title, objective) values ('73d8eba2-783c-5418-a98a-3d0553391964', '3db67302-f293-5cab-95c6-32c38c3d1ae5', 74, 'Review 9.01-9.03', 'Review 9.01-9.03', 'Let''s review p-values and one-proportion testing.') on conflict (library_id, sequence_index) do update set source_lesson_code = excluded.source_lesson_code, title = excluded.title, objective = excluded.objective;
insert into public.curriculum_lessons (id, library_id, sequence_index, source_lesson_code, title, objective) values ('07b4fb7d-7286-5ad7-88cf-c75018eaa24f', 'ee1aa8ee-fb37-5488-95c2-42ff926265cb', 75, 'Review 8.01-8.04', 'Review 8.01-8.04', 'Let''s review geometric sequences and exponential basics.') on conflict (library_id, sequence_index) do update set source_lesson_code = excluded.source_lesson_code, title = excluded.title, objective = excluded.objective;
insert into public.curriculum_lessons (id, library_id, sequence_index, source_lesson_code, title, objective) values ('72bc9396-873c-5b9c-8299-479ac33c81d5', '42512171-9c1e-537b-b13c-9799aca71579', 75, '9.03', '9.03: Volume of Pyramids and Cones', 'Let''s find volume for pointed 3D shapes.') on conflict (library_id, sequence_index) do update set source_lesson_code = excluded.source_lesson_code, title = excluded.title, objective = excluded.objective;
insert into public.curriculum_lesson_standards (lesson_id, standard_id) values ('72bc9396-873c-5b9c-8299-479ac33c81d5', 'c748c02b-bbdb-5b7e-b966-4bb6c01c90ba') on conflict do nothing;
insert into public.curriculum_lesson_standards (lesson_id, standard_id) values ('72bc9396-873c-5b9c-8299-479ac33c81d5', 'be670cbf-525e-5111-a482-0cd7e46fe227') on conflict do nothing;
insert into public.curriculum_lessons (id, library_id, sequence_index, source_lesson_code, title, objective) values ('46f56056-6d00-5d5e-97dc-e214167d2c8c', '23d72045-7343-560e-a028-5105320ad19d', 75, '9.03', '9.03: Inverse Trig Functions for Missing Angles', 'Let''s find angle measures using arcsin and arccos.') on conflict (library_id, sequence_index) do update set source_lesson_code = excluded.source_lesson_code, title = excluded.title, objective = excluded.objective;
insert into public.curriculum_lesson_standards (lesson_id, standard_id) values ('46f56056-6d00-5d5e-97dc-e214167d2c8c', '51ab23e0-0dff-519c-9e5f-7a55f0aa354c') on conflict do nothing;
insert into public.curriculum_lessons (id, library_id, sequence_index, source_lesson_code, title, objective) values ('6976e25d-6536-5e77-ae9b-559c31c65c66', 'b2429d1b-0327-5182-b112-d953d3213527', 75, '8.02', '8.02: Complex Numbers', 'Let''s represent imaginary numbers in polar form.') on conflict (library_id, sequence_index) do update set source_lesson_code = excluded.source_lesson_code, title = excluded.title, objective = excluded.objective;
insert into public.curriculum_lesson_standards (lesson_id, standard_id) values ('6976e25d-6536-5e77-ae9b-559c31c65c66', '8570d3bd-fbc1-59b3-8107-9808bb592a9f') on conflict do nothing;
insert into public.curriculum_lesson_standards (lesson_id, standard_id) values ('6976e25d-6536-5e77-ae9b-559c31c65c66', 'ad5f1788-2a15-5c08-8e2f-cd79eb694daa') on conflict do nothing;
insert into public.curriculum_lesson_standards (lesson_id, standard_id) values ('6976e25d-6536-5e77-ae9b-559c31c65c66', 'bb697840-28a1-5082-b15f-ffe76b9145f6') on conflict do nothing;
insert into public.curriculum_lessons (id, library_id, sequence_index, source_lesson_code, title, objective) values ('3f98e3f9-45f3-58d0-bd41-2b0d36dab12f', 'ebcdd3cd-bf22-5699-a207-1b3d8351b4c7', 75, '7.01', '7.01: Intro to Differential Equations', 'Let''s define equations involving derivatives and variables.') on conflict (library_id, sequence_index) do update set source_lesson_code = excluded.source_lesson_code, title = excluded.title, objective = excluded.objective;
insert into public.curriculum_lesson_standards (lesson_id, standard_id) values ('3f98e3f9-45f3-58d0-bd41-2b0d36dab12f', 'd1a78468-79f6-554a-8dfd-0ad410231cd1') on conflict do nothing;
insert into public.curriculum_lessons (id, library_id, sequence_index, source_lesson_code, title, objective) values ('832b72d0-7a80-51c5-8ac9-ee69d90053db', '3db67302-f293-5cab-95c6-32c38c3d1ae5', 75, '9.04', '9.04: Introduction to Significance Tests for a Difference of Proportions', 'Let''s prepare to compare two proportions.') on conflict (library_id, sequence_index) do update set source_lesson_code = excluded.source_lesson_code, title = excluded.title, objective = excluded.objective;
insert into public.curriculum_lesson_standards (lesson_id, standard_id) values ('832b72d0-7a80-51c5-8ac9-ee69d90053db', '30648553-19c4-589b-93d1-0140b94702bf') on conflict do nothing;
insert into public.curriculum_lesson_standards (lesson_id, standard_id) values ('832b72d0-7a80-51c5-8ac9-ee69d90053db', 'bb7f7238-5cb7-5e0f-a262-bbcee2656aa3') on conflict do nothing;
insert into public.curriculum_lessons (id, library_id, sequence_index, source_lesson_code, title, objective) values ('a38f2fc6-6adb-51e7-b7af-084ca286b098', 'ee1aa8ee-fb37-5488-95c2-42ff926265cb', 76, '8.05', '8.05: Working with Exponential Functions', 'Let''s calculate values for exponential growth models.') on conflict (library_id, sequence_index) do update set source_lesson_code = excluded.source_lesson_code, title = excluded.title, objective = excluded.objective;
insert into public.curriculum_lesson_standards (lesson_id, standard_id) values ('a38f2fc6-6adb-51e7-b7af-084ca286b098', 'a337895a-3a09-57c4-a135-672808d0cd90') on conflict do nothing;
insert into public.curriculum_lessons (id, library_id, sequence_index, source_lesson_code, title, objective) values ('575efb29-d45f-5fef-9d31-3bb0089e5583', '42512171-9c1e-537b-b13c-9799aca71579', 76, '9.04', '9.04: Surface Area of Pyramids and Cones', 'Let''s find the area of slanted faces.') on conflict (library_id, sequence_index) do update set source_lesson_code = excluded.source_lesson_code, title = excluded.title, objective = excluded.objective;
insert into public.curriculum_lesson_standards (lesson_id, standard_id) values ('575efb29-d45f-5fef-9d31-3bb0089e5583', 'a1c88926-09ab-5121-a9f6-d5200abd7f34') on conflict do nothing;
insert into public.curriculum_lesson_standards (lesson_id, standard_id) values ('575efb29-d45f-5fef-9d31-3bb0089e5583', 'c748c02b-bbdb-5b7e-b966-4bb6c01c90ba') on conflict do nothing;
insert into public.curriculum_lessons (id, library_id, sequence_index, source_lesson_code, title, objective) values ('cc408bde-66fb-57c9-8ec8-13c65901bdc1', '23d72045-7343-560e-a028-5105320ad19d', 76, 'Review 9.01-9.03', 'Review 9.01-9.03', 'Let''s review right triangle trig and inverse functions.') on conflict (library_id, sequence_index) do update set source_lesson_code = excluded.source_lesson_code, title = excluded.title, objective = excluded.objective;
insert into public.curriculum_lessons (id, library_id, sequence_index, source_lesson_code, title, objective) values ('6fefc4ec-d3b7-59d0-bcdd-0178fe5cd8a7', 'b2429d1b-0327-5182-b112-d953d3213527', 76, '8.03', '8.03: Polar Graphs: Circles and Roses', 'Let''s graph circular and petal-shaped polar curves.') on conflict (library_id, sequence_index) do update set source_lesson_code = excluded.source_lesson_code, title = excluded.title, objective = excluded.objective;
insert into public.curriculum_lesson_standards (lesson_id, standard_id) values ('6fefc4ec-d3b7-59d0-bcdd-0178fe5cd8a7', '7a910e39-db3e-5d96-aed6-82600afe5c40') on conflict do nothing;
insert into public.curriculum_lesson_standards (lesson_id, standard_id) values ('6fefc4ec-d3b7-59d0-bcdd-0178fe5cd8a7', '18b326c9-edf0-5cc3-bfb2-83ac12d2ec40') on conflict do nothing;
insert into public.curriculum_lessons (id, library_id, sequence_index, source_lesson_code, title, objective) values ('90595586-1f88-552d-804c-1d733c9000e0', 'ebcdd3cd-bf22-5699-a207-1b3d8351b4c7', 76, '7.02', '7.02: Slope Fields', 'Let''s visualize solutions to differential equations graphically.') on conflict (library_id, sequence_index) do update set source_lesson_code = excluded.source_lesson_code, title = excluded.title, objective = excluded.objective;
insert into public.curriculum_lesson_standards (lesson_id, standard_id) values ('90595586-1f88-552d-804c-1d733c9000e0', 'f6129206-6e3d-5e43-8ae0-facb3593c42d') on conflict do nothing;
insert into public.curriculum_lessons (id, library_id, sequence_index, source_lesson_code, title, objective) values ('666437a1-ae2a-57c9-8e9b-393dcfccb963', '3db67302-f293-5cab-95c6-32c38c3d1ae5', 76, '9.05', '9.05: Significance Tests for a Difference of Proportions', 'Let''s test if two proportions differ significantly.') on conflict (library_id, sequence_index) do update set source_lesson_code = excluded.source_lesson_code, title = excluded.title, objective = excluded.objective;
insert into public.curriculum_lesson_standards (lesson_id, standard_id) values ('666437a1-ae2a-57c9-8e9b-393dcfccb963', '9f1f1da2-59ab-5abe-a615-f897eb5b348f') on conflict do nothing;
insert into public.curriculum_lesson_standards (lesson_id, standard_id) values ('666437a1-ae2a-57c9-8e9b-393dcfccb963', 'bb7f7238-5cb7-5e0f-a262-bbcee2656aa3') on conflict do nothing;
insert into public.curriculum_lessons (id, library_id, sequence_index, source_lesson_code, title, objective) values ('8b74163c-55aa-5bf8-837c-e6c9df981be3', 'ee1aa8ee-fb37-5488-95c2-42ff926265cb', 77, '8.06', '8.06: Interpreting Models for Exponential Growth and Decay', 'Let''s analyze percent increase and decrease scenarios.') on conflict (library_id, sequence_index) do update set source_lesson_code = excluded.source_lesson_code, title = excluded.title, objective = excluded.objective;
insert into public.curriculum_lesson_standards (lesson_id, standard_id) values ('8b74163c-55aa-5bf8-837c-e6c9df981be3', '899f9ab6-f971-5edc-8f58-cddb5ef1efda') on conflict do nothing;
insert into public.curriculum_lessons (id, library_id, sequence_index, source_lesson_code, title, objective) values ('9afded6d-8e31-5c05-98e0-9640617b8606', '42512171-9c1e-537b-b13c-9799aca71579', 77, 'Review 9.01-9.04', 'Review 9.01-9.04', 'Let''s review volume and surface area basics.') on conflict (library_id, sequence_index) do update set source_lesson_code = excluded.source_lesson_code, title = excluded.title, objective = excluded.objective;
insert into public.curriculum_lessons (id, library_id, sequence_index, source_lesson_code, title, objective) values ('2960d6be-3120-576a-8110-49eb56fee610', '23d72045-7343-560e-a028-5105320ad19d', 77, '9.04', '9.04: Special Right Triangles', 'Let''s use ratios for 45-45-90 and 30-60-90 triangles.') on conflict (library_id, sequence_index) do update set source_lesson_code = excluded.source_lesson_code, title = excluded.title, objective = excluded.objective;
insert into public.curriculum_lesson_standards (lesson_id, standard_id) values ('2960d6be-3120-576a-8110-49eb56fee610', '51ab23e0-0dff-519c-9e5f-7a55f0aa354c') on conflict do nothing;
insert into public.curriculum_lessons (id, library_id, sequence_index, source_lesson_code, title, objective) values ('d4e7006a-9cb2-57d7-bbc7-bddeb589fee2', 'b2429d1b-0327-5182-b112-d953d3213527', 77, '8.04', '8.04: Polar Graphs: Limacons', 'Let''s explore inner loops and dimpled curves.') on conflict (library_id, sequence_index) do update set source_lesson_code = excluded.source_lesson_code, title = excluded.title, objective = excluded.objective;
insert into public.curriculum_lesson_standards (lesson_id, standard_id) values ('d4e7006a-9cb2-57d7-bbc7-bddeb589fee2', '7a910e39-db3e-5d96-aed6-82600afe5c40') on conflict do nothing;
insert into public.curriculum_lesson_standards (lesson_id, standard_id) values ('d4e7006a-9cb2-57d7-bbc7-bddeb589fee2', '18b326c9-edf0-5cc3-bfb2-83ac12d2ec40') on conflict do nothing;
insert into public.curriculum_lessons (id, library_id, sequence_index, source_lesson_code, title, objective) values ('911e1a8a-68a0-544f-aa2f-a8f2678da5c0', 'ebcdd3cd-bf22-5699-a207-1b3d8351b4c7', 77, '7.02', '7.02: Slope Fields (Part 2)', 'Let''s sketch solution curves through specific points.') on conflict (library_id, sequence_index) do update set source_lesson_code = excluded.source_lesson_code, title = excluded.title, objective = excluded.objective;
insert into public.curriculum_lesson_standards (lesson_id, standard_id) values ('911e1a8a-68a0-544f-aa2f-a8f2678da5c0', '6ee97432-bb07-56ed-864d-d24f5f4c2b8d') on conflict do nothing;
insert into public.curriculum_lessons (id, library_id, sequence_index, source_lesson_code, title, objective) values ('d4ec6c5b-673d-56d8-8038-ad4a8c784cfc', '3db67302-f293-5cab-95c6-32c38c3d1ae5', 77, '9.06', '9.06: Type I and Type II Errors', 'Let''s identify the consequences of wrong decisions.') on conflict (library_id, sequence_index) do update set source_lesson_code = excluded.source_lesson_code, title = excluded.title, objective = excluded.objective;
insert into public.curriculum_lesson_standards (lesson_id, standard_id) values ('d4ec6c5b-673d-56d8-8038-ad4a8c784cfc', 'f122186a-1e6b-5c03-b5d1-f17cd3677668') on conflict do nothing;
insert into public.curriculum_lessons (id, library_id, sequence_index, source_lesson_code, title, objective) values ('6734a91b-8396-5ee6-ae52-a50a35fe85fd', 'ee1aa8ee-fb37-5488-95c2-42ff926265cb', 78, '8.07', '8.07: Constructing Exponential Models', 'Let''s build equations from two data points.') on conflict (library_id, sequence_index) do update set source_lesson_code = excluded.source_lesson_code, title = excluded.title, objective = excluded.objective;
insert into public.curriculum_lesson_standards (lesson_id, standard_id) values ('6734a91b-8396-5ee6-ae52-a50a35fe85fd', '9dc1a600-6e34-51a8-b001-ec4f4464320b') on conflict do nothing;
insert into public.curriculum_lessons (id, library_id, sequence_index, source_lesson_code, title, objective) values ('d710a31b-d941-50b3-9b31-4ec9fc844a77', '42512171-9c1e-537b-b13c-9799aca71579', 78, '9.05', '9.05: Volume of Spheres', 'Let''s calculate the volume of a ball.') on conflict (library_id, sequence_index) do update set source_lesson_code = excluded.source_lesson_code, title = excluded.title, objective = excluded.objective;
insert into public.curriculum_lesson_standards (lesson_id, standard_id) values ('d710a31b-d941-50b3-9b31-4ec9fc844a77', 'c748c02b-bbdb-5b7e-b966-4bb6c01c90ba') on conflict do nothing;
insert into public.curriculum_lesson_standards (lesson_id, standard_id) values ('d710a31b-d941-50b3-9b31-4ec9fc844a77', 'a1c88926-09ab-5121-a9f6-d5200abd7f34') on conflict do nothing;
insert into public.curriculum_lessons (id, library_id, sequence_index, source_lesson_code, title, objective) values ('664ca496-1f77-5007-9bde-edd8c90af1d8', '23d72045-7343-560e-a028-5105320ad19d', 78, '9.05', '9.05: Angles on the Coordinate Plane', 'Let''s draw angles in standard position on axes.') on conflict (library_id, sequence_index) do update set source_lesson_code = excluded.source_lesson_code, title = excluded.title, objective = excluded.objective;
insert into public.curriculum_lesson_standards (lesson_id, standard_id) values ('664ca496-1f77-5007-9bde-edd8c90af1d8', 'af69eb85-c130-54e9-b4a5-320a71fd08d3') on conflict do nothing;
insert into public.curriculum_lessons (id, library_id, sequence_index, source_lesson_code, title, objective) values ('f4ec4353-b086-5b35-b8bf-248258244e9f', 'b2429d1b-0327-5182-b112-d953d3213527', 78, '8.05', '8.05: Rates of Change of Polar Functions', 'Let''s find how radius changes with angle.') on conflict (library_id, sequence_index) do update set source_lesson_code = excluded.source_lesson_code, title = excluded.title, objective = excluded.objective;
insert into public.curriculum_lesson_standards (lesson_id, standard_id) values ('f4ec4353-b086-5b35-b8bf-248258244e9f', 'cc68ad2d-f699-5f57-ab81-f037bb301857') on conflict do nothing;
insert into public.curriculum_lesson_standards (lesson_id, standard_id) values ('f4ec4353-b086-5b35-b8bf-248258244e9f', 'cecaafca-f4d7-5ac9-803b-86d851d970d8') on conflict do nothing;
insert into public.curriculum_lessons (id, library_id, sequence_index, source_lesson_code, title, objective) values ('6b9148d7-389c-509b-853e-013f52bf4d03', 'ebcdd3cd-bf22-5699-a207-1b3d8351b4c7', 78, '7.03', '7.03: General Solutions to Differential Equations', 'Let''s solve equations using separation of variables.') on conflict (library_id, sequence_index) do update set source_lesson_code = excluded.source_lesson_code, title = excluded.title, objective = excluded.objective;
insert into public.curriculum_lesson_standards (lesson_id, standard_id) values ('6b9148d7-389c-509b-853e-013f52bf4d03', '475cfc18-27c9-5431-987f-972478fd0ed1') on conflict do nothing;
insert into public.curriculum_lesson_standards (lesson_id, standard_id) values ('6b9148d7-389c-509b-853e-013f52bf4d03', '8d970b3e-22b1-5d13-8be7-398780b06fdb') on conflict do nothing;
insert into public.curriculum_lessons (id, library_id, sequence_index, source_lesson_code, title, objective) values ('d7cba0d1-bc27-5f75-b9c5-b1fa46c53de2', '3db67302-f293-5cab-95c6-32c38c3d1ae5', 78, '9.07', '9.07: Power of a Test', 'Let''s calculate the probability of detecting effects.') on conflict (library_id, sequence_index) do update set source_lesson_code = excluded.source_lesson_code, title = excluded.title, objective = excluded.objective;
insert into public.curriculum_lesson_standards (lesson_id, standard_id) values ('d7cba0d1-bc27-5f75-b9c5-b1fa46c53de2', 'f122186a-1e6b-5c03-b5d1-f17cd3677668') on conflict do nothing;
insert into public.curriculum_lessons (id, library_id, sequence_index, source_lesson_code, title, objective) values ('93136d14-5ee4-5871-b662-4e62a1dbee2d', 'ee1aa8ee-fb37-5488-95c2-42ff926265cb', 79, '8.08', '8.08: Rational Exponents in Context', 'Let''s apply fractional powers to real situations.') on conflict (library_id, sequence_index) do update set source_lesson_code = excluded.source_lesson_code, title = excluded.title, objective = excluded.objective;
insert into public.curriculum_lesson_standards (lesson_id, standard_id) values ('93136d14-5ee4-5871-b662-4e62a1dbee2d', 'cba21089-efd0-52c8-b971-aa184977b055') on conflict do nothing;
insert into public.curriculum_lessons (id, library_id, sequence_index, source_lesson_code, title, objective) values ('07616a1e-7580-54f7-b20b-e4590c2ab4bb', '42512171-9c1e-537b-b13c-9799aca71579', 79, '9.06', '9.06: Surface Area of Spheres', 'Let''s find the outer area of spheres.') on conflict (library_id, sequence_index) do update set source_lesson_code = excluded.source_lesson_code, title = excluded.title, objective = excluded.objective;
insert into public.curriculum_lesson_standards (lesson_id, standard_id) values ('07616a1e-7580-54f7-b20b-e4590c2ab4bb', 'a1c88926-09ab-5121-a9f6-d5200abd7f34') on conflict do nothing;
insert into public.curriculum_lessons (id, library_id, sequence_index, source_lesson_code, title, objective) values ('3e11c83e-c1f3-5467-8a40-419d153bef77', '23d72045-7343-560e-a028-5105320ad19d', 79, '9.06', '9.06: The Unit Circle', 'Let''s find trig values using a circle (r=1).') on conflict (library_id, sequence_index) do update set source_lesson_code = excluded.source_lesson_code, title = excluded.title, objective = excluded.objective;
insert into public.curriculum_lesson_standards (lesson_id, standard_id) values ('3e11c83e-c1f3-5467-8a40-419d153bef77', 'af69eb85-c130-54e9-b4a5-320a71fd08d3') on conflict do nothing;
insert into public.curriculum_lessons (id, library_id, sequence_index, source_lesson_code, title, objective) values ('408d2a4c-43a8-5240-bcc0-4d62d2cd547e', 'b2429d1b-0327-5182-b112-d953d3213527', 79, 'Review 8.01-8.05', 'Review 8.01-8.05', 'Let''s review polar graphing and complex numbers.') on conflict (library_id, sequence_index) do update set source_lesson_code = excluded.source_lesson_code, title = excluded.title, objective = excluded.objective;
insert into public.curriculum_lessons (id, library_id, sequence_index, source_lesson_code, title, objective) values ('255e1c04-b45d-567d-8f47-8caa6fb23380', 'ebcdd3cd-bf22-5699-a207-1b3d8351b4c7', 79, '7.04', '7.04: Particular Solutions to Differential Equations', 'Let''s use initial conditions to find constants.') on conflict (library_id, sequence_index) do update set source_lesson_code = excluded.source_lesson_code, title = excluded.title, objective = excluded.objective;
insert into public.curriculum_lesson_standards (lesson_id, standard_id) values ('255e1c04-b45d-567d-8f47-8caa6fb23380', '8d970b3e-22b1-5d13-8be7-398780b06fdb') on conflict do nothing;
insert into public.curriculum_lessons (id, library_id, sequence_index, source_lesson_code, title, objective) values ('e01bb48b-44ee-5f83-a5a6-8c76461f072d', '3db67302-f293-5cab-95c6-32c38c3d1ae5', 79, 'Review 9.04-9.07', 'Review 9.04-9.07', 'Let''s review two-proportion tests, errors, and power.') on conflict (library_id, sequence_index) do update set source_lesson_code = excluded.source_lesson_code, title = excluded.title, objective = excluded.objective;
insert into public.curriculum_lessons (id, library_id, sequence_index, source_lesson_code, title, objective) values ('bc7b4393-2676-53c5-9ad8-ed0e133de82a', 'ee1aa8ee-fb37-5488-95c2-42ff926265cb', 80, 'Review 8.05-8.08', 'Review 8.05-8.08', 'Let''s review growth, decay, and modeling data.') on conflict (library_id, sequence_index) do update set source_lesson_code = excluded.source_lesson_code, title = excluded.title, objective = excluded.objective;
insert into public.curriculum_lessons (id, library_id, sequence_index, source_lesson_code, title, objective) values ('f6c2a138-2f1c-5870-9230-e4713027afea', '42512171-9c1e-537b-b13c-9799aca71579', 80, '9.07', '9.07: Problem Solving with Volume', 'Let''s solve complex 3D shape word problems.') on conflict (library_id, sequence_index) do update set source_lesson_code = excluded.source_lesson_code, title = excluded.title, objective = excluded.objective;
insert into public.curriculum_lesson_standards (lesson_id, standard_id) values ('f6c2a138-2f1c-5870-9230-e4713027afea', 'a1c88926-09ab-5121-a9f6-d5200abd7f34') on conflict do nothing;
insert into public.curriculum_lesson_standards (lesson_id, standard_id) values ('f6c2a138-2f1c-5870-9230-e4713027afea', 'c748c02b-bbdb-5b7e-b966-4bb6c01c90ba') on conflict do nothing;
insert into public.curriculum_lessons (id, library_id, sequence_index, source_lesson_code, title, objective) values ('af1e9be1-3980-577b-ae71-34f7bb7e0276', '23d72045-7343-560e-a028-5105320ad19d', 80, 'Review 9.04-9.06', 'Review 9.04-9.06', 'Let''s review special triangles and unit circle basics.') on conflict (library_id, sequence_index) do update set source_lesson_code = excluded.source_lesson_code, title = excluded.title, objective = excluded.objective;
insert into public.curriculum_lessons (id, library_id, sequence_index, source_lesson_code, title, objective) values ('f918dbde-4116-546c-b4f3-99dcee180841', 'ebcdd3cd-bf22-5699-a207-1b3d8351b4c7', 80, '7.05', '7.05: Differential Equations for Exponential Models', 'Let''s model growth and decay using calculus.') on conflict (library_id, sequence_index) do update set source_lesson_code = excluded.source_lesson_code, title = excluded.title, objective = excluded.objective;
insert into public.curriculum_lesson_standards (lesson_id, standard_id) values ('f918dbde-4116-546c-b4f3-99dcee180841', 'e2cc6afd-58ec-54e6-940d-6d22ac51ee6b') on conflict do nothing;
insert into public.curriculum_lesson_standards (lesson_id, standard_id) values ('f918dbde-4116-546c-b4f3-99dcee180841', 'aaef51ac-b03b-503f-b287-6dd891753fb0') on conflict do nothing;
insert into public.curriculum_lesson_standards (lesson_id, standard_id) values ('f918dbde-4116-546c-b4f3-99dcee180841', '80bf2dee-5eb8-50d1-9bc9-9df4b44133af') on conflict do nothing;
insert into public.curriculum_lessons (id, library_id, sequence_index, source_lesson_code, title, objective) values ('7ced63f0-0d2e-5230-a31a-c8ddb6ff17bf', '3db67302-f293-5cab-95c6-32c38c3d1ae5', 80, '10.01', '10.01: Constructing a Confidence Interval for a Mean', 'Let''s use t-distributions for population means.') on conflict (library_id, sequence_index) do update set source_lesson_code = excluded.source_lesson_code, title = excluded.title, objective = excluded.objective;
insert into public.curriculum_lesson_standards (lesson_id, standard_id) values ('7ced63f0-0d2e-5230-a31a-c8ddb6ff17bf', 'f6129206-6e3d-5e43-8ae0-facb3593c42d') on conflict do nothing;
insert into public.curriculum_lesson_standards (lesson_id, standard_id) values ('7ced63f0-0d2e-5230-a31a-c8ddb6ff17bf', 'f5b15b08-3bae-565a-803b-95d5da2a5c17') on conflict do nothing;
insert into public.curriculum_lessons (id, library_id, sequence_index, source_lesson_code, title, objective) values ('f87be1d9-ce78-5643-b9c2-6d8f8f59938f', '42512171-9c1e-537b-b13c-9799aca71579', 81, '9.08', '9.08: Volume of Similar Solids', 'Let''s compare volumes of scaled 3D objects.') on conflict (library_id, sequence_index) do update set source_lesson_code = excluded.source_lesson_code, title = excluded.title, objective = excluded.objective;
insert into public.curriculum_lesson_standards (lesson_id, standard_id) values ('f87be1d9-ce78-5643-b9c2-6d8f8f59938f', 'c748c02b-bbdb-5b7e-b966-4bb6c01c90ba') on conflict do nothing;
insert into public.curriculum_lesson_standards (lesson_id, standard_id) values ('f87be1d9-ce78-5643-b9c2-6d8f8f59938f', 'f7992d34-8468-5464-8ec5-121ea2b22f37') on conflict do nothing;
insert into public.curriculum_lessons (id, library_id, sequence_index, source_lesson_code, title, objective) values ('37c9e83d-f4aa-58df-a17a-d66de5cafd29', '23d72045-7343-560e-a028-5105320ad19d', 81, '9.07', '9.07: Radians', 'Let''s measure angles using radius-based units.') on conflict (library_id, sequence_index) do update set source_lesson_code = excluded.source_lesson_code, title = excluded.title, objective = excluded.objective;
insert into public.curriculum_lesson_standards (lesson_id, standard_id) values ('37c9e83d-f4aa-58df-a17a-d66de5cafd29', '82dd275a-c3f3-5346-9455-a0ae0dfe7fb1') on conflict do nothing;
insert into public.curriculum_lessons (id, library_id, sequence_index, source_lesson_code, title, objective) values ('844558c2-d330-5b17-af87-4d74c26b1c4a', 'ebcdd3cd-bf22-5699-a207-1b3d8351b4c7', 81, 'Review 7.3-7.5', 'Review 7.3-7.5', 'Let''s review solving and modeling differential equations.') on conflict (library_id, sequence_index) do update set source_lesson_code = excluded.source_lesson_code, title = excluded.title, objective = excluded.objective;
insert into public.curriculum_lessons (id, library_id, sequence_index, source_lesson_code, title, objective) values ('6e77f9a0-0562-598c-a823-31ba032bb5a6', '3db67302-f293-5cab-95c6-32c38c3d1ae5', 81, '10.02', '10.02: Confidence Intervals for a Mean', 'Let''s estimate averages using the four-step process.') on conflict (library_id, sequence_index) do update set source_lesson_code = excluded.source_lesson_code, title = excluded.title, objective = excluded.objective;
insert into public.curriculum_lesson_standards (lesson_id, standard_id) values ('6e77f9a0-0562-598c-a823-31ba032bb5a6', '6ee97432-bb07-56ed-864d-d24f5f4c2b8d') on conflict do nothing;
insert into public.curriculum_lesson_standards (lesson_id, standard_id) values ('6e77f9a0-0562-598c-a823-31ba032bb5a6', 'f5b15b08-3bae-565a-803b-95d5da2a5c17') on conflict do nothing;
insert into public.curriculum_lessons (id, library_id, sequence_index, source_lesson_code, title, objective) values ('cb410f37-b9c9-531d-9db2-2c483bc71e70', '42512171-9c1e-537b-b13c-9799aca71579', 82, 'Review 9.05-9.08', 'Review 9.05-9.08', 'Let''s review spheres and similar solid ratios.') on conflict (library_id, sequence_index) do update set source_lesson_code = excluded.source_lesson_code, title = excluded.title, objective = excluded.objective;
insert into public.curriculum_lessons (id, library_id, sequence_index, source_lesson_code, title, objective) values ('a6d382b4-0f98-562b-8b1e-2e1134567189', '23d72045-7343-560e-a028-5105320ad19d', 82, '9.08', '9.08: Radians and the Unit Circle', 'Let''s label the unit circle with radian measures.') on conflict (library_id, sequence_index) do update set source_lesson_code = excluded.source_lesson_code, title = excluded.title, objective = excluded.objective;
insert into public.curriculum_lesson_standards (lesson_id, standard_id) values ('a6d382b4-0f98-562b-8b1e-2e1134567189', 'af69eb85-c130-54e9-b4a5-320a71fd08d3') on conflict do nothing;
insert into public.curriculum_lessons (id, library_id, sequence_index, source_lesson_code, title, objective) values ('274ef6db-9057-58eb-9872-94aa9b466624', 'ebcdd3cd-bf22-5699-a207-1b3d8351b4c7', 82, '8.01', '8.01: Average Value of a Function', 'Let''s find the average height of curves.') on conflict (library_id, sequence_index) do update set source_lesson_code = excluded.source_lesson_code, title = excluded.title, objective = excluded.objective;
insert into public.curriculum_lesson_standards (lesson_id, standard_id) values ('274ef6db-9057-58eb-9872-94aa9b466624', '935a2629-0a42-5aeb-9e3c-6371d1461727') on conflict do nothing;
insert into public.curriculum_lessons (id, library_id, sequence_index, source_lesson_code, title, objective) values ('0150d534-c0d1-53e7-80d9-affcc1268e76', '3db67302-f293-5cab-95c6-32c38c3d1ae5', 82, '10.03', '10.03: Confidence Intervals for a Difference of Means', 'Let''s compare averages of two independent groups.') on conflict (library_id, sequence_index) do update set source_lesson_code = excluded.source_lesson_code, title = excluded.title, objective = excluded.objective;
insert into public.curriculum_lesson_standards (lesson_id, standard_id) values ('0150d534-c0d1-53e7-80d9-affcc1268e76', '8d970b3e-22b1-5d13-8be7-398780b06fdb') on conflict do nothing;
insert into public.curriculum_lesson_standards (lesson_id, standard_id) values ('0150d534-c0d1-53e7-80d9-affcc1268e76', 'f5b15b08-3bae-565a-803b-95d5da2a5c17') on conflict do nothing;
insert into public.curriculum_lessons (id, library_id, sequence_index, source_lesson_code, title, objective) values ('a9fb6474-bc1d-5e31-ace5-721fcf84f6bc', '42512171-9c1e-537b-b13c-9799aca71579', 83, '10.01', '10.01: Categorical Data and Displays', 'Let''s graph and analyze non-numerical data sets.') on conflict (library_id, sequence_index) do update set source_lesson_code = excluded.source_lesson_code, title = excluded.title, objective = excluded.objective;
insert into public.curriculum_lesson_standards (lesson_id, standard_id) values ('a9fb6474-bc1d-5e31-ace5-721fcf84f6bc', 'e0a6c451-efe8-557a-a91e-45636fbda265') on conflict do nothing;
insert into public.curriculum_lesson_standards (lesson_id, standard_id) values ('a9fb6474-bc1d-5e31-ace5-721fcf84f6bc', 'ebd14688-cea6-56ee-9a98-ea0356884cba') on conflict do nothing;
insert into public.curriculum_lessons (id, library_id, sequence_index, source_lesson_code, title, objective) values ('50d86bdf-ed10-53f9-a558-16fc5db29aa4', '23d72045-7343-560e-a028-5105320ad19d', 83, '9.09', '9.09: Arc Length and Area of a Sector', 'Let''s use radians to find lengths and areas.') on conflict (library_id, sequence_index) do update set source_lesson_code = excluded.source_lesson_code, title = excluded.title, objective = excluded.objective;
insert into public.curriculum_lesson_standards (lesson_id, standard_id) values ('50d86bdf-ed10-53f9-a558-16fc5db29aa4', '847d47c0-e235-59c4-8323-30b1e893bfe2') on conflict do nothing;
insert into public.curriculum_lessons (id, library_id, sequence_index, source_lesson_code, title, objective) values ('256ca790-4073-555d-ae54-6596795f99a8', 'ebcdd3cd-bf22-5699-a207-1b3d8351b4c7', 83, '8.02', '8.02: Particle Motion with Integrals', 'Let''s find displacement and distance using integration.') on conflict (library_id, sequence_index) do update set source_lesson_code = excluded.source_lesson_code, title = excluded.title, objective = excluded.objective;
insert into public.curriculum_lesson_standards (lesson_id, standard_id) values ('256ca790-4073-555d-ae54-6596795f99a8', 'd4dc28ab-cb51-5b89-8cd5-6dff0a0d9742') on conflict do nothing;
insert into public.curriculum_lessons (id, library_id, sequence_index, source_lesson_code, title, objective) values ('ff92fc87-6461-5c88-83d5-a77e68424449', '3db67302-f293-5cab-95c6-32c38c3d1ae5', 83, '10.04', '10.04: Confidence Intervals for a Mean Difference', 'Let''s analyze averages for paired data sets.') on conflict (library_id, sequence_index) do update set source_lesson_code = excluded.source_lesson_code, title = excluded.title, objective = excluded.objective;
insert into public.curriculum_lesson_standards (lesson_id, standard_id) values ('ff92fc87-6461-5c88-83d5-a77e68424449', '7daa63db-3465-5d63-8057-fb9a00e3d842') on conflict do nothing;
insert into public.curriculum_lesson_standards (lesson_id, standard_id) values ('ff92fc87-6461-5c88-83d5-a77e68424449', 'f5b15b08-3bae-565a-803b-95d5da2a5c17') on conflict do nothing;
insert into public.curriculum_lessons (id, library_id, sequence_index, source_lesson_code, title, objective) values ('3a29ca00-34eb-56f8-ab09-77d29e10853d', '42512171-9c1e-537b-b13c-9799aca71579', 84, '10.02', '10.02: Measures of Center for Quantitative Data', 'Let''s calculate the mean, median, and mode.') on conflict (library_id, sequence_index) do update set source_lesson_code = excluded.source_lesson_code, title = excluded.title, objective = excluded.objective;
insert into public.curriculum_lesson_standards (lesson_id, standard_id) values ('3a29ca00-34eb-56f8-ab09-77d29e10853d', 'e07ec716-e0b1-516c-b141-975763676ccd') on conflict do nothing;
insert into public.curriculum_lessons (id, library_id, sequence_index, source_lesson_code, title, objective) values ('68adb5a0-a2c6-520a-897e-e19d19620951', '23d72045-7343-560e-a028-5105320ad19d', 84, 'Review 9.07-9.09', 'Review 9.07-9.09', 'Let''s review radians, arc length, and sector area.') on conflict (library_id, sequence_index) do update set source_lesson_code = excluded.source_lesson_code, title = excluded.title, objective = excluded.objective;
insert into public.curriculum_lessons (id, library_id, sequence_index, source_lesson_code, title, objective) values ('9f341aee-cb62-5fa1-a6b4-c49bc6247048', 'ebcdd3cd-bf22-5699-a207-1b3d8351b4c7', 84, '8.03', '8.03: Accumulation and Definite Integrals in Other Contexts', 'Let''s solve various rate-in/rate-out problems.') on conflict (library_id, sequence_index) do update set source_lesson_code = excluded.source_lesson_code, title = excluded.title, objective = excluded.objective;
insert into public.curriculum_lesson_standards (lesson_id, standard_id) values ('9f341aee-cb62-5fa1-a6b4-c49bc6247048', 'ebee2457-0fc9-5a5c-a2cf-d86595956689') on conflict do nothing;
insert into public.curriculum_lessons (id, library_id, sequence_index, source_lesson_code, title, objective) values ('81fd9193-062c-59c2-b221-1c5bb6ffa17f', '3db67302-f293-5cab-95c6-32c38c3d1ae5', 84, 'Review 10.01-10.04', 'Review 10.01-10.04', 'Let''s review all mean-based confidence intervals.') on conflict (library_id, sequence_index) do update set source_lesson_code = excluded.source_lesson_code, title = excluded.title, objective = excluded.objective;
insert into public.curriculum_lessons (id, library_id, sequence_index, source_lesson_code, title, objective) values ('81246720-7f7a-52bf-b332-d1a62b67dca2', '42512171-9c1e-537b-b13c-9799aca71579', 85, '10.03', '10.03: Measures of Spread for Quantitative Data', 'Let''s find the range and standard deviation.') on conflict (library_id, sequence_index) do update set source_lesson_code = excluded.source_lesson_code, title = excluded.title, objective = excluded.objective;
insert into public.curriculum_lesson_standards (lesson_id, standard_id) values ('81246720-7f7a-52bf-b332-d1a62b67dca2', 'e07ec716-e0b1-516c-b141-975763676ccd') on conflict do nothing;
insert into public.curriculum_lesson_standards (lesson_id, standard_id) values ('81246720-7f7a-52bf-b332-d1a62b67dca2', 'cf4045d2-2f10-55f1-ba4a-42776bbaa163') on conflict do nothing;
insert into public.curriculum_lessons (id, library_id, sequence_index, source_lesson_code, title, objective) values ('576d5a60-057a-5d5a-8bcb-f94709f30f93', 'ebcdd3cd-bf22-5699-a207-1b3d8351b4c7', 85, 'Review 8.1-8.3', 'Review 8.1-8.3', 'Let''s review average value and motion applications.') on conflict (library_id, sequence_index) do update set source_lesson_code = excluded.source_lesson_code, title = excluded.title, objective = excluded.objective;
insert into public.curriculum_lessons (id, library_id, sequence_index, source_lesson_code, title, objective) values ('4f47e1d8-d7a8-5c02-a4cd-f27ecb44e6d9', '3db67302-f293-5cab-95c6-32c38c3d1ae5', 85, '11.01', '11.01: Introduction to Significance Tests for a Mean', 'Let''s test claims using the t-distribution.') on conflict (library_id, sequence_index) do update set source_lesson_code = excluded.source_lesson_code, title = excluded.title, objective = excluded.objective;
insert into public.curriculum_lesson_standards (lesson_id, standard_id) values ('4f47e1d8-d7a8-5c02-a4cd-f27ecb44e6d9', 'e43886cb-c6fa-5217-886f-de096f9abc75') on conflict do nothing;
insert into public.curriculum_lesson_standards (lesson_id, standard_id) values ('4f47e1d8-d7a8-5c02-a4cd-f27ecb44e6d9', 'bb7f7238-5cb7-5e0f-a262-bbcee2656aa3') on conflict do nothing;
insert into public.curriculum_lessons (id, library_id, sequence_index, source_lesson_code, title, objective) values ('c37dec5d-2114-58ab-9069-f0dd87b66c08', '42512171-9c1e-537b-b13c-9799aca71579', 86, 'Review 10.01-10.03', 'Review 10.01-10.03', 'Let''s review data displays and central tendency.') on conflict (library_id, sequence_index) do update set source_lesson_code = excluded.source_lesson_code, title = excluded.title, objective = excluded.objective;
insert into public.curriculum_lessons (id, library_id, sequence_index, source_lesson_code, title, objective) values ('36d1381d-4e14-5a19-84be-8cadc6a366cb', 'ebcdd3cd-bf22-5699-a207-1b3d8351b4c7', 86, '8.04', '8.04: Area Between Curves in Terms of X', 'Let''s find area between two vertical functions.') on conflict (library_id, sequence_index) do update set source_lesson_code = excluded.source_lesson_code, title = excluded.title, objective = excluded.objective;
insert into public.curriculum_lesson_standards (lesson_id, standard_id) values ('36d1381d-4e14-5a19-84be-8cadc6a366cb', 'd4251a3b-488c-5fce-ad19-e8469880f2a3') on conflict do nothing;
insert into public.curriculum_lessons (id, library_id, sequence_index, source_lesson_code, title, objective) values ('fbe743c1-a06d-506c-b039-d273d6758688', '3db67302-f293-5cab-95c6-32c38c3d1ae5', 86, '11.02', '11.02: Significance Tests for a Mean', 'Let''s perform full tests for one average.') on conflict (library_id, sequence_index) do update set source_lesson_code = excluded.source_lesson_code, title = excluded.title, objective = excluded.objective;
insert into public.curriculum_lesson_standards (lesson_id, standard_id) values ('fbe743c1-a06d-506c-b039-d273d6758688', 'f1518028-0e20-5c4b-ad83-66efefaabd85') on conflict do nothing;
insert into public.curriculum_lesson_standards (lesson_id, standard_id) values ('fbe743c1-a06d-506c-b039-d273d6758688', 'bb7f7238-5cb7-5e0f-a262-bbcee2656aa3') on conflict do nothing;
insert into public.curriculum_lessons (id, library_id, sequence_index, source_lesson_code, title, objective) values ('1192b51f-2cb8-557e-a5b1-2c81ec6d43c6', '42512171-9c1e-537b-b13c-9799aca71579', 87, '10.04', '10.04: Scatterplots and Line of Best Fit', 'Let''s analyze relationships between two variables.') on conflict (library_id, sequence_index) do update set source_lesson_code = excluded.source_lesson_code, title = excluded.title, objective = excluded.objective;
insert into public.curriculum_lesson_standards (lesson_id, standard_id) values ('1192b51f-2cb8-557e-a5b1-2c81ec6d43c6', '1ca34aa4-8c72-5335-96e2-c493ff22aad5') on conflict do nothing;
insert into public.curriculum_lesson_standards (lesson_id, standard_id) values ('1192b51f-2cb8-557e-a5b1-2c81ec6d43c6', '548fece5-018a-5117-a12c-ea1275875d8e') on conflict do nothing;
insert into public.curriculum_lessons (id, library_id, sequence_index, source_lesson_code, title, objective) values ('002341a4-4dc9-56f7-aa03-c98e964dc3ff', 'ebcdd3cd-bf22-5699-a207-1b3d8351b4c7', 87, '8.05', '8.05: Area Between Curves in Terms of Y', 'Let''s find area between two horizontal functions.') on conflict (library_id, sequence_index) do update set source_lesson_code = excluded.source_lesson_code, title = excluded.title, objective = excluded.objective;
insert into public.curriculum_lesson_standards (lesson_id, standard_id) values ('002341a4-4dc9-56f7-aa03-c98e964dc3ff', '8d955bcd-2681-504b-a0e9-46b21628a0dd') on conflict do nothing;
insert into public.curriculum_lesson_standards (lesson_id, standard_id) values ('002341a4-4dc9-56f7-aa03-c98e964dc3ff', '461d2573-df57-57fc-ae5f-5785ed8b3d56') on conflict do nothing;
insert into public.curriculum_lessons (id, library_id, sequence_index, source_lesson_code, title, objective) values ('42e7a534-7dcd-5f5c-8287-a2d69d7cdb3f', '3db67302-f293-5cab-95c6-32c38c3d1ae5', 87, '11.03', '11.03: Introduction to Significance Tests for a Difference of Means', 'Let''s set up tests for two means.') on conflict (library_id, sequence_index) do update set source_lesson_code = excluded.source_lesson_code, title = excluded.title, objective = excluded.objective;
insert into public.curriculum_lesson_standards (lesson_id, standard_id) values ('42e7a534-7dcd-5f5c-8287-a2d69d7cdb3f', 'e2cc6afd-58ec-54e6-940d-6d22ac51ee6b') on conflict do nothing;
insert into public.curriculum_lesson_standards (lesson_id, standard_id) values ('42e7a534-7dcd-5f5c-8287-a2d69d7cdb3f', 'bb7f7238-5cb7-5e0f-a262-bbcee2656aa3') on conflict do nothing;
insert into public.curriculum_lessons (id, library_id, sequence_index, source_lesson_code, title, objective) values ('8b9bc502-266b-5aaa-becd-a363b8dca09c', '42512171-9c1e-537b-b13c-9799aca71579', 88, '10.05', '10.05: Predictions and Residuals', 'Let''s use lines to predict unknown values.') on conflict (library_id, sequence_index) do update set source_lesson_code = excluded.source_lesson_code, title = excluded.title, objective = excluded.objective;
insert into public.curriculum_lesson_standards (lesson_id, standard_id) values ('8b9bc502-266b-5aaa-becd-a363b8dca09c', '87b67370-5f09-54c1-a613-cff26763880b') on conflict do nothing;
insert into public.curriculum_lesson_standards (lesson_id, standard_id) values ('8b9bc502-266b-5aaa-becd-a363b8dca09c', '55e05700-63b1-5f53-83fe-1bf86263e2d4') on conflict do nothing;
insert into public.curriculum_lessons (id, library_id, sequence_index, source_lesson_code, title, objective) values ('1d95b213-ca07-54f4-9f58-578f6ede91de', 'ebcdd3cd-bf22-5699-a207-1b3d8351b4c7', 88, 'Review 8.4-8.5', 'Review 8.4-8.5', 'Let''s review area bounded by multiple curves.') on conflict (library_id, sequence_index) do update set source_lesson_code = excluded.source_lesson_code, title = excluded.title, objective = excluded.objective;
insert into public.curriculum_lessons (id, library_id, sequence_index, source_lesson_code, title, objective) values ('5ce531bd-8a2b-5f47-afff-eb9b4a131917', '3db67302-f293-5cab-95c6-32c38c3d1ae5', 88, '11.04', '11.04: Significance Tests for a Difference of Means', 'Let''s test for differences between independent averages.') on conflict (library_id, sequence_index) do update set source_lesson_code = excluded.source_lesson_code, title = excluded.title, objective = excluded.objective;
insert into public.curriculum_lesson_standards (lesson_id, standard_id) values ('5ce531bd-8a2b-5f47-afff-eb9b4a131917', '51dd30c2-dd5a-59a4-87b3-331384ed5f17') on conflict do nothing;
insert into public.curriculum_lesson_standards (lesson_id, standard_id) values ('5ce531bd-8a2b-5f47-afff-eb9b4a131917', 'bb7f7238-5cb7-5e0f-a262-bbcee2656aa3') on conflict do nothing;
insert into public.curriculum_lessons (id, library_id, sequence_index, source_lesson_code, title, objective) values ('d181e08f-ef08-50ce-8183-9a6dcf151078', '42512171-9c1e-537b-b13c-9799aca71579', 89, '10.06', '10.06: Models for Nonlinear Data', 'Let''s find best-fit curves for curved data.') on conflict (library_id, sequence_index) do update set source_lesson_code = excluded.source_lesson_code, title = excluded.title, objective = excluded.objective;
insert into public.curriculum_lesson_standards (lesson_id, standard_id) values ('d181e08f-ef08-50ce-8183-9a6dcf151078', '20b7116d-a4af-55ca-b177-522b4f13c6f1') on conflict do nothing;
insert into public.curriculum_lesson_standards (lesson_id, standard_id) values ('d181e08f-ef08-50ce-8183-9a6dcf151078', '66228d02-f086-5471-9815-b707378d4887') on conflict do nothing;
insert into public.curriculum_lessons (id, library_id, sequence_index, source_lesson_code, title, objective) values ('8269de48-7f4e-5a28-ba12-5c3546928dd3', 'ebcdd3cd-bf22-5699-a207-1b3d8351b4c7', 89, '8.06', '8.06: Volume With Cross Sections', 'Let''s find volume using known geometric slices.') on conflict (library_id, sequence_index) do update set source_lesson_code = excluded.source_lesson_code, title = excluded.title, objective = excluded.objective;
insert into public.curriculum_lesson_standards (lesson_id, standard_id) values ('8269de48-7f4e-5a28-ba12-5c3546928dd3', 'c3cf0bf9-6fd8-5de1-b28f-00f636838ffb') on conflict do nothing;
insert into public.curriculum_lesson_standards (lesson_id, standard_id) values ('8269de48-7f4e-5a28-ba12-5c3546928dd3', 'a749e181-99b9-59a3-8e9c-ab0277235923') on conflict do nothing;
insert into public.curriculum_lessons (id, library_id, sequence_index, source_lesson_code, title, objective) values ('2923613b-0e16-5168-9417-a09962ff5c88', '3db67302-f293-5cab-95c6-32c38c3d1ae5', 89, '11.05', '11.05: Significance Tests for a Mean Difference', 'Let''s test for differences in paired data.') on conflict (library_id, sequence_index) do update set source_lesson_code = excluded.source_lesson_code, title = excluded.title, objective = excluded.objective;
insert into public.curriculum_lesson_standards (lesson_id, standard_id) values ('2923613b-0e16-5168-9417-a09962ff5c88', '7daa63db-3465-5d63-8057-fb9a00e3d842') on conflict do nothing;
insert into public.curriculum_lesson_standards (lesson_id, standard_id) values ('2923613b-0e16-5168-9417-a09962ff5c88', 'bb7f7238-5cb7-5e0f-a262-bbcee2656aa3') on conflict do nothing;
insert into public.curriculum_lessons (id, library_id, sequence_index, source_lesson_code, title, objective) values ('d7bde0ed-860d-5c2e-b659-ee93a19b5c53', '42512171-9c1e-537b-b13c-9799aca71579', 90, 'Review 10.04-10.06', 'Review 10.04-10.06', 'Let''s review scatterplots, residuals, and data modeling.') on conflict (library_id, sequence_index) do update set source_lesson_code = excluded.source_lesson_code, title = excluded.title, objective = excluded.objective;
insert into public.curriculum_lessons (id, library_id, sequence_index, source_lesson_code, title, objective) values ('83672425-4f46-5954-a4a9-8909144f4d51', 'ebcdd3cd-bf22-5699-a207-1b3d8351b4c7', 90, '8.06', '8.06: Volume With Cross Sections (Part 2)', 'Let''s solve volume problems for different bases.') on conflict (library_id, sequence_index) do update set source_lesson_code = excluded.source_lesson_code, title = excluded.title, objective = excluded.objective;
insert into public.curriculum_lesson_standards (lesson_id, standard_id) values ('83672425-4f46-5954-a4a9-8909144f4d51', 'a749e181-99b9-59a3-8e9c-ab0277235923') on conflict do nothing;
insert into public.curriculum_lessons (id, library_id, sequence_index, source_lesson_code, title, objective) values ('c24073f2-4fe5-5eb4-8341-e05e2cf1e9dd', '3db67302-f293-5cab-95c6-32c38c3d1ae5', 90, 'Review 11.01-11.05', 'Review 11.01-11.05', 'Let''s review all t-tests for population means.') on conflict (library_id, sequence_index) do update set source_lesson_code = excluded.source_lesson_code, title = excluded.title, objective = excluded.objective;
insert into public.curriculum_lessons (id, library_id, sequence_index, source_lesson_code, title, objective) values ('d2b6e7a0-f2e4-5a7a-82e3-8a78d1438fcf', '42512171-9c1e-537b-b13c-9799aca71579', 91, '10.07', '10.07: Probability Models and Rules', 'Let''s calculate the likelihood of specific events.') on conflict (library_id, sequence_index) do update set source_lesson_code = excluded.source_lesson_code, title = excluded.title, objective = excluded.objective;
insert into public.curriculum_lesson_standards (lesson_id, standard_id) values ('d2b6e7a0-f2e4-5a7a-82e3-8a78d1438fcf', '54d9e7c4-1927-58af-a452-144dba81d49f') on conflict do nothing;
insert into public.curriculum_lesson_standards (lesson_id, standard_id) values ('d2b6e7a0-f2e4-5a7a-82e3-8a78d1438fcf', 'f8cbe9f8-8f83-575e-8210-f0c87efa151a') on conflict do nothing;
insert into public.curriculum_lessons (id, library_id, sequence_index, source_lesson_code, title, objective) values ('6ee09c02-f00b-5e10-a56b-4af611cf385e', 'ebcdd3cd-bf22-5699-a207-1b3d8351b4c7', 91, '8.07', '8.07: Volume Using Disks', 'Let''s rotate regions around a flat axis.') on conflict (library_id, sequence_index) do update set source_lesson_code = excluded.source_lesson_code, title = excluded.title, objective = excluded.objective;
insert into public.curriculum_lesson_standards (lesson_id, standard_id) values ('6ee09c02-f00b-5e10-a56b-4af611cf385e', '79e14a11-906e-51ab-9e2e-67f77191e8c1') on conflict do nothing;
insert into public.curriculum_lessons (id, library_id, sequence_index, source_lesson_code, title, objective) values ('1b1826d6-ff5d-5575-ac60-86f372736df5', '3db67302-f293-5cab-95c6-32c38c3d1ae5', 91, '12.01', '12.01: Introduction to Chi-Square Tests', 'Let''s measure how observed counts differ.') on conflict (library_id, sequence_index) do update set source_lesson_code = excluded.source_lesson_code, title = excluded.title, objective = excluded.objective;
insert into public.curriculum_lesson_standards (lesson_id, standard_id) values ('1b1826d6-ff5d-5575-ac60-86f372736df5', '935a2629-0a42-5aeb-9e3c-6371d1461727') on conflict do nothing;
insert into public.curriculum_lessons (id, library_id, sequence_index, source_lesson_code, title, objective) values ('f453a062-779f-5dcd-8320-78fb0f32f357', '42512171-9c1e-537b-b13c-9799aca71579', 92, '10.08', '10.08: Probability Using Two-Way Tables', 'Let''s find probability from organized data categories.') on conflict (library_id, sequence_index) do update set source_lesson_code = excluded.source_lesson_code, title = excluded.title, objective = excluded.objective;
insert into public.curriculum_lesson_standards (lesson_id, standard_id) values ('f453a062-779f-5dcd-8320-78fb0f32f357', 'ebd14688-cea6-56ee-9a98-ea0356884cba') on conflict do nothing;
insert into public.curriculum_lesson_standards (lesson_id, standard_id) values ('f453a062-779f-5dcd-8320-78fb0f32f357', '22351271-9563-5904-9d73-bae5f8c484f9') on conflict do nothing;
insert into public.curriculum_lessons (id, library_id, sequence_index, source_lesson_code, title, objective) values ('3e796d45-a36e-5785-ac2b-818049b03e0b', 'ebcdd3cd-bf22-5699-a207-1b3d8351b4c7', 92, '8.08', '8.08: Volume Using Washers', 'Let''s find volume for hollow rotated solids.') on conflict (library_id, sequence_index) do update set source_lesson_code = excluded.source_lesson_code, title = excluded.title, objective = excluded.objective;
insert into public.curriculum_lesson_standards (lesson_id, standard_id) values ('3e796d45-a36e-5785-ac2b-818049b03e0b', '9b37ac36-6f6e-5e09-87fc-a9664e8eb638') on conflict do nothing;
insert into public.curriculum_lesson_standards (lesson_id, standard_id) values ('3e796d45-a36e-5785-ac2b-818049b03e0b', '319c57e5-0a52-5a08-a6b1-6ec8260b7c1f') on conflict do nothing;
insert into public.curriculum_lesson_standards (lesson_id, standard_id) values ('3e796d45-a36e-5785-ac2b-818049b03e0b', '7fd9f036-145c-5c8a-aaf4-a3dedeb016a2') on conflict do nothing;
insert into public.curriculum_lessons (id, library_id, sequence_index, source_lesson_code, title, objective) values ('d5cb1ee5-a315-592b-ace3-9e3408b15207', '3db67302-f293-5cab-95c6-32c38c3d1ae5', 92, '12.02', '12.02: Chi-Square Test for Goodness of Fit', 'Let''s test one variable''s distribution shape.') on conflict (library_id, sequence_index) do update set source_lesson_code = excluded.source_lesson_code, title = excluded.title, objective = excluded.objective;
insert into public.curriculum_lesson_standards (lesson_id, standard_id) values ('d5cb1ee5-a315-592b-ace3-9e3408b15207', 'd4dc28ab-cb51-5b89-8cd5-6dff0a0d9742') on conflict do nothing;
insert into public.curriculum_lessons (id, library_id, sequence_index, source_lesson_code, title, objective) values ('6c6eaeee-49f0-5a63-8832-021900252121', '42512171-9c1e-537b-b13c-9799aca71579', 93, '10.09', '10.09: Probability Using Tree Diagrams', 'Let''s map out multi-step probability outcomes.') on conflict (library_id, sequence_index) do update set source_lesson_code = excluded.source_lesson_code, title = excluded.title, objective = excluded.objective;
insert into public.curriculum_lesson_standards (lesson_id, standard_id) values ('6c6eaeee-49f0-5a63-8832-021900252121', '93155b8f-6e11-533c-9c78-9745f4831cae') on conflict do nothing;
insert into public.curriculum_lesson_standards (lesson_id, standard_id) values ('6c6eaeee-49f0-5a63-8832-021900252121', 'f8cbe9f8-8f83-575e-8210-f0c87efa151a') on conflict do nothing;
insert into public.curriculum_lessons (id, library_id, sequence_index, source_lesson_code, title, objective) values ('0218fa40-a612-5a75-81b0-01fc9887bf6c', 'ebcdd3cd-bf22-5699-a207-1b3d8351b4c7', 93, 'Review 8.6-8.8', 'Review 8.6-8.8', 'Let''s review all methods for calculating volume.') on conflict (library_id, sequence_index) do update set source_lesson_code = excluded.source_lesson_code, title = excluded.title, objective = excluded.objective;
insert into public.curriculum_lessons (id, library_id, sequence_index, source_lesson_code, title, objective) values ('8cf3bbd8-eca5-505f-9f4e-171e9a1e3b24', '3db67302-f293-5cab-95c6-32c38c3d1ae5', 93, '12.03', '12.03: Chi-Square Test for Homogeneity', 'Let''s compare distributions across multiple populations.') on conflict (library_id, sequence_index) do update set source_lesson_code = excluded.source_lesson_code, title = excluded.title, objective = excluded.objective;
insert into public.curriculum_lesson_standards (lesson_id, standard_id) values ('8cf3bbd8-eca5-505f-9f4e-171e9a1e3b24', 'ebee2457-0fc9-5a5c-a2cf-d86595956689') on conflict do nothing;
insert into public.curriculum_lessons (id, library_id, sequence_index, source_lesson_code, title, objective) values ('cf8b36fe-5d55-5ccc-935e-f49260626eb7', '42512171-9c1e-537b-b13c-9799aca71579', 94, 'Review 10.07-10.09', 'Review 10.07-10.09', 'Let''s review probability rules and visual models.') on conflict (library_id, sequence_index) do update set source_lesson_code = excluded.source_lesson_code, title = excluded.title, objective = excluded.objective;
insert into public.curriculum_lessons (id, library_id, sequence_index, source_lesson_code, title, objective) values ('8dfc0bba-9acf-5d0a-9072-80b4d39f2919', '3db67302-f293-5cab-95c6-32c38c3d1ae5', 94, '12.04', '12.04: Chi-Square Test for Independence', 'Let''s test association between two categorical variables.') on conflict (library_id, sequence_index) do update set source_lesson_code = excluded.source_lesson_code, title = excluded.title, objective = excluded.objective;
insert into public.curriculum_lesson_standards (lesson_id, standard_id) values ('8dfc0bba-9acf-5d0a-9072-80b4d39f2919', '8d955bcd-2681-504b-a0e9-46b21628a0dd') on conflict do nothing;
insert into public.curriculum_lessons (id, library_id, sequence_index, source_lesson_code, title, objective) values ('e3e72f8a-77a7-57e9-a80a-17a678eb3410', '42512171-9c1e-537b-b13c-9799aca71579', 95, '10.10', '10.10: Random Sampling', 'Let''s pick unbiased groups for statistical study.') on conflict (library_id, sequence_index) do update set source_lesson_code = excluded.source_lesson_code, title = excluded.title, objective = excluded.objective;
insert into public.curriculum_lesson_standards (lesson_id, standard_id) values ('e3e72f8a-77a7-57e9-a80a-17a678eb3410', 'be0ec2db-d454-57c8-80a7-521c316650fb') on conflict do nothing;
insert into public.curriculum_lessons (id, library_id, sequence_index, source_lesson_code, title, objective) values ('a79ef2cd-1b46-53b1-8688-e6a3fbe837fc', '3db67302-f293-5cab-95c6-32c38c3d1ae5', 95, 'Review 12.01-12.04', 'Review 12.01-12.04', 'Let''s review all Chi-Square testing procedures.') on conflict (library_id, sequence_index) do update set source_lesson_code = excluded.source_lesson_code, title = excluded.title, objective = excluded.objective;
insert into public.curriculum_lessons (id, library_id, sequence_index, source_lesson_code, title, objective) values ('a7b5cd08-d999-549b-8e04-1d0ed46a5df0', '42512171-9c1e-537b-b13c-9799aca71579', 96, '10.11', '10.11: Margin of Error', 'Let''s estimate the accuracy of statistical results.') on conflict (library_id, sequence_index) do update set source_lesson_code = excluded.source_lesson_code, title = excluded.title, objective = excluded.objective;
insert into public.curriculum_lesson_standards (lesson_id, standard_id) values ('a7b5cd08-d999-549b-8e04-1d0ed46a5df0', '0830820e-87de-564f-ac81-b048e336b97d') on conflict do nothing;
insert into public.curriculum_lessons (id, library_id, sequence_index, source_lesson_code, title, objective) values ('ac338396-1ade-5a0d-a5e7-fa6ace45b8ff', '3db67302-f293-5cab-95c6-32c38c3d1ae5', 96, '13.01', '13.01: Sampling Distribution of Slope', 'Let''s see how regression slopes vary.') on conflict (library_id, sequence_index) do update set source_lesson_code = excluded.source_lesson_code, title = excluded.title, objective = excluded.objective;
insert into public.curriculum_lesson_standards (lesson_id, standard_id) values ('ac338396-1ade-5a0d-a5e7-fa6ace45b8ff', '705fa51a-dcdd-59c6-be3a-975888946117') on conflict do nothing;
insert into public.curriculum_lesson_standards (lesson_id, standard_id) values ('ac338396-1ade-5a0d-a5e7-fa6ace45b8ff', '0a8f03c6-75e2-5c3c-907c-cce81d7eb5d5') on conflict do nothing;
insert into public.curriculum_lessons (id, library_id, sequence_index, source_lesson_code, title, objective) values ('e6d0836a-66a9-583d-b75d-201cd99524f9', '42512171-9c1e-537b-b13c-9799aca71579', 97, '10.12', '10.12: Observational Studies and Experiments', 'Let''s compare different types of data collection.') on conflict (library_id, sequence_index) do update set source_lesson_code = excluded.source_lesson_code, title = excluded.title, objective = excluded.objective;
insert into public.curriculum_lesson_standards (lesson_id, standard_id) values ('e6d0836a-66a9-583d-b75d-201cd99524f9', '27c67686-4af5-58d3-9f0c-3c7206ca42e1') on conflict do nothing;
insert into public.curriculum_lesson_standards (lesson_id, standard_id) values ('e6d0836a-66a9-583d-b75d-201cd99524f9', '639da55b-232c-572d-838f-521b9b6e3469') on conflict do nothing;
insert into public.curriculum_lessons (id, library_id, sequence_index, source_lesson_code, title, objective) values ('23a823e3-efcc-595c-9762-1a4210442c95', '3db67302-f293-5cab-95c6-32c38c3d1ae5', 97, '13.02', '13.02: Confidence Intervals for Slope', 'Let''s estimate the true population slope.') on conflict (library_id, sequence_index) do update set source_lesson_code = excluded.source_lesson_code, title = excluded.title, objective = excluded.objective;
insert into public.curriculum_lesson_standards (lesson_id, standard_id) values ('23a823e3-efcc-595c-9762-1a4210442c95', '68182baf-c867-54cd-87e3-0061452e014c') on conflict do nothing;
insert into public.curriculum_lesson_standards (lesson_id, standard_id) values ('23a823e3-efcc-595c-9762-1a4210442c95', '0a8f03c6-75e2-5c3c-907c-cce81d7eb5d5') on conflict do nothing;
insert into public.curriculum_lessons (id, library_id, sequence_index, source_lesson_code, title, objective) values ('63a8aef3-b28a-5e10-9aa0-20fc60774fb5', '42512171-9c1e-537b-b13c-9799aca71579', 98, '10.13', '10.13: Random Sample and Random Assignment', 'Let''s distinguish between selecting and grouping subjects.') on conflict (library_id, sequence_index) do update set source_lesson_code = excluded.source_lesson_code, title = excluded.title, objective = excluded.objective;
insert into public.curriculum_lesson_standards (lesson_id, standard_id) values ('63a8aef3-b28a-5e10-9aa0-20fc60774fb5', '27c67686-4af5-58d3-9f0c-3c7206ca42e1') on conflict do nothing;
insert into public.curriculum_lessons (id, library_id, sequence_index, source_lesson_code, title, objective) values ('8977a5e8-9909-5cc4-81dd-c90b056ca758', '3db67302-f293-5cab-95c6-32c38c3d1ae5', 98, '13.03', '13.03: Significance Tests for Slope', 'Let''s test for a linear relationship.') on conflict (library_id, sequence_index) do update set source_lesson_code = excluded.source_lesson_code, title = excluded.title, objective = excluded.objective;
insert into public.curriculum_lesson_standards (lesson_id, standard_id) values ('8977a5e8-9909-5cc4-81dd-c90b056ca758', '44f2029b-7709-52af-9ffa-964b99cbc6e7') on conflict do nothing;
insert into public.curriculum_lesson_standards (lesson_id, standard_id) values ('8977a5e8-9909-5cc4-81dd-c90b056ca758', '0a8f03c6-75e2-5c3c-907c-cce81d7eb5d5') on conflict do nothing;
insert into public.curriculum_lessons (id, library_id, sequence_index, source_lesson_code, title, objective) values ('f8266e9d-5f05-518a-ab1b-34b0c725d091', '42512171-9c1e-537b-b13c-9799aca71579', 99, 'Review 10.10-10.13', 'Review 10.10-10.13', 'Let''s review sampling methods and experimental design.') on conflict (library_id, sequence_index) do update set source_lesson_code = excluded.source_lesson_code, title = excluded.title, objective = excluded.objective;
insert into public.curriculum_lessons (id, library_id, sequence_index, source_lesson_code, title, objective) values ('a6c9213b-3f12-5aba-bd5a-ef3a41ebce7c', '3db67302-f293-5cab-95c6-32c38c3d1ae5', 99, 'Review 13.01-13.03', 'Review 13.01-13.03', 'Let''s review all inference for linear regression.') on conflict (library_id, sequence_index) do update set source_lesson_code = excluded.source_lesson_code, title = excluded.title, objective = excluded.objective;

commit;
